applicant_id,first_name,last_name,age,gender,county_id,education_level,email
APP00001,Sharon,Wambui,33,   female,C001,Bachelor's,sharonwambuiapp00001@gmail.com
APP00002,Irene,Barasa,23,Female,C002,Diploma,irenebarasaapp00002@gmail.com
APP00003,Faith,Maina,30,Female,C007,Diploma,faithmainaapp00003@gmail.com
APP00004,Rose,Ndungu,29,Female,C008,Master's,rosendunguapp00004@gmail.com
APP00005,Jackline,Munyao,18,Female,C007,,jacklinemunyaoapp00005@gmail.com
APP00006,     Patrick,Musyoka,18, Male,C009,KCSE,patrickmusyokaapp00006@outlook.com
APP00007,Halima,Mutua,32,Female,C007,Bachelor's,halimamutuaapp00007@gmail.com
APP00008,Caroline,Kiptoo,20,female,C008,,carolinekiptooapp00008@gmail.com
APP00009,Dorcas,      Munyao,24,Female,C008,KCSE,dorcasmunyaoapp00009@gmail.com
APP00010,Halima,Khalfan,19,Female,C009,KCSE,halimakhalfanapp00010@gmail.com
APP00011,Halima        ,Kiptoo,27,Female,C005,Certificate,halimakiptooapp00011@outlook.com
APP00012,Kelvin,Chebet,22,male,C008,KCSE,kelvinchebetapp00012@gmail.com
APP00013,Purity,Wambui,18,   Female,C005,Diploma,puritywambuiapp00013@gmail.com
APP00014,Esther,Kariuki,31,Female,C001,Master's,estherkariukiapp00014@gmail.com
APP00015,Irene,      Makena,23,Female,C007,Diploma,irenemakenaapp00015@gmail.com
APP00016,Mercy,Otieno,18,Female,C002,KCSE,mercyotienoapp00016@gmail.com
APP00017,Edna,      Makena,26,Female,C001,Certificate,ednamakenaapp00017@outlook.com
APP00018,Mary,Musyoka,32,Female,C003,Bachelor's,marymusyokaapp00018@yahoo.com
APP00019,Joy,Chebet,27,Female,C006,Diploma,joychebetapp00019@gmail.com
APP00020,Esther,Nyongesa,25,Female,C007,,esthernyongesaapp00020@gmail.com
APP00021,Grace,Odhiambo,22,Female,C006,KCSE,graceodhiamboapp00021@gmail.com
APP00022,Joy,Rotich,20,Female,C001,KCSE,joyrotichapp00022@gmail.com
APP00023,Janet,Odhiambo,25,   female,C007,Certificate,janetodhiamboapp00023@gmail.com
APP00024,Rose,Njoroge,24,Female,C004,KCSE,rosenjorogeapp00024@gmail.com
APP00025,Brenda,Munyao,25,Female,C002,Certificate,brendamunyaoapp00025@outlook.com
APP00026,Amina,Njoroge,26,Female,C001,Diploma,aminanjorogeapp00026@gmail.com
APP00027,Esther,Munyao,24,Female,C007,Bachelor's,esthermunyaoapp00027@yahoo.com
APP00028,Paul,Abdalla,25,Male,C009,KCSE,paulabdallaapp00028@gmail.com
APP00029,Sharon,Makena,24,Female,C003,KCSE,sharonmakenaapp00029@gmail.com
APP00030,Mary,Nyongesa,24, Female,C006,Diploma,marynyongesaapp00030@gmail.com
APP00031,Ann,Barasa,35,Female,C007,Bachelor's,annbarasaapp00031@yahoo.com
APP00032,Fatma,Kiptoo,23,Female,C006,Certificate,fatmakiptooapp00032@gmail.com
APP00033,Mercy,Mwangi,19,Female,C009,Certificate,mercymwangiapp00033@gmail.com
APP00034,Lydia,Maina,25,Female,C008,Diploma,lydiamainaapp00034@gmail.com
APP00035,Amina,Kariuki,25,female,C001,KCSE,aminakariukiapp00035@gmail.com
APP00036,Joy,Njoroge,29,Female,C007,Bachelor's,joynjorogeapp00036@gmail.com
APP00037,Grace,Abdalla,24,Female,C001,Diploma,graceabdallaapp00037@gmail.com
APP00038,Peter,Khalfan,34,Male,C002,Bachelor's,peterkhalfanapp00038@yahoo.com
APP00039,Dorcas,Odhiambo,34,Female,C007,Bachelor's,dorcasodhiamboapp00039@gmail.com
APP00040,Diana,Chebet,25,Female,C006,Diploma,dianachebetapp00040@gmail.com
APP00041,Naomi,Otieno,22,Female,C004,KCSE,naomiotienoapp00041@gmail.com
APP00042,Brenda,Abdalla,18,   female,C005,KCSE,brendaabdallaapp00042@gmail.com
APP00043,Caroline,Khalfan,26,Female,C009,Bachelor's,carolinekhalfanapp00043@gmail.com
APP00044,Amina,Juma,24,Female,C001,Diploma,aminajumaapp00044@gmail.com
APP00045,Diana,Barasa,30,Female,C001,Bachelor's,dianabarasaapp00045@gmail.com
APP00046,Beatrice,Otieno,25,Female,C008,KCSE,beatriceotienoapp00046@yahoo.com
APP00047,Eunice,Kiptoo,30,female,C009,Bachelor's,eunicekiptooapp00047@gmail.com
APP00048,Ann,Gitau,32,    female,C001,Diploma,anngitauapp00048@gmail.com
APP00049,Beatrice,Mohamed,23,Female,C003,Diploma,beatricemohamedapp00049@gmail.com
APP00050,Fatma,Musyoka,32,   Female,C001,Diploma,fatmamusyokaapp00050@gmail.com
APP00051,Fatma,Otieno,25,Female,C001,Certificate,fatmaotienoapp00051@gmail.com
APP00052,Purity,Mwangi,32,Female      ,C001,Bachelor's,puritymwangiapp00052@gmail.com
APP00053,Ann,Ouma,24,Female,C008,Diploma,annoumaapp00053@yahoo.com
APP00054,Janet,Maina,23,Female,C004,Certificate,janetmainaapp00054@gmail.com
APP00055,Christine,Abdalla,21,Female,C004,KCSE,christineabdallaapp00055@gmail.com
APP00056,Edna,Wambui,25,Female,C003,KCSE,ednawambuiapp00056@gmail.com
APP00057,Sharon,Ndungu,20,Female,C008,KCSE,sharonndunguapp00057@yahoo.com
APP00058,Janet,Musyoka,28,Female,C009,Bachelor's,janetmusyokaapp00058@gmail.com
APP00059,Beatrice,Muli,27,Female,C001,Certificate,beatricemuliapp00059@yahoo.com
APP00060,Faith,Barasa,24,Female,C004,Bachelor's,faithbarasaapp00060@gmail.com
APP00061,Mary,Barasa,27,Female,C008,Bachelor's,marybarasaapp00061@gmail.com
APP00062,Irene,Otieno,20,Female,C005,KCSE,ireneotienoapp00062@gmail.com
APP00063,Daniel,Odhiambo,18,male         ,C005,KCSE,danielodhiamboapp00063@gmail.com
APP00064,Rose,Khalfan,25,Female,C009,Diploma,rosekhalfanapp00064@gmail.com
APP00065,Mary,Ouma,19,Female,C003,Certificate,maryoumaapp00065@gmail.com
APP00066,Grace,Ndungu,20,Female,C001,KCSE,gracendunguapp00066@yahoo.com
APP00067,Martin,Makena,29,Male,C006,Diploma,martinmakenaapp00067@gmail.com
APP00068,Sharon,Mutua,18,Female,C007,Diploma,sharonmutuaapp00068@gmail.com
APP00069,Caroline,Gitau,18,Female,C003,KCSE,carolinegitauapp00069@gmail.com
APP00070,Rose,Kiptoo,23,Female,C002,Diploma,rosekiptooapp00070@gmail.com
APP00071,Eunice,Njoroge,34,Female,C002,Bachelor's,eunicenjorogeapp00071@yahoo.com
APP00072,Gladys,Chebet,20,Female,C001,KCSE,gladyschebetapp00072@outlook.com
APP00073,Diana,Mohamed,18,Female,C001,KCSE,dianamohamedapp00073@outlook.com
APP00074,Grace,Makena,18,Female,C004,Certificate,gracemakenaapp00074@yahoo.com
APP00075,Dorcas,Odhiambo,18,Female,C001,KCSE,dorcasodhiamboapp00075@hotmail.com
APP00076,Victor,Nyambura,21,Male,C009,KCSE,victornyamburaapp00076@gmail.com
APP00077,Victor,Abdalla,21,Male,C002,Diploma,victorabdallaapp00077@gmail.com
APP00078,Esther,Chebet,22,female,C008,KCSE,estherchebetapp00078@gmail.com
APP00079,Dennis,Mutua,18,male,C006,KCSE,dennismutuaapp00079@gmail.com
APP00080,Fatma,Koech,20,Female,C008,Diploma,fatmakoechapp00080@gmail.com
APP00081,Sharon,Omondi,20,Female,C001,KCSE,sharonomondiapp00081@gmail.com
APP00082,Jackline,Omondi,18,Female,C006,KCSE,jacklineomondiapp00082@yahoo.com
APP00083,Naomi,Ouma,27,Female,C001,Certificate,naomioumaapp00083@gmail.com
APP00084,Joy,Mohamed,20,Female,C005,KCSE,joymohamedapp00084@outlook.com
APP00085,Mary,Njoroge,20,Female,C009,KCSE,marynjorogeapp00085@gmail.com
APP00086,Edna,Maina,21,Female,C009,Certificate,ednamainaapp00086@gmail.com
APP00087,Victor,Ndungu,23,Male,C001,Certificate,victorndunguapp00087@gmail.com
APP00088,Caroline,Koech,25,Female,C002,Bachelor's,carolinekoechapp00088@gmail.com
APP00089,Caroline,Musyoka,19,Female,C009,KCSE,carolinemusyokaapp00089@gmail.com
APP00090,Gladys,Njoroge,20,Female,C008,Certificate,gladysnjorogeapp00090@gmail.com
APP00091,Mercy,Abdalla,22,Female,C001,KCSE,mercyabdallaapp00091@gmail.com
APP00092,Joy,Nyongesa,35,Female,C004,Diploma,joynyongesaapp00092@outlook.com
APP00093,Jackline,Otieno,23,Female,C008,Bachelor's,jacklineotienoapp00093@gmail.com
APP00094,Faith,Ali,23,Female,C003,Certificate,faithaliapp00094@yahoo.com
APP00095,Lydia,Abdalla,18,Female,C001,Certificate,lydiaabdallaapp00095@gmail.com
APP00096,Lydia,Mohamed,21,Female,C008,,lydiamohamedapp00096@gmail.com
APP00097,Grace,Odhiambo,25,Female,C006,KCSE,graceodhiamboapp00097@yahoo.com
APP00098,Ann,Gitau,25,Female,C007,Bachelor's,anngitauapp00098@outlook.com
APP00099,Amina,Makena,22,Female,C006,KCSE,aminamakenaapp00099@hotmail.com
APP00100,Faith,Kamau,31,Female,C007,Diploma,faithkamauapp00100@gmail.com
APP00101,Janet,Ouma,31,Female,C007,Diploma,janetoumaapp00101@outlook.com
APP00102,Brenda,Munyao,18,Female,C003,,brendamunyaoapp00102@gmail.com
APP00103,Rose,Omondi,31,Female,C001,Bachelor's,roseomondiapp00103@gmail.com
APP00104,Faith,Otieno,28,Female,C004,Bachelor's,faithotienoapp00104@gmail.com
APP00105,Faith,Koech,26,Female,C002,KCSE,faithkoechapp00105@gmail.com
APP00106,Amina,Chebet,24,Female,C008,KCSE,aminachebetapp00106@outlook.com
APP00107,Purity,Ali,32,Female,C009,Bachelor's,purityaliapp00107@gmail.com
APP00108,Zainab,Njoroge,21,Female,C009,KCSE,zainabnjorogeapp00108@gmail.com
APP00109,Purity,Maina,20,Female,C004,KCSE,puritymainaapp00109@gmail.com
APP00110,Grace,Juma,30,Female,C009,Bachelor's,gracejumaapp00110@gmail.com
APP00111,Jackline,Odhiambo,31,Female,C002,Bachelor's,jacklineodhiamboapp00111@gmail.com
APP00112,Eunice,Otieno,28,Female,C007,Bachelor's,euniceotienoapp00112@outlook.com
APP00113,Rose,Mohamed,31,Female,C009,Diploma,rosemohamedapp00113@gmail.com
APP00114,Caroline,Ali,26,Female,C009,Certificate,carolinealiapp00114@gmail.com
APP00115,Irene,Kariuki,18,Female,C001,KCSE,irenekariukiapp00115@gmail.com
APP00116,Aisha,Wambui,20,Female,C009,KCSE,aishawambuiapp00116@gmail.com
APP00117,Aisha,Abdalla,23,Female,C007,Diploma,aishaabdallaapp00117@gmail.com
APP00118,Irene,Nyongesa,30,Female,C001,Master's,irenenyongesaapp00118@gmail.com
APP00119,Hellen,Kamau,20,Female,C003,KCSE,hellenkamauapp00119@gmail.com
APP00120,Victor,Ndungu,34,Male,C007,Bachelor's,victorndunguapp00120@yahoo.com
APP00121,Caroline,Khalfan,18,Female,C009,KCSE,carolinekhalfanapp00121@yahoo.com
APP00122,Sharon,Chebet,26,Female,C004,KCSE,sharonchebetapp00122@gmail.com
APP00123,Brian,Juma,22,Male,C009,KCSE,brianjumaapp00123@gmail.com
APP00124,Caroline,Khalfan,24,Female,C007,Diploma,carolinekhalfanapp00124@gmail.com
APP00125,Esther,Nyongesa,29,Female,C006,Diploma,esthernyongesaapp00125@gmail.com
APP00126,Lydia,Ndungu,27,Female,C001,Diploma,lydiandunguapp00126@gmail.com
APP00127,Aisha,Nyongesa,34,Female,C003,Bachelor's,aishanyongesaapp00127@gmail.com
APP00128,Charles,Khalfan,21,Male,C007,Diploma,charleskhalfanapp00128@gmail.com
APP00129,Christine,Maina,25,Female,C009,Certificate,christinemainaapp00129@gmail.com
APP00130,Paul,Otieno,26,Male,C001,Bachelor's,paulotienoapp00130@gmail.com
APP00131,Rose,Kamau,21,Female,C001,KCSE,rosekamauapp00131@gmail.com
APP00132,Ann,Gitau,25,Female,C007,Certificate,anngitauapp00132@gmail.com
APP00133,Dennis,Kariuki,24,Male,C009,KCSE,denniskariukiapp00133@gmail.com
APP00134,Edna,Maina,26,Female,C004,Certificate,ednamainaapp00134@gmail.com
APP00135,Rose,Munyao,27,Female,C006,KCSE,rosemunyaoapp00135@gmail.com
APP00136,Aisha,Musyoka,27,Female,C001,Diploma,aishamusyokaapp00136@gmail.com
APP00137,Irene,Gitau,27,Female,C001,Certificate,irenegitauapp00137@gmail.com
APP00138,Rose,Wanjiku,18,Female,C006,KCSE,rosewanjikuapp00138@gmail.com
APP00139,Christine,Ali,26,Female,C009,,christinealiapp00139@yahoo.com
APP00140,Beatrice,Otieno,27,Female,C008,Diploma,beatriceotienoapp00140@gmail.com
APP00141,Sharon,Otieno,18,Female,C007,Diploma,sharonotienoapp00141@gmail.com
APP00142,Collins,Barasa,25,Male,C001,Certificate,collinsbarasaapp00142@gmail.com
APP00143,Brenda,Kiptoo,19,Female,C004,KCSE,brendakiptooapp00143@gmail.com
APP00144,Purity,Wanjiku,21,Female,C003,Certificate,puritywanjikuapp00144@gmail.com
APP00145,Naomi,Mohamed,25,Female,C001,,naomimohamedapp00145@gmail.com
APP00146,Kennedy,Juma,31,Male,C004,Bachelor's,kennedyjumaapp00146@gmail.com
APP00147,Halima,Rotich,23,Female,C007,Certificate,halimarotichapp00147@gmail.com
APP00148,Jackline,Koech,27,Female,C009,Diploma,jacklinekoechapp00148@gmail.com
APP00149,Caroline,Odhiambo,26,Female,C007,Certificate,carolineodhiamboapp00149@gmail.com
APP00150,Sharon,Barasa,31,Female,C006,Bachelor's,sharonbarasaapp00150@gmail.com
APP00151,Sharon,Rotich,22,Female,C002,Certificate,sharonrotichapp00151@gmail.com
APP00152,Joy,Otieno,18,Female,C001,KCSE,joyotienoapp00152@gmail.com
APP00153,Grace,Wambui,21,Female,C003,Diploma,gracewambuiapp00153@outlook.com
APP00154,Fatma,Njoroge,18,Female,C001,KCSE,fatmanjorogeapp00154@gmail.com
APP00155,Ann,Rotich,23,Female,C001,Diploma,annrotichapp00155@gmail.com
APP00156,Halima,Njoroge,20,Female,C008,KCSE,halimanjorogeapp00156@yahoo.com
APP00157,Hassan,Khalfan,19,Male,C003,Certificate,hassankhalfanapp00157@gmail.com
APP00158,Joy,Barasa,19,Female,C007,KCSE,joybarasaapp00158@gmail.com
APP00159,Rose,Kiptoo,20,Female,C001,Diploma,rosekiptooapp00159@gmail.com
APP00160,Rose,Nyongesa,26,Female,C008,Certificate,rosenyongesaapp00160@gmail.com
APP00161,Mercy,Musyoka,24,Female,C007,Diploma,mercymusyokaapp00161@gmail.com
APP00162,Beatrice,Nyongesa,29,Female,C007,Bachelor's,beatricenyongesaapp00162@yahoo.com
APP00163,Eunice,Abdalla,18,Female,C004,KCSE,euniceabdallaapp00163@gmail.com
APP00164,Fatma,Barasa,20,Female,C001,KCSE,fatmabarasaapp00164@gmail.com
APP00165,Fatma,Kamau,31,Female,C005,Bachelor's,fatmakamauapp00165@gmail.com
APP00166,Halima,Mwangi,21,Female,C006,KCSE,halimamwangiapp00166@gmail.com
APP00167,Edna,Odhiambo,18,Female,C008,KCSE,ednaodhiamboapp00167@gmail.com
APP00168,Dorcas,Maina,26,Female,C005,Diploma,dorcasmainaapp00168@yahoo.com
APP00169,Mary,Makena,24,Female,C008,Certificate,marymakenaapp00169@gmail.com
APP00170,Faith,Chebet,19,Female,C001,KCSE,faithchebetapp00170@gmail.com
APP00171,Janet,Wanjiku,22,Female,C007,KCSE,janetwanjikuapp00171@gmail.com
APP00172,Hellen,Mutua,19,Female,C001,Certificate,hellenmutuaapp00172@gmail.com
APP00173,Beatrice,Kamau,19,Female,C008,KCSE,beatricekamauapp00173@gmail.com
APP00174,Mercy,Kariuki,26,Female,C003,KCSE,mercykariukiapp00174@gmail.com
APP00175,   Brenda,Barasa,22,Female,C007,Diploma,brendabarasaapp00175@outlook.com
APP00176,Caroline,Mwangi    ,19,Female,C007,Certificate,carolinemwangiapp00176@gmail.com
APP00177,Janet,Rotich,23,Female,C008,Certificate,janetrotichapp00177@gmail.com
APP00178,Brenda,Wanjiku,27,Female,C008,Certificate,brendawanjikuapp00178@gmail.com
APP00179,Jackline,Mutua,25,Female,C001,KCSE,jacklinemutuaapp00179@yahoo.com
APP00180,Caroline,Omondi,19,Female,C008,KCSE,carolineomondiapp00180@hotmail.com
APP00181,Janet,Gitau,22,Female,C008,KCSE,janetgitauapp00181@gmail.com
APP00182,Hellen,Odhiambo,18,Female,C007,KCSE,hellenodhiamboapp00182@gmail.com
APP00183,Faith,Ouma,33,Female,C007,Bachelor's,faithoumaapp00183@gmail.com
APP00184,Diana,Koech,23,Female,C008,Bachelor's,dianakoechapp00184@yahoo.com
APP00185,Jackline,Barasa,25,Female,C008,Diploma,jacklinebarasaapp00185@gmail.com
APP00186,Collins,Odhiambo,27,Male,C004,Diploma,collinsodhiamboapp00186@gmail.com
APP00187,Lydia,Ali,21,Female,C006,Diploma,lydiaaliapp00187@yahoo.com
APP00188,Christine,Mwangi,20,Female,C005,,christinemwangiapp00188@gmail.com
APP00189,Halima,Mohamed,20,Female,C009,Certificate,halimamohamedapp00189@gmail.com
APP00190,Esther,Nyambura,18,Female,C009,Diploma,esthernyamburaapp00190@gmail.com
APP00191,Beatrice,Mwangi,33,Female,C005,Diploma,beatricemwangiapp00191@gmail.com
APP00192,Eunice,Ali,20,Female,C002,Certificate,eunicealiapp00192@gmail.com
APP00193,Eunice,Odhiambo,33,Female,C002,Bachelor's,euniceodhiamboapp00193@yahoo.com
APP00194,Mercy,Koech,20,Female,C005,KCSE,mercykoechapp00194@gmail.com
APP00195,Sharon,Gitau,23,Female,C001,Bachelor's,sharongitauapp00195@outlook.com
APP00196,Fatma,Gitau,23,Female,C007,Diploma,fatmagitauapp00196@gmail.com
APP00197,   Esther,Maina,28,Female,C007,Master's,esthermainaapp00197@gmail.com
APP00198,Janet,Juma,19,Female,C001,KCSE,janetjumaapp00198@outlook.com
APP00199,Jackline,Kamau,19,Female,C002,KCSE,jacklinekamauapp00199@gmail.com
APP00200,Fatma,Mohamed,28,Female,C007,Master's,fatmamohamedapp00200@yahoo.com
APP00201,Zainab,Mohamed,24,Female,C008,Certificate,zainabmohamedapp00201@gmail.com
APP00202,Mary,Makena,22,Female,C007,KCSE,marymakenaapp00202@outlook.com
APP00203,Eric,Muli,33,Male,C001,Master's,ericmuliapp00203@hotmail.com
APP00204,Beatrice,Ndungu,18,Female,C004,Diploma,beatricendunguapp00204@gmail.com
APP00205,Fatma,Gitau,23,Female,C003,Bachelor's,fatmagitauapp00205@gmail.com
APP00206,Jackline,Maina,30,Female,C006,Bachelor's,jacklinemainaapp00206@yahoo.com
APP00207,Lydia,Kariuki,21,Female,C006,KCSE,lydiakariukiapp00207@gmail.com
APP00208,Aisha,Kamau,20,Female,C009,,aishakamauapp00208@gmail.com
APP00209,Esther,Muli,24,Female,C008,Bachelor's,esthermuliapp00209@gmail.com
APP00210,Christine,Muli,18,Female,C003,KCSE,christinemuliapp00210@outlook.com
APP00211,Lydia,Ali,18,Female,C001,Diploma,lydiaaliapp00211@outlook.com
APP00212,Faith,Ndungu,22,Female,C002,KCSE,faithndunguapp00212@gmail.com
APP00213,Hellen,Odhiambo,23,Female,C007,Bachelor's,hellenodhiamboapp00213@outlook.com
APP00214,Christine,Khalfan,32,Female,C009,Master's,christinekhalfanapp00214@gmail.com
APP00215,Ann,Mutua,35,Female,C007,Master's,annmutuaapp00215@hotmail.com
APP00216,Gladys,Mohamed,25,Female,C001,Certificate,gladysmohamedapp00216@gmail.com
APP00217,Amina,Makena,27,Female,C007,Diploma,aminamakenaapp00217@gmail.com
APP00218,Edna,Barasa,20,Female,C006,KCSE,ednabarasaapp00218@outlook.com
APP00219,Joy,Otieno,22,Female,C004,Diploma,joyotienoapp00219@gmail.com
APP00220,Mercy,Nyambura,26,Female,C007,Bachelor's,mercynyamburaapp00220@gmail.com
APP00221,Halima,Mwangi,18,Female,C004,KCSE,halimamwangiapp00221@gmail.com
APP00222,Diana,Koech,28,Female,C007,Master's,dianakoechapp00222@hotmail.com
APP00223,Faith,Muli,18,Female,C009,KCSE,faithmuliapp00223@gmail.com
APP00224,Hellen,Koech,20,Female,C003,Diploma,hellenkoechapp00224@gmail.com
APP00225,Irene,Khalfan,29,Female,C001,Bachelor's,irenekhalfanapp00225@gmail.com
APP00226,Faith,Maina,25,Female,C001,Diploma,faithmainaapp00226@gmail.com
APP00227,Mary,Koech,22,Female,C009,KCSE,marykoechapp00227@gmail.com
APP00228,Christine,Kamau,25,Female,C003,Diploma,christinekamauapp00228@gmail.com
APP00229,Lydia,Odhiambo,22,Female,C001,Certificate,lydiaodhiamboapp00229@gmail.com
APP00230,Rose,Nyambura,22,Female,C006,KCSE,rosenyamburaapp00230@gmail.com
APP00231,Diana,Maina,18,Female,C001,Certificate,dianamainaapp00231@gmail.com
APP00232,Paul,Nyambura,18,Male,C001,KCSE,paulnyamburaapp00232@yahoo.com
APP00233,Esther,Koech,30,Female,C007,Diploma,estherkoechapp00233@gmail.com
APP00234,Eunice,Abdalla,24,Female,C006,,euniceabdallaapp00234@gmail.com
APP00235,Edna,Ouma,19,Female,C009,KCSE,ednaoumaapp00235@outlook.com
APP00236,Patrick,Ouma,23,Male,C001,Bachelor's,patrickoumaapp00236@yahoo.com
APP00237,Ann,Nyongesa,28,Female,C005,Master's,annnyongesaapp00237@outlook.com
APP00238,Jackline,Mohamed,22,Female,C008,Diploma,jacklinemohamedapp00238@gmail.com
APP00239,Paul,Otieno,21,Male,C007,KCSE,paulotienoapp00239@gmail.com
APP00240,Amina,Njoroge,23,Female,C001,Diploma,aminanjorogeapp00240@gmail.com
APP00241,Amina,Kiptoo,22,Female,C001,Certificate,aminakiptooapp00241@gmail.com
APP00242,    Beatrice,Abdalla,21,Female,C009,KCSE,beatriceabdallaapp00242@gmail.com
APP00243,Grace,Barasa,27,Female,C009,Certificate,gracebarasaapp00243@gmail.com
APP00244,Gladys,Maina,21,Female,C009,KCSE,gladysmainaapp00244@gmail.com
APP00245,Mary,Ouma,19,Female,C009,KCSE,maryoumaapp00245@outlook.com
APP00246,Jackline,Barasa,19,Female,C003,KCSE,jacklinebarasaapp00246@outlook.com
APP00247,Jackline,Nyongesa,22,Female,C005,Certificate,jacklinenyongesaapp00247@gmail.com
APP00248,Halima,Omondi,28,Female,C007,Bachelor's,halimaomondiapp00248@gmail.com
APP00249,Mary,Kamau,18,Female,C002,KCSE,marykamauapp00249@gmail.com
APP00250,Victor,Musyoka,27,Male,C001,Certificate,victormusyokaapp00250@gmail.com
APP00251,Amina,Omondi,33,Female,C009,Bachelor's,aminaomondiapp00251@gmail.com
APP00252,Joy,Odhiambo,30,Female,C003,Bachelor's,joyodhiamboapp00252@gmail.com
APP00253,Sharon,Koech,21,Female,C007,KCSE,sharonkoechapp00253@gmail.com
APP00254,Mohamed,Ndungu,21,Male,C009,KCSE,mohamedndunguapp00254@outlook.com
APP00255,Naomi,Muli,19,Female,C001,KCSE,naomimuliapp00255@outlook.com
APP00256,Eunice,Makena,23,Female,C001,Certificate,eunicemakenaapp00256@gmail.com
APP00257,Faith,Mohamed,26,Female,C008,Bachelor's,faithmohamedapp00257@gmail.com
APP00258,Brenda,Muli,25,Female,C004,KCSE,brendamuliapp00258@outlook.com
APP00259,Diana,Ndungu,34,Female,C003,Diploma,dianandunguapp00259@gmail.com
APP00260,Mercy,Nyongesa,26,Female,C008,Certificate,mercynyongesaapp00260@gmail.com
APP00261,Brenda,Omondi,26,Female,C006,Diploma,brendaomondiapp00261@gmail.com
APP00262,Ann,Ali,27,Female,C003,Diploma,annaliapp00262@gmail.com
APP00263,Janet,Wambui,20,Female,C003,KCSE,janetwambuiapp00263@gmail.com
APP00264,Naomi,Wanjiku,29,Female,C002,Bachelor's,naomiwanjikuapp00264@gmail.com
APP00265,Mercy,Musyoka,20,Female,C001,KCSE,mercymusyokaapp00265@gmail.com
APP00266,Gladys,Kariuki,35,Female,C001,Diploma,gladyskariukiapp00266@yahoo.com
APP00267,Zainab,Wambui,19,Female,C005,KCSE,zainabwambuiapp00267@gmail.com
APP00268,Grace,Koech,19,Female,C003,KCSE,gracekoechapp00268@gmail.com
APP00269,Sharon,Makena,35,Female,C001,Master's,sharonmakenaapp00269@gmail.com
APP00270,Naomi,Ndungu,19,Female,C009,KCSE,naomindunguapp00270@gmail.com
APP00271,Amina,Otieno,22,Female,C001,Certificate,aminaotienoapp00271@gmail.com
APP00272,Mercy,Kiptoo,30,Female,C003,Bachelor's,mercykiptooapp00272@yahoo.com
APP00273,Joy,Ouma,18,Female,C003,KCSE,joyoumaapp00273@outlook.com
APP00274,Irene,Juma,19,Female,C007,KCSE,irenejumaapp00274@gmail.com
APP00275,Mary,Mohamed,23,Female,C006,Bachelor's,marymohamedapp00275@gmail.com
APP00276,Purity,Barasa,21,Female,C001,Certificate,puritybarasaapp00276@gmail.com
APP00277,Dorcas,Musyoka,25,Female,C007,Certificate,dorcasmusyokaapp00277@yahoo.com
APP00278,Amina,Otieno,24,Female,C002,Diploma,aminaotienoapp00278@yahoo.com
APP00279,Grace,Mohamed,20,Female,C008,KCSE,gracemohamedapp00279@gmail.com
APP00280,Sharon,Kariuki,22,Female,C001,Certificate,sharonkariukiapp00280@gmail.com
APP00281,Hellen,Barasa,32,Female,C007,Diploma,hellenbarasaapp00281@gmail.com
APP00282,Caroline,Odhiambo,22,Female,C003,,carolineodhiamboapp00282@outlook.com
APP00283,Lydia,Kariuki,20,Female,C001,KCSE,lydiakariukiapp00283@gmail.com
APP00284,Beatrice,Njoroge,28,Female,C006,Bachelor's,beatricenjorogeapp00284@gmail.com
APP00285,Mercy,Rotich,24,Female,C001,Diploma,mercyrotichapp00285@gmail.com
APP00286,Janet,Odhiambo,25,Female,C002,Certificate,janetodhiamboapp00286@gmail.com
APP00287,Joy,Kariuki,21,Female,C009,KCSE,joykariukiapp00287@gmail.com
APP00288,Sharon,Koech,30,Female,C001,Bachelor's,sharonkoechapp00288@gmail.com
APP00289,Joy,Wambui,24,Female,C007,,joywambuiapp00289@yahoo.com
APP00290,Purity,Mohamed,19,Female,C002,KCSE,puritymohamedapp00290@outlook.com
APP00291,Halima,Musyoka,20,Female,C009,KCSE,halimamusyokaapp00291@gmail.com
APP00292,Caroline,Khalfan,22,Female,C003,KCSE,carolinekhalfanapp00292@gmail.com
APP00293,Faith,Muli,19,Female,C007,KCSE,faithmuliapp00293@yahoo.com
APP00294,Diana,Mwangi,21,Female,C002,KCSE,dianamwangiapp00294@gmail.com
APP00295,Janet,Juma,21,Female,C001,KCSE,janetjumaapp00295@gmail.com
APP00296,Christine,Odhiambo,34,Female,C009,Bachelor's,christineodhiamboapp00296@gmail.com
APP00297,Hellen,Koech,24,Female,C007,Diploma,hellenkoechapp00297@outlook.com
APP00298,Beatrice,Abdalla,18,Female,C008,Certificate,beatriceabdallaapp00298@gmail.com
APP00299,Naomi,Juma,29,Female,C002,Bachelor's,naomijumaapp00299@yahoo.com
APP00300,Esther,Munyao,19,Female,C002,Diploma,esthermunyaoapp00300@gmail.com
APP00301,    Irene,Mohamed,19,Female,C009,KCSE,irenemohamedapp00301@gmail.com
APP00302,Beatrice,Gitau,18,Female,C002,KCSE,beatricegitauapp00302@outlook.com
APP00303,Dorcas,Munyao,27,Female,C009,Bachelor's,dorcasmunyaoapp00303@gmail.com
APP00304,Amina,Omondi,24,Female,C001,Certificate,aminaomondiapp00304@hotmail.com
APP00305,Amina,Mwangi,35,Female,C008,Diploma,aminamwangiapp00305@gmail.com
APP00306,Eunice,Odhiambo,23,Female,C001,Diploma,euniceodhiamboapp00306@outlook.com
APP00307,Sharon,Otieno,25,Female,C009,Certificate,sharonotienoapp00307@yahoo.com
APP00308,Aisha,Juma,29,Female,C008,Bachelor's,aishajumaapp00308@yahoo.com
APP00309,Diana,Juma,33,Female,C006,Bachelor's,dianajumaapp00309@gmail.com
APP00310,Daniel,Abdalla,22,Male,C006,KCSE,danielabdallaapp00310@gmail.com
APP00311,Gladys,Omondi,25,Female,C007,Bachelor's,gladysomondiapp00311@gmail.com
APP00312,Halima,Koech,20,Female,C001,KCSE,halimakoechapp00312@gmail.com
APP00313,Fatma,Musyoka,19,Female,C004,KCSE,fatmamusyokaapp00313@gmail.com
APP00314,Sharon,Omondi,21,Female,C007,KCSE,sharonomondiapp00314@gmail.com
APP00315,Joy,Gitau,26,Female,C007,KCSE,joygitauapp00315@gmail.com
APP00316,Joy,Wambui,27,Female,C007,Bachelor's,joywambuiapp00316@gmail.com
APP00317,Zainab,Kiptoo,23,Female,C002,Diploma,zainabkiptooapp00317@gmail.com
APP00318,Christine,Khalfan,20,Female,C002,KCSE,christinekhalfanapp00318@gmail.com
APP00319,Grace,Munyao,26,Female,C003,Certificate,gracemunyaoapp00319@gmail.com
APP00320,Esther,Kamau,18,Female,C007,KCSE,estherkamauapp00320@gmail.com
APP00321,Jackline,Abdalla,28,Female,C003,Bachelor's,jacklineabdallaapp00321@outlook.com
APP00322,Brenda,Gitau,26,Female,C002,KCSE,brendagitauapp00322@yahoo.com
APP00323,Beatrice,Khalfan,25,Female,C003,,beatricekhalfanapp00323@gmail.com
APP00324,Faith,Muli,29,Female,C001,Diploma,faithmuliapp00324@outlook.com
APP00325,Faith,Munyao,22,Female,C009,KCSE,faithmunyaoapp00325@hotmail.com
APP00326,Esther,Njoroge,25,Female,C008,Diploma,esthernjorogeapp00326@yahoo.com
APP00327,Lydia,Rotich,20,Female,C006,KCSE,lydiarotichapp00327@gmail.com
APP00328,Joy,Kamau,27,Female,C001,Diploma,joykamauapp00328@yahoo.com
APP00329,Eunice,Wambui,34,Female,C009,Bachelor's,eunicewambuiapp00329@gmail.com
APP00330,Janet,Kamau,25,Female,C001,Certificate,janetkamauapp00330@gmail.com
APP00331,Amina,Kariuki,22,Female,C001,KCSE,aminakariukiapp00331@outlook.com
APP00332,John       ,Ali,22,Male,C008,Certificate,johnaliapp00332@gmail.com
APP00333,Rose,Makena,33,Female,C009,Bachelor's,rosemakenaapp00333@gmail.com
APP00334,Ann,Ouma,24,Female,C006,Diploma,annoumaapp00334@gmail.com
APP00335,Dorcas,Muli,25,Female,C008,Bachelor's,dorcasmuliapp00335@hotmail.com
APP00336,Diana,Kiptoo,25,Female,C001,Certificate,dianakiptooapp00336@outlook.com
APP00337,Eunice,Njoroge,26,Female,C001,Diploma,eunicenjorogeapp00337@gmail.com
APP00338,Diana,Muli,27,Female,C001,KCSE,dianamuliapp00338@gmail.com
APP00339,Hellen,Gitau,21,Female,C008,KCSE,hellengitauapp00339@gmail.com
APP00340,Jackline,Makena,32,Female,C002,Master's,jacklinemakenaapp00340@hotmail.com
APP00341,Christine,Muli,24,Female,C007,Bachelor's,christinemuliapp00341@outlook.com
APP00342,Caroline,Muli,19,Female,C001,KCSE,carolinemuliapp00342@gmail.com
APP00343,Beatrice,Maina,26,Female,C009,KCSE,beatricemainaapp00343@outlook.com
APP00344,Aisha,Makena,30,Female,C009,Bachelor's,aishamakenaapp00344@gmail.com
APP00345,Zainab,Njoroge,22,Female,C009,KCSE,zainabnjorogeapp00345@yahoo.com
APP00346,Hellen,Wambui,26,Female,C009,Diploma,hellenwambuiapp00346@gmail.com
APP00347,   Mohamed,Nyongesa,23,Male,C008,KCSE,mohamednyongesaapp00347@yahoo.com
APP00348,Gladys,Koech,27,Female,C004,,gladyskoechapp00348@gmail.com
APP00349,Brian,Khalfan,18,Male,C001,KCSE,briankhalfanapp00349@yahoo.com
APP00350,Jackline,Mohamed,20,Female,C007,Certificate,jacklinemohamedapp00350@gmail.com
APP00351,Grace,Kiptoo,19,Female,C007,Certificate,gracekiptooapp00351@gmail.com
APP00352,    Ann,Koech,18,Female,C008,Certificate,annkoechapp00352@hotmail.com
APP00353,Naomi,Musyoka,19,Female,C003,KCSE,naomimusyokaapp00353@gmail.com
APP00354,Lydia,Juma,22,Female,C007,Certificate,lydiajumaapp00354@gmail.com
APP00355,Christine,Ali,18,Female,C007,KCSE,christinealiapp00355@hotmail.com
APP00356,Sharon,Kiptoo,19,Female,C009,KCSE,sharonkiptooapp00356@gmail.com
APP00357,Mercy,Nyambura,20,Female,C007,KCSE,mercynyamburaapp00357@gmail.com
APP00358,Mercy,Chebet,20,Female,C001,Certificate,mercychebetapp00358@gmail.com
APP00359,Diana,Juma,35,Female,C007,Bachelor's,dianajumaapp00359@gmail.com
APP00360,Christine,Kariuki,21,Female,C001,KCSE,christinekariukiapp00360@yahoo.com
APP00361,Rose,Chebet,18,Female,C001,KCSE,rosechebetapp00361@gmail.com
APP00362,Christine,Abdalla,19,Female,C003,Diploma,christineabdallaapp00362@gmail.com
APP00363,Grace,Ali,25,Female,C006,Diploma,gracealiapp00363@gmail.com
APP00364,Dorcas,Juma,20,Female,C003,Certificate,dorcasjumaapp00364@yahoo.com
APP00365,Irene,Koech,21,Female,C008,Certificate,irenekoechapp00365@hotmail.com
APP00366,Dorcas,Muli,21,Female,C007,KCSE,dorcasmuliapp00366@yahoo.com
APP00367,Eunice,Khalfan,25,Female,C002,Diploma,eunicekhalfanapp00367@outlook.com
APP00368,Lydia,Nyambura,22,Female,C002,Certificate,lydianyamburaapp00368@yahoo.com
APP00369,Brian,Wambui,18,Male,C008,Certificate,brianwambuiapp00369@yahoo.com
APP00370,Esther,Koech,24,Female,C003,KCSE,estherkoechapp00370@gmail.com
APP00371,Kevin,Otieno,21,Male,C008,KCSE,kevinotienoapp00371@gmail.com
APP00372,Purity,Kariuki,20,Female,C008,KCSE,puritykariukiapp00372@gmail.com
APP00373,Joy,Wambui,25,Female,C008,Diploma,joywambuiapp00373@gmail.com
APP00374,Aisha,Wambui,23,Female,C002,Diploma,aishawambuiapp00374@gmail.com
APP00375,Fatma,Omondi,27,Female,C001,Certificate,fatmaomondiapp00375@gmail.com
APP00376,Halima,Nyongesa,29,Female,C009,Bachelor's,halimanyongesaapp00376@outlook.com
APP00377,Gladys,Nyongesa,20,Female,C009,Diploma,gladysnyongesaapp00377@outlook.com
APP00378,Gladys,Odhiambo,25,Female,C005,KCSE,gladysodhiamboapp00378@gmail.com
APP00379,Mary,Musyoka,21,Female,C009,KCSE,marymusyokaapp00379@outlook.com
APP00380,Fatma,Wanjiku,26,Female,C002,Diploma,fatmawanjikuapp00380@gmail.com
APP00381,Mercy,Abdalla,20,Female,C005,,mercyabdallaapp00381@outlook.com
APP00382,Faith,Ouma,34,Female,C006,Diploma,faithoumaapp00382@yahoo.com
APP00383,Ann,Omondi,28,Female,C007,Bachelor's,annomondiapp00383@yahoo.com
APP00384,Christine,Chebet,24,Female,C003,Certificate,christinechebetapp00384@yahoo.com
APP00385,Aisha,Chebet,23,Female,C001,KCSE,aishachebetapp00385@outlook.com
APP00386,Aisha,Kiptoo,24,Female,C007,Certificate,aishakiptooapp00386@gmail.com
APP00387,Edna,Wanjiku,24,Female,C009,Certificate,ednawanjikuapp00387@gmail.com
APP00388,Brenda,Odhiambo,31,Female,C002,Bachelor's,brendaodhiamboapp00388@gmail.com
APP00389,Hellen,Ndungu,21,Female,C007,Certificate,hellenndunguapp00389@gmail.com
APP00390,Purity,Ouma,35,Female,C007,Bachelor's,purityoumaapp00390@gmail.com
APP00391,Rose,Otieno,34,Female,C008,Diploma,roseotienoapp00391@gmail.com
APP00392,Lydia,Kamau,27,Female,C001,Diploma,lydiakamauapp00392@yahoo.com
APP00393,Mary,Wanjiku,19,Female,C008,KCSE,marywanjikuapp00393@gmail.com
APP00394,Mary,Mutua,32,Female,C001,Diploma,marymutuaapp00394@gmail.com
APP00395,Mark,Rotich,24,Male,C007,Certificate,markrotichapp00395@yahoo.com
APP00396,Amina,Mutua,27,Female,C008,Certificate,aminamutuaapp00396@yahoo.com
APP00397,Amina,Wambui,23,Female,C009,Bachelor's,aminawambuiapp00397@gmail.com
APP00398,Hellen,Ali,32,Female,C008,Bachelor's,hellenaliapp00398@gmail.com
APP00399,Rose,Omondi,21,Female,C004,KCSE,roseomondiapp00399@gmail.com
APP00400,Aisha,Mutua,19,Female,C004,KCSE,aishamutuaapp00400@gmail.com
APP00401,Hellen,Chebet,25,Female,C009,Diploma,hellenchebetapp00401@yahoo.com
APP00402,Diana,Barasa,27,Female,C004,KCSE,dianabarasaapp00402@gmail.com
APP00403,Lydia,Barasa,21,Female,C009,KCSE,lydiabarasaapp00403@gmail.com
APP00404,Brenda,Musyoka,30,Female,C006,Bachelor's,brendamusyokaapp00404@gmail.com
APP00405,Esther,Ali,30,Female,C002,Bachelor's,estheraliapp00405@gmail.com
APP00406,Joseph,Maina,24,Male,C003,Diploma,josephmainaapp00406@yahoo.com
APP00407,Charles,Wanjiku,19,Male,C003,KCSE,charleswanjikuapp00407@gmail.com
APP00408,Brian,Kariuki,32,Male,C005,Bachelor's,briankariukiapp00408@gmail.com
APP00409,Brenda,Kariuki,22,Female,C001,KCSE,brendakariukiapp00409@gmail.com
APP00410,Edna,Koech,28,Female,C001,Bachelor's,ednakoechapp00410@hotmail.com
APP00411,Zainab,Kiptoo,20,Female,C007,KCSE,zainabkiptooapp00411@gmail.com
APP00412,Halima,Otieno,27,Female,C004,Certificate,halimaotienoapp00412@outlook.com
APP00413,Edna,Wambui,27,Female,C001,Certificate,ednawambuiapp00413@gmail.com
APP00414,Zainab,Musyoka,35,Female,C001,Master's,zainabmusyokaapp00414@hotmail.com
APP00415,Sharon,Wanjiku,21,Female,C001,KCSE,sharonwanjikuapp00415@gmail.com
APP00416,Brenda,Juma,34,Female,C005,Bachelor's,brendajumaapp00416@gmail.com
APP00417,Diana,Nyambura,30,Female,C009,Bachelor's,diananyamburaapp00417@outlook.com
APP00418,Mohamed,Gitau,23,Male,C001,Certificate,mohamedgitauapp00418@gmail.com
APP00419,Lydia,Khalfan,22,Female,C007,KCSE,lydiakhalfanapp00419@gmail.com
APP00420,Grace,Abdalla,20,Female,C007,KCSE,graceabdallaapp00420@gmail.com
APP00421,Aisha,Odhiambo,22,Female,C005,KCSE,aishaodhiamboapp00421@gmail.com
APP00422,Mercy,Juma,20,Female,C007,Certificate,mercyjumaapp00422@gmail.com
APP00423,Amina,Nyongesa,35,Female,C001,Bachelor's,aminanyongesaapp00423@gmail.com
APP00424,Esther,Musyoka,30,Female,C007,Bachelor's,esthermusyokaapp00424@hotmail.com
APP00425,Naomi,Rotich,22,Female,C001,Diploma,naomirotichapp00425@gmail.com
APP00426,Amina,Abdalla,21,Female,C004,KCSE,aminaabdallaapp00426@gmail.com
APP00427,Naomi,Ndungu,22,Female,C008,KCSE,naomindunguapp00427@gmail.com
APP00428,Beatrice,Koech,21,Female,C002,KCSE,beatricekoechapp00428@gmail.com
APP00429,Joseph,Ali,19,Male,C006,Certificate,josephaliapp00429@gmail.com
APP00430,Martin,Rotich,27,Male,C002,Bachelor's,martinrotichapp00430@gmail.com
APP00431,Lydia,Munyao,30,Female,C003,Bachelor's,lydiamunyaoapp00431@outlook.com
APP00432,Diana,Abdalla,28,Female,C002,Bachelor's,dianaabdallaapp00432@gmail.com
APP00433,Naomi,Mohamed,23,Female,C009,Certificate,naomimohamedapp00433@gmail.com
APP00434,Halima,Chebet,21,Female,C005,KCSE,halimachebetapp00434@gmail.com
APP00435,Ann,Koech,20,Female,C002,KCSE,annkoechapp00435@gmail.com
APP00436,Patrick,Nyongesa,25,Male,C001,KCSE,patricknyongesaapp00436@gmail.com
APP00437,Caroline,Kariuki,26,Female,C008,Diploma,carolinekariukiapp00437@gmail.com
APP00438,Eric,Mutua,24,Male,C005,Certificate,ericmutuaapp00438@gmail.com
APP00439,Diana,Nyongesa,22,Female,C009,Certificate,diananyongesaapp00439@gmail.com
APP00440,Gladys,Munyao,18,Female,C001,KCSE,gladysmunyaoapp00440@yahoo.com
APP00441,Caroline,Muli,22,Female,C001,KCSE,carolinemuliapp00441@outlook.com
APP00442,Aisha,Gitau,27,Female,C007,Diploma,aishagitauapp00442@gmail.com
APP00443,Halima,Odhiambo,21,Female,C009,KCSE,halimaodhiamboapp00443@gmail.com
APP00444,Mary,Odhiambo,21,Female,C001,KCSE,maryodhiamboapp00444@gmail.com
APP00445,Halima,Abdalla,23,Female,C007,Diploma,halimaabdallaapp00445@outlook.com
APP00446,Emmanuel,Nyongesa,20,Male,C001,Certificate,emmanuelnyongesaapp00446@gmail.com
APP00447,Rose,Abdalla,20,Female,C002,KCSE,roseabdallaapp00447@gmail.com
APP00448,Naomi,Wambui,21,Female,C002,KCSE,naomiwambuiapp00448@gmail.com
APP00449,Gladys,Ndungu,25,Female,C008,Diploma,gladysndunguapp00449@yahoo.com
APP00450,Zainab,Makena,28,Female,C007,Diploma,zainabmakenaapp00450@outlook.com
APP00451,Jackline,Gitau,19,Female,C008,Diploma,jacklinegitauapp00451@yahoo.com
APP00452,Halima,Koech,21,Female,C008,KCSE,halimakoechapp00452@gmail.com
APP00453,Mary,Gitau,24,Female,C004,Diploma,marygitauapp00453@gmail.com
APP00454,Grace,Rotich,35,Female,C008,Bachelor's,gracerotichapp00454@outlook.com
APP00455,Zainab,Koech,26,Female,C003,KCSE,zainabkoechapp00455@outlook.com
APP00456,Esther,Wambui,19,Female,C007,KCSE,estherwambuiapp00456@gmail.com
APP00457,Christine,Gitau,28,Female,C007,Bachelor's,christinegitauapp00457@gmail.com
APP00458,Jackline,Odhiambo,20,Female,C003,Certificate,jacklineodhiamboapp00458@outlook.com
APP00459,Diana,Muli,21,Female,C006,KCSE,dianamuliapp00459@outlook.com
APP00460,Mercy,Wanjiku,19,Female,C007,Certificate,mercywanjikuapp00460@yahoo.com
APP00461,Christine,Rotich,32,Female,C002,Master's,christinerotichapp00461@gmail.com
APP00462,Sharon,Omondi,25,Female,C001,Diploma,sharonomondiapp00462@yahoo.com
APP00463,Halima,Otieno,24,Female,C001,KCSE,halimaotienoapp00463@gmail.com
APP00464,Gladys,Ouma,27,Female,C008,KCSE,gladysoumaapp00464@gmail.com
APP00465,Dorcas,Otieno,25,Female,C001,Certificate,dorcasotienoapp00465@yahoo.com
APP00466,Caroline,Mwangi,25,Female,C008,Diploma,carolinemwangiapp00466@gmail.com
APP00467,Jackline,Omondi,28,Female,C007,Bachelor's,jacklineomondiapp00467@gmail.com
APP00468,Gladys,Juma,20,Female,C004,Diploma,gladysjumaapp00468@yahoo.com
APP00469,Mercy,Gitau,20,Female,C009,KCSE,mercygitauapp00469@outlook.com
APP00470,Janet,Njoroge,25,Female,C001,Diploma,janetnjorogeapp00470@gmail.com
APP00471,Eric,Otieno,27,Male,C002,Diploma,ericotienoapp00471@gmail.com
APP00472,Rose,Munyao,29,Female,C006,Bachelor's,rosemunyaoapp00472@gmail.com
APP00473,Victor,Makena,24,Male,C001,Certificate,victormakenaapp00473@gmail.com
APP00474,Lydia,Wanjiku,28,Female,C002,Master's,lydiawanjikuapp00474@hotmail.com
APP00475,Diana,Chebet,29,Female,C009,Master's,dianachebetapp00475@gmail.com
APP00476,Jackline,Ndungu,21,Female,C007,Certificate,jacklinendunguapp00476@gmail.com
APP00477,Edna,Khalfan,18,Female,C002,KCSE,ednakhalfanapp00477@gmail.com
APP00478,Joy,Kariuki,30,Female,C003,Diploma,joykariukiapp00478@gmail.com
APP00479,Brenda,Nyongesa,26,Female,C003,KCSE,brendanyongesaapp00479@outlook.com
APP00480,Beatrice,Maina,22,Female,C007,KCSE,beatricemainaapp00480@gmail.com
APP00481,Purity,Makena,19,Female,C001,KCSE,puritymakenaapp00481@gmail.com
APP00482,Irene,Gitau,25,Female,C007,Bachelor's,irenegitauapp00482@gmail.com
APP00483,Joy,Wambui,35,Female,C009,,joywambuiapp00483@gmail.com
APP00484,James,Maina,21,Male,C008,KCSE,jamesmainaapp00484@gmail.com
APP00485,Irene,Maina,27,Female,C008,Diploma,irenemainaapp00485@outlook.com
APP00486,Caroline,Ali,33,Female,C003,Diploma,carolinealiapp00486@outlook.com
APP00487,Rose,Mutua,26,Female,C007,KCSE,rosemutuaapp00487@outlook.com
APP00488,Mercy,Ndungu,18,Female,C001,Certificate,mercyndunguapp00488@gmail.com
APP00489,Esther,Abdalla,19,Female,C008,KCSE,estherabdallaapp00489@gmail.com
APP00490,Zainab,Khalfan,21,Female,C006,Diploma,zainabkhalfanapp00490@outlook.com
APP00491,Aisha,Juma,19,Female,C008,KCSE,aishajumaapp00491@gmail.com
APP00492,Irene,Nyongesa,18,Female,C009,KCSE,irenenyongesaapp00492@gmail.com
APP00493,Esther,Rotich,35,Female,C001,Diploma,estherrotichapp00493@gmail.com
APP00494,Naomi,Wanjiku,33,Female,C003,Bachelor's,naomiwanjikuapp00494@gmail.com
APP00495,Faith,Barasa,22,Female,C005,KCSE,faithbarasaapp00495@gmail.com
APP00496,Halima,Musyoka,22,Female,C006,KCSE,halimamusyokaapp00496@gmail.com
APP00497,Lydia,Wanjiku,32,Female,C007,Master's,lydiawanjikuapp00497@gmail.com
APP00498,Mercy,Njoroge,20,Female,C008,KCSE,mercynjorogeapp00498@gmail.com
APP00499,Kennedy,Abdalla,23,Male,C009,Diploma,kennedyabdallaapp00499@gmail.com
APP00500,Brenda,Barasa,20,Female,C004,KCSE,brendabarasaapp00500@gmail.com
APP00501,Dennis,Gitau,34,Male,C009,Bachelor's,dennisgitauapp00501@gmail.com
APP00502,Aisha,Maina,18,Female,C008,Certificate,aishamainaapp00502@hotmail.com
APP00503,Naomi,Mwangi,18,Female,C008,Diploma,naomimwangiapp00503@gmail.com
APP00504,Irene,Barasa,19,Female,C007,KCSE,irenebarasaapp00504@gmail.com
APP00505,Halima,Chebet,19,Female,C003,Diploma,halimachebetapp00505@gmail.com
APP00506,James,Koech,22,Male,C009,KCSE,jameskoechapp00506@gmail.com
APP00507,Steve,Mutua,27,Male,C004,Bachelor's,stevemutuaapp00507@yahoo.com
APP00508,Zainab,Kariuki,21,Female,C003,KCSE,zainabkariukiapp00508@yahoo.com
APP00509,Amina,Nyongesa,35,Female,C007,Bachelor's,aminanyongesaapp00509@gmail.com
APP00510,Zainab,Nyongesa,34,Female,C008,Bachelor's,zainabnyongesaapp00510@gmail.com
APP00511,Aisha,Nyongesa,28,Female,C001,Bachelor's,aishanyongesaapp00511@gmail.com
APP00512,Fatma,Otieno,18,Female,C003,KCSE,fatmaotienoapp00512@gmail.com
APP00513,Janet,Makena,23,Female,C007,Bachelor's,janetmakenaapp00513@gmail.com
APP00514,Purity,Kamau,34,Female,C001,Bachelor's,puritykamauapp00514@gmail.com
APP00515,Edna,Nyambura,22,Female,C006,KCSE,ednanyamburaapp00515@gmail.com
APP00516,Faith,Kariuki,34,Female,C007,Diploma,faithkariukiapp00516@gmail.com
APP00517,Hellen,Njoroge,23,Female,C003,KCSE,hellennjorogeapp00517@yahoo.com
APP00518,Paul,Otieno,30,Male,C002,Bachelor's,paulotienoapp00518@gmail.com
APP00519,Zainab,Gitau,25,Female,C008,Certificate,zainabgitauapp00519@gmail.com
APP00520,Janet,Nyambura,18,Female,C001,,janetnyamburaapp00520@gmail.com
APP00521,Beatrice,Juma,22,Female,C009,Diploma,beatricejumaapp00521@gmail.com
APP00522,Purity,Kariuki,29,Female,C002,Bachelor's,puritykariukiapp00522@gmail.com
APP00523,Sharon,Kiptoo,22,Female,C001,KCSE,sharonkiptooapp00523@gmail.com
APP00524,Mary,Omondi,27,Female,C007,KCSE,maryomondiapp00524@gmail.com
APP00525,Diana,Maina,23,Female,C009,Certificate,dianamainaapp00525@gmail.com
APP00526,Christine,Abdalla,18,Female,C007,KCSE,christineabdallaapp00526@gmail.com
APP00527,Halima,Munyao,27,Female,C005,KCSE,halimamunyaoapp00527@gmail.com
APP00528,Lydia,Nyongesa,22,Female,C008,Diploma,lydianyongesaapp00528@yahoo.com
APP00529,Amina,Makena,21,Female,C001,KCSE,aminamakenaapp00529@gmail.com
APP00530,Esther,Khalfan,25,Female,C002,Diploma,estherkhalfanapp00530@yahoo.com
APP00531,Naomi,Juma,27,Female,C001,Certificate,naomijumaapp00531@gmail.com
APP00532,Mark,Mwangi,22,Male,C001,KCSE,markmwangiapp00532@gmail.com
APP00533,Esther,Abdalla,30,Female,C004,Bachelor's,estherabdallaapp00533@gmail.com
APP00534,Fatma,Rotich,21,Female,C003,KCSE,fatmarotichapp00534@gmail.com
APP00535,Aisha,Ali,20,Female,C002,Certificate,aishaaliapp00535@yahoo.com
APP00536,Victor,Mwangi,35,Male,C001,Bachelor's,victormwangiapp00536@gmail.com
APP00537,Joy,Munyao,22,Female,C004,KCSE,joymunyaoapp00537@hotmail.com
APP00538,Lydia,Njoroge,31,Female,C001,Bachelor's,lydianjorogeapp00538@gmail.com
APP00539,Amina,Rotich,20,Female,C008,Certificate,aminarotichapp00539@yahoo.com
APP00540,David,Makena,28,Male,C002,Bachelor's,davidmakenaapp00540@gmail.com
APP00541,Diana,Wanjiku,23,Female,C001,KCSE,dianawanjikuapp00541@outlook.com
APP00542,Faith,Wanjiku,26,Female,C009,Certificate,faithwanjikuapp00542@gmail.com
APP00543,Patrick,Omondi,24,Male,C001,Diploma,patrickomondiapp00543@gmail.com
APP00544,Lydia,Koech,21,Female,C003,KCSE,lydiakoechapp00544@gmail.com
APP00545,Mercy,Nyambura,33,Female,C003,,mercynyamburaapp00545@gmail.com
APP00546,Mary,Mwangi,18,Female,C006,Certificate,marymwangiapp00546@gmail.com
APP00547,Collins,Barasa,32,Male,C007,Diploma,collinsbarasaapp00547@gmail.com
APP00548,Janet,Barasa,31,Female,C001,Bachelor's,janetbarasaapp00548@gmail.com
APP00549,Amina,Ali,34,Female,C005,Diploma,aminaaliapp00549@gmail.com
APP00550,Faith,Omondi,18,Female,C005,KCSE,faithomondiapp00550@gmail.com
APP00551,Amina,Nyambura,26,Female,C001,Certificate,aminanyamburaapp00551@gmail.com
APP00552,Faith,Ouma,25,Female,C003,Bachelor's,faithoumaapp00552@gmail.com
APP00553,Beatrice,Muli,20,Female,C008,Diploma,beatricemuliapp00553@yahoo.com
APP00554,Irene,Kiptoo,24,Female,C008,Diploma,irenekiptooapp00554@gmail.com
APP00555,Christine,Muli,25,Female,C003,Bachelor's,christinemuliapp00555@gmail.com
APP00556,Grace,Mwangi,26,Female,C007,Certificate,gracemwangiapp00556@gmail.com
APP00557,Janet,Khalfan,28,Female,C007,Diploma,janetkhalfanapp00557@gmail.com
APP00558,Grace,Ali,20,Female,C007,KCSE,gracealiapp00558@gmail.com
APP00559,Irene,Mutua,32,Female,C002,Bachelor's,irenemutuaapp00559@gmail.com
APP00560,Halima,Odhiambo,29,Female,C001,Master's,halimaodhiamboapp00560@gmail.com
APP00561,Naomi,Mwangi,20,Female,C007,KCSE,naomimwangiapp00561@yahoo.com
APP00562,Charles,Otieno,19,Male,C007,KCSE,charlesotienoapp00562@gmail.com
APP00563,Lydia,Mutua,29,Female,C005,Bachelor's,lydiamutuaapp00563@gmail.com
APP00564,Brenda,Mohamed,23,Female,C003,KCSE,brendamohamedapp00564@gmail.com
APP00565,Joseph,Kariuki,24,Male,C007,Diploma,josephkariukiapp00565@gmail.com
APP00566,Faith,Odhiambo,22,Female,C007,KCSE,faithodhiamboapp00566@gmail.com
APP00567,Jackline,Maina,21,Female,C007,KCSE,jacklinemainaapp00567@gmail.com
APP00568,Halima,Nyongesa,27,Female,C008,Certificate,halimanyongesaapp00568@gmail.com
APP00569,Christine,Wambui,22,Female,C007,,christinewambuiapp00569@gmail.com
APP00570,Irene,Maina,25,Female,C004,Diploma,irenemainaapp00570@gmail.com
APP00571,Sharon,Muli,19,Female,C009,KCSE,sharonmuliapp00571@gmail.com
APP00572,Eunice,Juma,32,Female,C001,Bachelor's,eunicejumaapp00572@gmail.com
APP00573,Mary,Abdalla,23,Female,C001,Diploma,maryabdallaapp00573@gmail.com
APP00574,Ann,Rotich,27,Female,C002,Certificate,annrotichapp00574@yahoo.com
APP00575,Irene,Maina,22,Female,C009,KCSE,irenemainaapp00575@gmail.com
APP00576,Hassan,Njoroge,32,Male,C008,Master's,hassannjorogeapp00576@gmail.com
APP00577,Purity,Barasa,26,Female,C002,Certificate,puritybarasaapp00577@gmail.com
APP00578,Beatrice,Juma,35,Female,C009,Diploma,beatricejumaapp00578@gmail.com
APP00579,Faith,Ndungu,26,Female,C001,Certificate,faithndunguapp00579@gmail.com
APP00580,Janet,Kamau,35,Female,C008,Bachelor's,janetkamauapp00580@gmail.com
APP00581,Halima,Otieno,24,Female,C002,Certificate,halimaotienoapp00581@yahoo.com
APP00582,Ann,Abdalla,22,Female,C007,Certificate,annabdallaapp00582@gmail.com
APP00583,Naomi,Munyao,23,Female,C002,Diploma,naomimunyaoapp00583@gmail.com
APP00584,Grace,Nyambura,28,Female,C001,Bachelor's,gracenyamburaapp00584@gmail.com
APP00585,Purity,Munyao,23,Female,C008,Diploma,puritymunyaoapp00585@gmail.com
APP00586,Hellen,Nyongesa,34,Female,C001,Diploma,hellennyongesaapp00586@gmail.com
APP00587,Brenda,Ali,20,Female,C007,KCSE,brendaaliapp00587@outlook.com
APP00588,Halima,Mwangi,27,Female,C004,Certificate,halimamwangiapp00588@gmail.com
APP00589,Christine,Ali,27,Female,C006,Bachelor's,christinealiapp00589@gmail.com
APP00590,Beatrice,Chebet,21,Female,C005,KCSE,beatricechebetapp00590@gmail.com
APP00591,Mercy,Koech,26,Female,C009,Bachelor's,mercykoechapp00591@yahoo.com
APP00592,Esther,Odhiambo,25,Female,C001,Diploma,estherodhiamboapp00592@gmail.com
APP00593,Ann,Kamau,31,Female,C006,Bachelor's,annkamauapp00593@outlook.com
APP00594,Janet,Nyongesa,33,Female,C007,Bachelor's,janetnyongesaapp00594@gmail.com
APP00595,Mercy,Omondi,27,Female,C003,Diploma,mercyomondiapp00595@gmail.com
APP00596,Naomi,Njoroge,26,Female,C001,Certificate,naominjorogeapp00596@outlook.com
APP00597,Christine,Abdalla,26,Female,C005,Certificate,christineabdallaapp00597@gmail.com
APP00598,Amina,Ouma,22,Female,C006,Diploma,aminaoumaapp00598@yahoo.com
APP00599,Diana,Mohamed,26,Female,C009,Certificate,dianamohamedapp00599@gmail.com
APP00600,Christine,Musyoka,20,Female,C006,KCSE,christinemusyokaapp00600@gmail.com
APP00601,Lydia,Koech,31,Female,C001,Master's,lydiakoechapp00601@gmail.com
APP00602,Grace,Mohamed,20,Female,C002,KCSE,gracemohamedapp00602@gmail.com
APP00603,Rose,Abdalla,28,Female,C004,Master's,roseabdallaapp00603@yahoo.com
APP00604,Edna,Wambui,20,Female,C001,KCSE,ednawambuiapp00604@gmail.com
APP00605,Sharon,Nyambura,19,Female,C008,KCSE,sharonnyamburaapp00605@yahoo.com
APP00606,Edna,Musyoka,24,Female,C008,Diploma,ednamusyokaapp00606@outlook.com
APP00607,Martin,Otieno,22,Male,C003,Diploma,martinotienoapp00607@gmail.com
APP00608,Emmanuel,Chebet,24,Male,C001,Diploma,emmanuelchebetapp00608@gmail.com
APP00609,Eunice,Otieno,19,Female,C003,KCSE,euniceotienoapp00609@gmail.com
APP00610,Rose,Gitau,31,Female,C007,Bachelor's,rosegitauapp00610@gmail.com
APP00611,Eunice,Kamau,18,Female,C006,KCSE,eunicekamauapp00611@gmail.com
APP00612,Janet,Musyoka,18,Female,C009,KCSE,janetmusyokaapp00612@gmail.com
APP00613,Emmanuel,Makena,21,Male,C002,Diploma,emmanuelmakenaapp00613@gmail.com
APP00614,Beatrice,Wambui,19,Female,C002,KCSE,beatricewambuiapp00614@gmail.com
APP00615,Aisha,Mwangi,22,Female,C003,KCSE,aishamwangiapp00615@yahoo.com
APP00616,Faith,Chebet,20,Female,C003,KCSE,faithchebetapp00616@yahoo.com
APP00617,Lydia,Juma,24,Female,C003,Diploma,lydiajumaapp00617@yahoo.com
APP00618,Purity,Maina,33,Female,C007,Bachelor's,puritymainaapp00618@gmail.com
APP00619,Joy,Abdalla,22,Female,C002,KCSE,joyabdallaapp00619@yahoo.com
APP00620,Charles,Munyao,23,Male,C005,Diploma,charlesmunyaoapp00620@gmail.com
APP00621,Faith,Koech,20,Female,C004,KCSE,faithkoechapp00621@outlook.com
APP00622,Irene,Munyao,27,Female,C002,Certificate,irenemunyaoapp00622@hotmail.com
APP00623,Patrick,Kiptoo,23,Male,C008,Certificate,patrickkiptooapp00623@gmail.com
APP00624,Halima,Nyongesa,20,Female,C007,KCSE,halimanyongesaapp00624@gmail.com
APP00625,Mercy,Omondi,33,Female,C002,Bachelor's,mercyomondiapp00625@gmail.com
APP00626,Mary,Khalfan,23,Female,C001,Bachelor's,marykhalfanapp00626@gmail.com
APP00627,Naomi,Omondi,32,Female,C007,Bachelor's,naomiomondiapp00627@yahoo.com
APP00628,Halima,Mohamed,33,Female,C002,Bachelor's,halimamohamedapp00628@gmail.com
APP00629,Eunice,Kamau,33,Female,C002,Bachelor's,eunicekamauapp00629@gmail.com
APP00630,Hellen,Mohamed,27,Female,C001,Certificate,hellenmohamedapp00630@yahoo.com
APP00631,Ann,Mwangi,19,Female,C001,Diploma,annmwangiapp00631@outlook.com
APP00632,Aisha,Nyongesa,24,Female,C008,KCSE,aishanyongesaapp00632@outlook.com
APP00633,Halima,Kiptoo,25,Female,C002,Certificate,halimakiptooapp00633@outlook.com
APP00634,Faith,Otieno,32,Female,C003,Diploma,faithotienoapp00634@gmail.com
APP00635,Joy,Rotich,21,Female,C001,Diploma,joyrotichapp00635@gmail.com
APP00636,Naomi,Kamau,25,Female,C007,Certificate,naomikamauapp00636@gmail.com
APP00637,Zainab,Ouma,24,Female,C003,Certificate,zainaboumaapp00637@yahoo.com
APP00638,Diana,Nyongesa,23,Female,C001,Bachelor's,diananyongesaapp00638@gmail.com
APP00639,Fatma,Mutua,25,Female,C009,Diploma,fatmamutuaapp00639@yahoo.com
APP00640,Lydia,Gitau,21,Female,C009,Diploma,lydiagitauapp00640@yahoo.com
APP00641,Grace,Musyoka,20,Female,C004,KCSE,gracemusyokaapp00641@yahoo.com
APP00642,Brenda,Omondi,21,Female,C001,KCSE,brendaomondiapp00642@gmail.com
APP00643,Janet,Musyoka,26,Female,C008,Diploma,janetmusyokaapp00643@gmail.com
APP00644,Beatrice,Muli,29,Female,C001,Diploma,beatricemuliapp00644@hotmail.com
APP00645,Eunice,Otieno,22,Female,C007,Certificate,euniceotienoapp00645@gmail.com
APP00646,Steve,Juma,33,Male,C008,Bachelor's,stevejumaapp00646@gmail.com
APP00647,Zainab,Gitau,22,Female,C008,KCSE,zainabgitauapp00647@outlook.com
APP00648,Gladys,Ouma,31,Female,C009,Diploma,gladysoumaapp00648@gmail.com
APP00649,Faith,Mwangi,19,Female,C003,KCSE,faithmwangiapp00649@gmail.com
APP00650,Aisha,Ndungu,21,Female,C007,KCSE,aishandunguapp00650@gmail.com
APP00651,Dorcas,Mohamed,22,Female,C004,KCSE,dorcasmohamedapp00651@gmail.com
APP00652,Grace,Nyongesa,23,Female,C001,Certificate,gracenyongesaapp00652@hotmail.com
APP00653,Purity,Njoroge,23,Female,C003,Diploma,puritynjorogeapp00653@hotmail.com
APP00654,Joy,Odhiambo,35,Female,C001,Bachelor's,joyodhiamboapp00654@gmail.com
APP00655,Brenda,Kiptoo,35,Female,C005,Bachelor's,brendakiptooapp00655@gmail.com
APP00656,Purity,Rotich,26,Female,C008,Certificate,purityrotichapp00656@outlook.com
APP00657,Grace,Abdalla,29,Female,C001,Bachelor's,graceabdallaapp00657@gmail.com
APP00658,Dorcas,Maina,23,Female,C001,Certificate,dorcasmainaapp00658@gmail.com
APP00659,Esther,Mutua,22,Female,C008,KCSE,esthermutuaapp00659@gmail.com
APP00660,Joy,Mwangi,24,Female,C003,Diploma,joymwangiapp00660@gmail.com
APP00661,Brenda,Ndungu,28,Female,C007,Bachelor's,brendandunguapp00661@gmail.com
APP00662,Edna,Nyambura,27,Female,C003,Bachelor's,ednanyamburaapp00662@gmail.com
APP00663,Daniel,Kiptoo,21,Male,C006,Certificate,danielkiptooapp00663@gmail.com
APP00664,Sharon,Mohamed,19,Female,C004,KCSE,sharonmohamedapp00664@yahoo.com
APP00665,Rose,Chebet,20,Female,C008,Diploma,rosechebetapp00665@gmail.com
APP00666,Hellen,Chebet,19,Female,C007,KCSE,hellenchebetapp00666@gmail.com
APP00667,Mercy,Kariuki,25,Female,C009,Certificate,mercykariukiapp00667@gmail.com
APP00668,Eric,Ndungu,30,Male,C001,Bachelor's,ericndunguapp00668@gmail.com
APP00669,Aisha,Munyao,25,Female,C008,Certificate,aishamunyaoapp00669@gmail.com
APP00670,Diana,Wanjiku,26,Female,C006,Diploma,dianawanjikuapp00670@yahoo.com
APP00671,Gladys,Mohamed,26,Female,C001,KCSE,gladysmohamedapp00671@yahoo.com
APP00672,Brenda,Njoroge,21,Female,C001,KCSE,brendanjorogeapp00672@gmail.com
APP00673,Purity,Ndungu,27,Female,C003,Diploma,purityndunguapp00673@gmail.com
APP00674,Aisha,Kariuki,24,Female,C003,Diploma,aishakariukiapp00674@gmail.com
APP00675,Kelvin,Omondi,34,Male,C001,Diploma,kelvinomondiapp00675@outlook.com
APP00676,Fatma,Muli,20,Female,C006,Certificate,fatmamuliapp00676@yahoo.com
APP00677,Edna,Nyambura,18,Female,C001,KCSE,ednanyamburaapp00677@outlook.com
APP00678,Faith,Wanjiku,35,Female,C007,Master's,faithwanjikuapp00678@gmail.com
APP00679,Brenda,Ndungu,27,Female,C001,KCSE,brendandunguapp00679@gmail.com
APP00680,Faith,Juma,21,Female,C001,KCSE,faithjumaapp00680@gmail.com
APP00681,Hellen,Ali,18,Female,C003,Certificate,hellenaliapp00681@gmail.com
APP00682,Hellen,Ali,21,Female,C009,Certificate,hellenaliapp00682@gmail.com
APP00683,Diana,Otieno,26,Female,C007,Certificate,dianaotienoapp00683@gmail.com
APP00684,Eunice,Otieno,23,Female,C007,KCSE,euniceotienoapp00684@gmail.com
APP00685,Kennedy,Ouma,30,Male,C003,Diploma,kennedyoumaapp00685@gmail.com
APP00686,Brenda,Koech,19,Female,C007,KCSE,brendakoechapp00686@gmail.com
APP00687,Purity,Makena,19,Female,C003,Certificate,puritymakenaapp00687@outlook.com
APP00688,Janet,Barasa,22,Female,C007,KCSE,janetbarasaapp00688@gmail.com
APP00689,Sharon,Ouma,35,Female,C008,Bachelor's,sharonoumaapp00689@gmail.com
APP00690,Purity,Ali,30,Female,C003,Bachelor's,purityaliapp00690@outlook.com
APP00691,Caroline,Munyao,20,Female,C007,KCSE,carolinemunyaoapp00691@gmail.com
APP00692,Faith,Juma,23,Female,C003,Diploma,faithjumaapp00692@gmail.com
APP00693,Sharon,Nyongesa,21,Female,C002,Certificate,sharonnyongesaapp00693@gmail.com
APP00694,Janet,Odhiambo,23,Female,C001,Diploma,janetodhiamboapp00694@gmail.com
APP00695,Mercy,Maina,28,Female,C001,Bachelor's,mercymainaapp00695@hotmail.com
APP00696,Rose,Mutua,18,Female,C008,Diploma,rosemutuaapp00696@yahoo.com
APP00697,Aisha,Barasa,21,Female,C001,Diploma,aishabarasaapp00697@hotmail.com
APP00698,Janet,Kiptoo,19,Female,C008,KCSE,janetkiptooapp00698@gmail.com
APP00699,Irene,Muli,24,Female,C001,Certificate,irenemuliapp00699@gmail.com
APP00700,Christine,Maina,21,Female,C001,KCSE,christinemainaapp00700@gmail.com
APP00701,Hellen,Khalfan,20,Female,C006,Certificate,hellenkhalfanapp00701@outlook.com
APP00702,John,Ouma,21,Male,C007,KCSE,johnoumaapp00702@gmail.com
APP00703,Janet,Ali,22,Female,C001,KCSE,janetaliapp00703@gmail.com
APP00704,Ann,Kariuki,20,Female,C001,Certificate,annkariukiapp00704@gmail.com
APP00705,Gladys,Gitau,19,Female,C001,KCSE,gladysgitauapp00705@gmail.com
APP00706,Jackline,Koech,20,Female,C005,Certificate,jacklinekoechapp00706@gmail.com
APP00707,Ann,Makena,23,Female,C007,Certificate,annmakenaapp00707@hotmail.com
APP00708,Joy,Gitau,29,Female,C005,Bachelor's,joygitauapp00708@outlook.com
APP00709,Aisha,Mutua,27,Female,C002,Diploma,aishamutuaapp00709@gmail.com
APP00710,Beatrice,Rotich,24,Female,C009,Diploma,beatricerotichapp00710@gmail.com
APP00711,Joy,Nyambura,24,Female,C004,Diploma,joynyamburaapp00711@gmail.com
APP00712,Esther,Chebet,19,Female,C001,Certificate,estherchebetapp00712@gmail.com
APP00713,Faith,Njoroge,30,Female,C001,Bachelor's,faithnjorogeapp00713@gmail.com
APP00714,Mary,Mohamed,23,Female,C007,Certificate,marymohamedapp00714@outlook.com
APP00715,James,Omondi,21,Male,C003,KCSE,jamesomondiapp00715@gmail.com
APP00716,Naomi,Rotich,21,Female,C008,KCSE,naomirotichapp00716@outlook.com
APP00717,Rose,Ndungu,18,Female,C009,KCSE,rosendunguapp00717@gmail.com
APP00718,Lydia,Gitau,18,Female,C001,KCSE,lydiagitauapp00718@gmail.com
APP00719,Edna,Muli,35,Female,C004,Bachelor's,ednamuliapp00719@gmail.com
APP00720,Faith,Nyongesa,27,Female,C003,KCSE,faithnyongesaapp00720@gmail.com
APP00721,Fatma,Chebet,25,Female,C002,Certificate,fatmachebetapp00721@gmail.com
APP00722,Mary,Munyao,21,Female,C004,KCSE,marymunyaoapp00722@gmail.com
APP00723,Joy,Njoroge,24,Female,C002,Bachelor's,joynjorogeapp00723@gmail.com
APP00724,Faith,Ndungu,28,Female,C004,Bachelor's,faithndunguapp00724@gmail.com
APP00725,Esther,Ouma,21,Female,C004,Certificate,estheroumaapp00725@gmail.com
APP00726,Dorcas,Chebet,32,Female,C007,Bachelor's,dorcaschebetapp00726@gmail.com
APP00727,Christine,Ali,24,Female,C001,Diploma,christinealiapp00727@hotmail.com
APP00728,Halima,Barasa,30,Female,C003,Diploma,halimabarasaapp00728@gmail.com
APP00729,Dorcas,Nyambura,19,Female,C001,KCSE,dorcasnyamburaapp00729@gmail.com
APP00730,Esther,Gitau,25,Female,C008,KCSE,esthergitauapp00730@yahoo.com
APP00731,Grace,Gitau,29,Female,C007,Bachelor's,gracegitauapp00731@outlook.com
APP00732,Naomi,Nyambura,25,Female,C001,Diploma,naominyamburaapp00732@gmail.com
APP00733,Aisha,Rotich,26,Female,C001,Diploma,aisharotichapp00733@gmail.com
APP00734,Grace,Musyoka,26,Female,C007,Diploma,gracemusyokaapp00734@yahoo.com
APP00735,Janet,Odhiambo,35,Female,C005,Diploma,janetodhiamboapp00735@gmail.com
APP00736,Lydia,Ndungu,21,Female,C001,KCSE,lydiandunguapp00736@gmail.com
APP00737,Mercy,Mwangi,21,Female,C008,Certificate,mercymwangiapp00737@gmail.com
APP00738,Edna,Ndungu,20,Female,C009,KCSE,ednandunguapp00738@gmail.com
APP00739,Grace,Wanjiku,18,Female,C004,Certificate,gracewanjikuapp00739@outlook.com
APP00740,Edna,Ali,21,Female,C008,KCSE,ednaaliapp00740@outlook.com
APP00741,Edna,Njoroge,27,Female,C007,Certificate,ednanjorogeapp00741@hotmail.com
APP00742,Edna,Juma,23,Female,C003,Diploma,ednajumaapp00742@gmail.com
APP00743,Sharon,Munyao,27,Female,C006,KCSE,sharonmunyaoapp00743@yahoo.com
APP00744,Amina,Abdalla,34,Female,C001,Bachelor's,aminaabdallaapp00744@gmail.com
APP00745,Dorcas,Njoroge,18,Female,C009,KCSE,dorcasnjorogeapp00745@yahoo.com
APP00746,Edna,Omondi,22,Female,C001,Certificate,ednaomondiapp00746@yahoo.com
APP00747,Janet,Mwangi,34,Female,C005,Bachelor's,janetmwangiapp00747@outlook.com
APP00748,Gladys,Omondi,26,Female,C008,Diploma,gladysomondiapp00748@gmail.com
APP00749,Grace,Omondi,23,Female,C001,,graceomondiapp00749@gmail.com
APP00750,Irene,Mwangi,22,Female,C007,KCSE,irenemwangiapp00750@gmail.com
APP00751,Faith,Mohamed,18,Female,C006,KCSE,faithmohamedapp00751@gmail.com
APP00752,Naomi,Ndungu,21,Female,C009,KCSE,naomindunguapp00752@gmail.com
APP00753,Joy,Makena,34,Female,C001,Diploma,joymakenaapp00753@gmail.com
APP00754,Beatrice,Barasa,34,Female,C007,Bachelor's,beatricebarasaapp00754@gmail.com
APP00755,Ann,Ndungu,26,Female,C007,Certificate,annndunguapp00755@outlook.com
APP00756,Fatma,Gitau,18,Female,C007,Diploma,fatmagitauapp00756@gmail.com
APP00757,Dorcas,Koech,20,Female,C007,,dorcaskoechapp00757@outlook.com
APP00758,Christine,Gitau,20,Female,C004,,christinegitauapp00758@yahoo.com
APP00759,Janet,Omondi,22,Female,C003,KCSE,janetomondiapp00759@gmail.com
APP00760,Gladys,Chebet,35,Female,C008,Diploma,gladyschebetapp00760@gmail.com
APP00761,Rose,Ndungu,27,Female,C007,Diploma,rosendunguapp00761@gmail.com
APP00762,Mary,Abdalla,19,Female,C001,KCSE,maryabdallaapp00762@gmail.com
APP00763,Hellen,Nyambura,18,Female,C002,Certificate,hellennyamburaapp00763@gmail.com
APP00764,Grace,Omondi,34,Female,C007,Bachelor's,graceomondiapp00764@gmail.com
APP00765,Joy,Mohamed,26,Female,C002,,joymohamedapp00765@gmail.com
APP00766,Irene,Kiptoo,19,Female,C009,KCSE,irenekiptooapp00766@gmail.com
APP00767,Purity,Wambui,25,Female,C002,Certificate,puritywambuiapp00767@gmail.com
APP00768,Gladys,Kiptoo,26,Female,C009,Certificate,gladyskiptooapp00768@gmail.com
APP00769,Faith,Mutua,23,Female,C003,Certificate,faithmutuaapp00769@outlook.com
APP00770,Janet,Gitau,20,Female,C001,KCSE,janetgitauapp00770@gmail.com
APP00771,Hassan,Muli,26,Male,C008,Diploma,hassanmuliapp00771@yahoo.com
APP00772,Purity,Ali,21,Female,C004,KCSE,purityaliapp00772@gmail.com
APP00773,Eunice,Omondi,32,Female,C001,Bachelor's,euniceomondiapp00773@yahoo.com
APP00774,Mercy,Muli,27,Female,C004,Diploma,mercymuliapp00774@gmail.com
APP00775,Mercy,Muli,33,Female,C006,Bachelor's,mercymuliapp00775@hotmail.com
APP00776,Zainab,Muli,21,Female,C007,KCSE,zainabmuliapp00776@gmail.com
APP00777,Brian,Odhiambo,21,Male,C006,KCSE,brianodhiamboapp00777@gmail.com
APP00778,Dorcas,Muli,22,Female,C003,Certificate,dorcasmuliapp00778@gmail.com
APP00779,Mark,Ouma,26,Male,C008,Certificate,markoumaapp00779@gmail.com
APP00780,Joy,Barasa,18,Female,C001,KCSE,joybarasaapp00780@gmail.com
APP00781,Hassan,Koech,22,Male,C007,KCSE,hassankoechapp00781@yahoo.com
APP00782,Joseph,Odhiambo,30,Male,C001,Master's,josephodhiamboapp00782@hotmail.com
APP00783,Janet,Kiptoo,28,Female,C007,Bachelor's,janetkiptooapp00783@gmail.com
APP00784,Mercy,Makena,21,Female,C001,KCSE,mercymakenaapp00784@hotmail.com
APP00785,Diana,Nyongesa,19,Female,C007,Certificate,diananyongesaapp00785@gmail.com
APP00786,Gladys,Munyao,24,Female,C006,Diploma,gladysmunyaoapp00786@gmail.com
APP00787,Diana,Chebet,22,Female,C006,KCSE,dianachebetapp00787@gmail.com
APP00788,Charles,Nyongesa,21,Male,C006,KCSE,charlesnyongesaapp00788@gmail.com
APP00789,Jackline,Mutua,23,Female,C004,Bachelor's,jacklinemutuaapp00789@hotmail.com
APP00790,Sharon,Otieno,19,Female,C008,KCSE,sharonotienoapp00790@gmail.com
APP00791,Grace,Ouma,20,Female,C001,KCSE,graceoumaapp00791@yahoo.com
APP00792,Mercy,Odhiambo,18,Female,C001,,mercyodhiamboapp00792@gmail.com
APP00793,Aisha,Ali,23,Female,C006,KCSE,aishaaliapp00793@gmail.com
APP00794,Brenda,Juma,18,Female,C003,Diploma,brendajumaapp00794@outlook.com
APP00795,Faith,Wambui,18,Female,C007,KCSE,faithwambuiapp00795@yahoo.com
APP00796,Naomi,Kamau,24,Female,C009,Certificate,naomikamauapp00796@hotmail.com
APP00797,Grace,Gitau,21,Female,C003,KCSE,gracegitauapp00797@gmail.com
APP00798,Aisha,Abdalla,29,Female,C005,Bachelor's,aishaabdallaapp00798@yahoo.com
APP00799,Eric,Chebet,24,Male,C007,Diploma,ericchebetapp00799@gmail.com
APP00800,Naomi,Rotich,27,Female,C007,KCSE,naomirotichapp00800@gmail.com
APP00801,Dorcas,Mutua,23,Female,C009,Diploma,dorcasmutuaapp00801@gmail.com
APP00802,Irene,Muli,22,Female,C005,KCSE,irenemuliapp00802@gmail.com
APP00803,Janet,Rotich,21,Female,C006,KCSE,janetrotichapp00803@gmail.com
APP00804,John,Munyao,19,Male,C008,KCSE,johnmunyaoapp00804@gmail.com
APP00805,Beatrice,Musyoka,22,Female,C007,KCSE,beatricemusyokaapp00805@gmail.com
APP00806,Lydia,Koech,19,Female,C005,KCSE,lydiakoechapp00806@yahoo.com
APP00807,Edna,Mutua,19,Female,C002,KCSE,ednamutuaapp00807@gmail.com
APP00808,Kelvin,Njoroge,26,Male,C002,Certificate,kelvinnjorogeapp00808@gmail.com
APP00809,Brenda,Mohamed,18,Female,C001,Diploma,brendamohamedapp00809@gmail.com
APP00810,Halima,Ndungu,21,Female,C008,KCSE,halimandunguapp00810@gmail.com
APP00811,Esther,Kamau,25,Female,C008,Diploma,estherkamauapp00811@gmail.com
APP00812,Peter,Musyoka,35,Male,C007,Bachelor's,petermusyokaapp00812@gmail.com
APP00813,Rose,Wambui,19,Female,C001,Certificate,rosewambuiapp00813@outlook.com
APP00814,Gladys,Rotich,25,Female,C004,Bachelor's,gladysrotichapp00814@gmail.com
APP00815,Zainab,Abdalla,27,Female,C004,KCSE,zainababdallaapp00815@yahoo.com
APP00816,Joseph,Otieno,22,Male,C001,KCSE,josephotienoapp00816@gmail.com
APP00817,Joy,Muli,33,Female,C006,Bachelor's,joymuliapp00817@yahoo.com
APP00818,Zainab,Mutua,20,Female,C002,Certificate,zainabmutuaapp00818@gmail.com
APP00819,Mercy,Mohamed,21,Female,C007,Diploma,mercymohamedapp00819@gmail.com
APP00820,Purity,Otieno,19,Female,C001,KCSE,purityotienoapp00820@gmail.com
APP00821,Hellen,Wanjiku,19,Female,C009,KCSE,hellenwanjikuapp00821@gmail.com
APP00822,Brenda,Nyongesa,35,Female,C007,Bachelor's,brendanyongesaapp00822@gmail.com
APP00823,Lydia,Munyao,23,Female,C004,KCSE,lydiamunyaoapp00823@gmail.com
APP00824,Lydia,Mwangi,29,Female,C002,Diploma,lydiamwangiapp00824@gmail.com
APP00825,Mercy,Kariuki,23,Female,C003,Diploma,mercykariukiapp00825@gmail.com
APP00826,Mercy,Omondi,19,Female,C003,KCSE,mercyomondiapp00826@gmail.com
APP00827,Ann,Maina,20,Female,C005,Certificate,annmainaapp00827@gmail.com
APP00828,Aisha,Musyoka,22,Female,C008,KCSE,aishamusyokaapp00828@gmail.com
APP00829,Ann,Muli,24,Female,C007,Certificate,annmuliapp00829@hotmail.com
APP00830,Ann,Ouma,29,Female,C004,Bachelor's,annoumaapp00830@outlook.com
APP00831,Ann,Kamau,30,Female,C009,Bachelor's,annkamauapp00831@gmail.com
APP00832,Sharon,Wambui,25,Female,C007,Certificate,sharonwambuiapp00832@outlook.com
APP00833,Joy,Kamau,19,Female,C008,KCSE,joykamauapp00833@gmail.com
APP00834,Mercy,Mohamed,26,Female,C007,KCSE,mercymohamedapp00834@gmail.com
APP00835,Mary,Muli,21,Female,C005,KCSE,marymuliapp00835@gmail.com
APP00836,Fatma,Wambui,35,Female,C002,Bachelor's,fatmawambuiapp00836@yahoo.com
APP00837,Purity,Makena,35,Female,C008,Bachelor's,puritymakenaapp00837@gmail.com
APP00838,Mercy,Abdalla,28,Female,C001,Diploma,mercyabdallaapp00838@hotmail.com
APP00839,Naomi,Khalfan,21,Female,C006,KCSE,naomikhalfanapp00839@outlook.com
APP00840,Eunice,Koech,21,Female,C001,KCSE,eunicekoechapp00840@gmail.com
APP00841,Purity,Juma,23,Female,C001,Diploma,purityjumaapp00841@yahoo.com
APP00842,Charles,Ouma,21,Male,C001,KCSE,charlesoumaapp00842@gmail.com
APP00843,Esther,Musyoka,19,Female,C001,KCSE,esthermusyokaapp00843@yahoo.com
APP00844,Lydia,Odhiambo,25,Female,C001,Certificate,lydiaodhiamboapp00844@yahoo.com
APP00845,Amina,Kiptoo,22,Female,C002,KCSE,aminakiptooapp00845@gmail.com
APP00846,Aisha,Njoroge,23,Female,C001,KCSE,aishanjorogeapp00846@gmail.com
APP00847,Brian,Ndungu,22,Male,C008,KCSE,brianndunguapp00847@yahoo.com
APP00848,Aisha,Chebet,20,Female,C005,Certificate,aishachebetapp00848@gmail.com
APP00849,Ann,Gitau,33,Female,C009,Diploma,anngitauapp00849@gmail.com
APP00850,Caroline,Chebet,27,Female,C001,KCSE,carolinechebetapp00850@gmail.com
APP00851,Hellen,Otieno,20,Female,C004,KCSE,hellenotienoapp00851@yahoo.com
APP00852,Brenda,Kiptoo,26,Female,C001,Diploma,brendakiptooapp00852@gmail.com
APP00853,Joy,Mohamed,32,Female,C007,Bachelor's,joymohamedapp00853@outlook.com
APP00854,Edna,Nyongesa,19,Female,C008,KCSE,ednanyongesaapp00854@gmail.com
APP00855,Paul,Omondi,22,Male,C002,Diploma,paulomondiapp00855@gmail.com
APP00856,Halima,Mwangi,24,Female,C008,Bachelor's,halimamwangiapp00856@gmail.com
APP00857,Christine,Wambui,28,Female,C006,Bachelor's,christinewambuiapp00857@gmail.com
APP00858,Grace,Otieno,28,Female,C001,Bachelor's,graceotienoapp00858@yahoo.com
APP00859,Dorcas,Koech,19,Female,C007,KCSE,dorcaskoechapp00859@gmail.com
APP00860,Christine,Kariuki,26,Female,C007,Diploma,christinekariukiapp00860@gmail.com
APP00861,Mercy,Khalfan,21,Female,C008,KCSE,mercykhalfanapp00861@gmail.com
APP00862,Rose,Ali,22,Female,C008,KCSE,rosealiapp00862@gmail.com
APP00863,Zainab,Kiptoo,26,Female,C009,Certificate,zainabkiptooapp00863@gmail.com
APP00864,Esther,Wanjiku,21,Female,C007,Certificate,estherwanjikuapp00864@gmail.com
APP00865,Edna,Munyao,24,Female,C007,Certificate,ednamunyaoapp00865@gmail.com
APP00866,Joy,Ouma,21,Female,C007,KCSE,joyoumaapp00866@outlook.com
APP00867,Edna,Chebet,22,Female,C002,,ednachebetapp00867@yahoo.com
APP00868,Grace,Abdalla,24,Female,C001,KCSE,graceabdallaapp00868@gmail.com
APP00869,Edna,Wanjiku,23,Female,C005,Certificate,ednawanjikuapp00869@gmail.com
APP00870,   Diana,Rotich,29,Female,C003,Bachelor's,dianarotichapp00870@gmail.com
APP00871,Mary,Mohamed,25,Female,C003,Diploma,marymohamedapp00871@gmail.com
APP00872,Diana,Nyongesa,25,Female,C007,Certificate,diananyongesaapp00872@gmail.com
APP00873,Eunice,Juma,27,Female,C006,Certificate,eunicejumaapp00873@yahoo.com
APP00874,Lydia,Chebet,26,Female,C007,Diploma,lydiachebetapp00874@gmail.com
APP00875,Christine,Chebet,23,Female,C008,KCSE,christinechebetapp00875@gmail.com
APP00876,Naomi,Gitau,23,Female,C002,KCSE,naomigitauapp00876@gmail.com
APP00877,Aisha,Odhiambo,32,Female,C004,Master's,aishaodhiamboapp00877@gmail.com
APP00878,Dorcas,Ndungu,32,Female,C007,Bachelor's,dorcasndunguapp00878@gmail.com
APP00879,Mary,Odhiambo,29,Female,C003,Bachelor's,maryodhiamboapp00879@hotmail.com
APP00880,Irene,Maina,24,Female,C002,Diploma,irenemainaapp00880@gmail.com
APP00881,Halima,Munyao,20,Female,C001,Certificate,halimamunyaoapp00881@gmail.com
APP00882,Mercy,Makena,26,Female,C003,Diploma,mercymakenaapp00882@gmail.com
APP00883,Jackline,Ouma,22,Female,C007,KCSE,jacklineoumaapp00883@gmail.com
APP00884,Beatrice,Ali,26,Female,C001,KCSE,beatricealiapp00884@yahoo.com
APP00885,Diana,Ouma,21,Female,C007,,dianaoumaapp00885@gmail.com
APP00886,Hellen,Kamau,31,Female,C001,Bachelor's,hellenkamauapp00886@gmail.com
APP00887,Caroline,Musyoka,29,Female,C009,Bachelor's,carolinemusyokaapp00887@gmail.com
APP00888,    Beatrice,Mutua,32,Female,C008,Bachelor's,beatricemutuaapp00888@hotmail.com
APP00889,Dorcas,Mutua,20,Female,C007,,dorcasmutuaapp00889@gmail.com
APP00890,Irene,Rotich,22,Female,C008,Diploma,irenerotichapp00890@outlook.com
APP00891,   Diana,Barasa,23,Female,C002,Certificate,dianabarasaapp00891@yahoo.com
APP00892,Faith,Makena,22,Female,C003,KCSE,faithmakenaapp00892@gmail.com
APP00893,Rose,Rotich,25,Female,C004,Bachelor's,roserotichapp00893@gmail.com
APP00894,Grace,Otieno,27,Female,C007,KCSE,graceotienoapp00894@gmail.com
APP00895,Irene,Koech,23,Female,C002,Diploma,irenekoechapp00895@gmail.com
APP00896,Halima,Odhiambo,19,Female,C001,Certificate,halimaodhiamboapp00896@gmail.com
APP00897,Hellen,Maina,24,Female,C002,Certificate,hellenmainaapp00897@outlook.com
APP00898,Caroline,Mohamed,26,Female,C009,Diploma,carolinemohamedapp00898@yahoo.com
APP00899,Purity,Ali,26,Female,C001,Diploma,purityaliapp00899@gmail.com
APP00900,Jackline,Otieno,26,Female,C001,Certificate,jacklineotienoapp00900@gmail.com
APP00901,Edna,Wambui,21,Female,C001,KCSE,ednawambuiapp00901@hotmail.com
APP00902,Beatrice,Mwangi,22,Female,C003,KCSE,beatricemwangiapp00902@hotmail.com
APP00903,Brenda,Koech,21,Female,C009,KCSE,brendakoechapp00903@outlook.com
APP00904,Aisha,Omondi,23,Female,C008,Bachelor's,aishaomondiapp00904@gmail.com
APP00905,Jackline,Ali,34,Female,C006,Bachelor's,jacklinealiapp00905@gmail.com
APP00906,Caroline,Njoroge,21,Female,C005,Certificate,carolinenjorogeapp00906@gmail.com
APP00907,Aisha,Juma,25,Female,C006,Bachelor's,aishajumaapp00907@gmail.com
APP00908,Aisha,Khalfan,19,Female,C008,KCSE,aishakhalfanapp00908@yahoo.com
APP00909,Halima,Barasa,19,Female,C007,Diploma,halimabarasaapp00909@gmail.com
APP00910,Ann,Otieno,32,Female,C002,Master's,annotienoapp00910@gmail.com
APP00911,   Purity,Mohamed,19,Female,C003,KCSE,puritymohamedapp00911@hotmail.com
APP00912,Fatma,Omondi,18,Female,C007,KCSE,fatmaomondiapp00912@gmail.com
APP00913,Faith,Koech,22,Female,C007,KCSE,faithkoechapp00913@gmail.com
APP00914,Eunice,Otieno,21,Female,C009,KCSE,euniceotienoapp00914@gmail.com
APP00915,Jackline,Nyongesa,25,Female,C003,KCSE,jacklinenyongesaapp00915@gmail.com
APP00916,Mary,Nyongesa,18,Female,C003,KCSE,marynyongesaapp00916@gmail.com
APP00917,Amina,Omondi,22,Female,C003,KCSE,aminaomondiapp00917@gmail.com
APP00918,Christine,Koech,18,Female,C006,Diploma,christinekoechapp00918@gmail.com
APP00919,Faith,Njoroge,23,Female,C007,Certificate,faithnjorogeapp00919@gmail.com
APP00920,Aisha,Mutua,20,Female,C001,Certificate,aishamutuaapp00920@gmail.com
APP00921,Janet,Khalfan,27,Female,C007,KCSE,janetkhalfanapp00921@hotmail.com
APP00922,Mary,Ndungu,27,Female,C007,KCSE,maryndunguapp00922@gmail.com
APP00923,Janet,Barasa,30,Female,C008,Diploma,janetbarasaapp00923@gmail.com
APP00924,Halima,Muli,26,Female,C002,KCSE,halimamuliapp00924@gmail.com
APP00925,Lydia,Kamau,23,Female,C003,Diploma,lydiakamauapp00925@gmail.com
APP00926,Naomi,Ali,31,Female,C007,Bachelor's,naomialiapp00926@yahoo.com
APP00927,Hellen,Maina,27,Female,C009,Certificate,hellenmainaapp00927@yahoo.com
APP00928,Gladys,Kiptoo,25,Female,C007,Certificate,gladyskiptooapp00928@gmail.com
APP00929,    Purity,Mohamed,25,Female,C001,KCSE,puritymohamedapp00929@gmail.com
APP00930,Halima,Kariuki,22,Female,C008,KCSE,halimakariukiapp00930@gmail.com
APP00931,Halima,Makena,20,Female,C002,KCSE,halimamakenaapp00931@gmail.com
APP00932,Rose,Abdalla,22,Female,C001,KCSE,roseabdallaapp00932@gmail.com
APP00933,Halima,Otieno,19,Female,C004,Diploma,halimaotienoapp00933@gmail.com
APP00934,Joy,Nyambura,25,Female,C002,Diploma,joynyamburaapp00934@gmail.com
APP00935,Brenda,Rotich,20,Female,C001,KCSE,brendarotichapp00935@yahoo.com
APP00936,Diana,Njoroge,21,Female,C001,KCSE,diananjorogeapp00936@gmail.com
APP00937,Faith,Wambui,21,Female,C001,KCSE,faithwambuiapp00937@gmail.com
APP00938,Aisha,Koech,25,Female,C001,Bachelor's,aishakoechapp00938@gmail.com
APP00939,Janet,Musyoka,26,Female,C002,KCSE,janetmusyokaapp00939@gmail.com
APP00940,Hellen,Ouma,21,Female,C008,KCSE,hellenoumaapp00940@gmail.com
APP00941,Purity,Rotich,19,Female,C005,KCSE,purityrotichapp00941@gmail.com
APP00942,Ann,Koech,19,Female,C003,Diploma,annkoechapp00942@gmail.com
APP00943,Eunice,Ndungu,27,Female,C008,Certificate,eunicendunguapp00943@gmail.com
APP00944,Mercy,Kiptoo,19,Female,C007,KCSE,mercykiptooapp00944@gmail.com
APP00945,Mercy,Ouma,27,Female,C007,Bachelor's,mercyoumaapp00945@gmail.com
APP00946,Christine,Makena,26,Female,C001,KCSE,christinemakenaapp00946@gmail.com
APP00947,Zainab,Koech,20,Female,C008,KCSE,zainabkoechapp00947@gmail.com
APP00948,Peter,Koech,25,Male,C007,Diploma,peterkoechapp00948@gmail.com
APP00949,Dorcas,Ndungu,23,Female,C005,Certificate,dorcasndunguapp00949@yahoo.com
APP00950,Rose,Muli,26,Female,C001,KCSE,rosemuliapp00950@gmail.com
APP00951,Amina,Otieno,22,Female,C008,KCSE,aminaotienoapp00951@gmail.com
APP00952,Hellen,Ali,19,Female,C002,KCSE,hellenaliapp00952@yahoo.com
APP00953,   Sharon,Gitau,32,Female,C009,Diploma,sharongitauapp00953@hotmail.com
APP00954,Mercy,Juma,23,Female,C009,KCSE,mercyjumaapp00954@gmail.com
APP00955,Gladys,Muli,23,Female,C008,Diploma,gladysmuliapp00955@gmail.com
APP00956,Jackline,Mohamed,20,Female,C002,KCSE,jacklinemohamedapp00956@gmail.com
APP00957,Joy,Omondi,21,Female,C008,KCSE,joyomondiapp00957@gmail.com
APP00958,Mercy,Nyongesa,18,Female,C001,KCSE,mercynyongesaapp00958@gmail.com
APP00959,Mercy,Odhiambo,22,Female,C009,KCSE,mercyodhiamboapp00959@yahoo.com
APP00960,Beatrice,Ali,25,Female,C005,Diploma,beatricealiapp00960@gmail.com
APP00961,Faith,Mohamed,23,Female,C005,KCSE,faithmohamedapp00961@gmail.com
APP00962,Grace,Musyoka,22,Female,C008,KCSE,gracemusyokaapp00962@gmail.com
APP00963,Eunice,Wambui,19,Female,C007,Certificate,eunicewambuiapp00963@gmail.com
APP00964,Diana,Makena,26,Female,C003,Certificate,dianamakenaapp00964@gmail.com
APP00965,Eunice,Makena,18,Female,C002,Diploma,eunicemakenaapp00965@gmail.com
APP00966,Victor,Kiptoo,29,Male,C005,Bachelor's,victorkiptooapp00966@gmail.com
APP00967,Fatma,Nyambura,18,Female,C008,KCSE,fatmanyamburaapp00967@gmail.com
APP00968,Faith,Odhiambo,20,Female,C008,Diploma,faithodhiamboapp00968@gmail.com
APP00969,Zainab,Otieno,25,Female,C004,Certificate,zainabotienoapp00969@gmail.com
APP00970,Christine,Maina,30,Female,C007,Diploma,christinemainaapp00970@gmail.com
APP00971,Ann,Chebet,25,Female,C007,Diploma,annchebetapp00971@outlook.com
APP00972,Sharon,Njoroge,18,Female,C007,KCSE,sharonnjorogeapp00972@yahoo.com
APP00973,Ali,Munyao,22,Male,C003,KCSE,alimunyaoapp00973@outlook.com
APP00974,Naomi,Otieno,34,Female,C009,Bachelor's,naomiotienoapp00974@gmail.com
APP00975,Mark,Otieno,26,Male,C003,Diploma,markotienoapp00975@gmail.com
APP00976,Brenda,Mwangi,26,Female,C007,Diploma,brendamwangiapp00976@gmail.com
APP00977,Mary,Juma,27,Female,C009,Diploma,maryjumaapp00977@gmail.com
APP00978,Janet,Barasa,20,Female,C003,KCSE,janetbarasaapp00978@gmail.com
APP00979,Rose,Rotich,31,Female,C007,Bachelor's,roserotichapp00979@outlook.com
APP00980,Brenda,Mohamed,22,Female,C001,KCSE,brendamohamedapp00980@gmail.com
APP00981,Fatma,Rotich,21,Female,C008,KCSE,fatmarotichapp00981@gmail.com
APP00982,Sharon,Nyongesa,23,Female,C002,Certificate,sharonnyongesaapp00982@gmail.com
APP00983,Daniel,Wanjiku,18,Male,C008,KCSE,danielwanjikuapp00983@yahoo.com
APP00984,Jackline,Mohamed,18,Female,C008,KCSE,jacklinemohamedapp00984@gmail.com
APP00985,Aisha,Maina,32,Female,C001,Diploma,aishamainaapp00985@yahoo.com
APP00986,Kelvin,Kamau,28,Male,C005,Bachelor's,kelvinkamauapp00986@gmail.com
APP00987,Martin,Barasa,21,Male,C002,KCSE,martinbarasaapp00987@gmail.com
APP00988,Amina,Mutua,33,Female,C009,Bachelor's,aminamutuaapp00988@yahoo.com
APP00989,Mary,Rotich,23,Female,C005,Certificate,maryrotichapp00989@yahoo.com
APP00990,Joy,Otieno,28,Female,C004,Bachelor's,joyotienoapp00990@gmail.com
APP00991,Ann,Chebet,22,Female,C007,KCSE,annchebetapp00991@gmail.com
APP00992,Mercy,Gitau,34,Female,C004,Bachelor's,mercygitauapp00992@gmail.com
APP00993,Janet,Nyongesa,35,Female,C006,Bachelor's,janetnyongesaapp00993@gmail.com
APP00994,Steve,Muli,22,Male,C003,KCSE,stevemuliapp00994@yahoo.com
APP00995,Mercy,Maina,20,Female,C007,KCSE,mercymainaapp00995@gmail.com
APP00996,Gladys,Gitau,25,Female,C001,Certificate,gladysgitauapp00996@gmail.com
APP00997,Rose,Chebet,18,Female,C008,KCSE,rosechebetapp00997@yahoo.com
APP00998,Eunice,Khalfan,34,Female,C003,Master's,eunicekhalfanapp00998@gmail.com
APP00999,Aisha,Omondi,21,Female,C001,Certificate,aishaomondiapp00999@gmail.com
APP01000,Hassan,Wambui,18,Male,C007,KCSE,hassanwambuiapp01000@gmail.com
APP01001,Irene,Munyao,19,Female,C004,KCSE,irenemunyaoapp01001@gmail.com
APP01002,Purity,Ndungu,32,Female,C009,Bachelor's,purityndunguapp01002@yahoo.com
APP01003,Zainab,Omondi,27,Female,C002,Bachelor's,zainabomondiapp01003@gmail.com
APP01004,Rose,Kiptoo,30,Female,C001,Master's,rosekiptooapp01004@yahoo.com
APP01005,Hellen,Nyongesa,27,Female,C009,Diploma,hellennyongesaapp01005@gmail.com
APP01006,Irene,Nyongesa,18,Female,C007,Diploma,irenenyongesaapp01006@gmail.com
APP01007,     Fatma,Mwangi,24,Female,C007,,fatmamwangiapp01007@yahoo.com
APP01008,Halima,Odhiambo,35,Female,C001,Master's,halimaodhiamboapp01008@gmail.com
APP01009,Diana,Wanjiku,18,Female,C003,Certificate,dianawanjikuapp01009@gmail.com
APP01010,Eric,Nyambura,31,Male,C007,Diploma,ericnyamburaapp01010@gmail.com
APP01011,Eunice,Chebet,26,Female,C003,Diploma,eunicechebetapp01011@gmail.com
APP01012,Eunice,Gitau,34,Female,C007,Bachelor's,eunicegitauapp01012@gmail.com
APP01013,Amina,Khalfan,24,Female,C007,KCSE,aminakhalfanapp01013@yahoo.com
APP01014,Esther,Odhiambo,20,Female,C002,KCSE,estherodhiamboapp01014@gmail.com
APP01015,Edna,Munyao,26,Female,C003,Bachelor's,ednamunyaoapp01015@yahoo.com
APP01016,Lydia,Musyoka,19,Female,C004,Certificate,lydiamusyokaapp01016@gmail.com
APP01017,Joy,Barasa,24,Female,C001,Certificate,joybarasaapp01017@gmail.com
APP01018,Aisha,Barasa,26,Female,C003,Certificate,aishabarasaapp01018@gmail.com
APP01019,Lydia,Abdalla,21,Female,C003,Certificate,lydiaabdallaapp01019@yahoo.com
APP01020,Sharon,Muli,26,Female,C003,Diploma,sharonmuliapp01020@hotmail.com
APP01021,James,Nyambura,35,Male,C006,Diploma,jamesnyamburaapp01021@gmail.com
APP01022,John,Odhiambo,30,Male,C007,Master's,johnodhiamboapp01022@gmail.com
APP01023,Mercy,Muli,19,Female,C007,KCSE,mercymuliapp01023@gmail.com
APP01024,Esther,Kariuki,31,Female,C001,Bachelor's,estherkariukiapp01024@yahoo.com
APP01025,Hassan,Mutua,21,Male,C001,,hassanmutuaapp01025@gmail.com
APP01026,Purity,Juma,22,Female,C007,KCSE,purityjumaapp01026@gmail.com
APP01027,Lydia,Nyambura,19,Female,C008,KCSE,lydianyamburaapp01027@yahoo.com
APP01028,Naomi,Odhiambo,27,Female,C007,Diploma,naomiodhiamboapp01028@yahoo.com
APP01029,Ann,Musyoka,35,Female,C006,Diploma,annmusyokaapp01029@gmail.com
APP01030,Dorcas,Omondi,20,Female,C003,KCSE,dorcasomondiapp01030@yahoo.com
APP01031,Ann,Rotich,21,Female,C007,Certificate,annrotichapp01031@gmail.com
APP01032,Dorcas,Juma,25,Female,C005,Certificate,dorcasjumaapp01032@gmail.com
APP01033,Charles,Barasa,24,Male,C001,Certificate,charlesbarasaapp01033@yahoo.com
APP01034,Diana,Ouma,25,Female,C001,KCSE,dianaoumaapp01034@gmail.com
APP01035,Caroline,Njoroge,34,Female,C001,Bachelor's,carolinenjorogeapp01035@yahoo.com
APP01036,Sharon,Koech,23,Female,C001,Diploma,sharonkoechapp01036@outlook.com
APP01037,Gladys,Munyao,22,Female,C009,KCSE,gladysmunyaoapp01037@gmail.com
APP01038,Rose,Omondi,27,Female,C002,KCSE,roseomondiapp01038@gmail.com
APP01039,Lydia,Maina,33,Female,C009,Bachelor's,lydiamainaapp01039@gmail.com
APP01040,Faith,Maina,22,Female,C007,Diploma,faithmainaapp01040@gmail.com
APP01041,Joy,Maina,22,Female,C008,KCSE,joymainaapp01041@gmail.com
APP01042,Aisha,Juma,18,Female,C003,KCSE,aishajumaapp01042@gmail.com
APP01043,Amina,Njoroge,24,Female,C001,KCSE,aminanjorogeapp01043@gmail.com
APP01044,Amina,Kiptoo,26,Female,C009,Diploma,aminakiptooapp01044@outlook.com
APP01045,Eric,Njoroge,18,Male,C007,KCSE,ericnjorogeapp01045@gmail.com
APP01046,John,Nyongesa,20,Male,C007,KCSE,johnnyongesaapp01046@yahoo.com
APP01047,Charles,Musyoka,35,Male,C002,Bachelor's,charlesmusyokaapp01047@gmail.com
APP01048,Mary,Rotich,22,Female,C001,KCSE,maryrotichapp01048@gmail.com
APP01049,Brenda,Makena,22,Female,C009,,brendamakenaapp01049@gmail.com
APP01050,Emmanuel,Mohamed,21,Male,C006,KCSE,emmanuelmohamedapp01050@gmail.com
APP01051,Naomi,Wambui,20,Female,C003,KCSE,naomiwambuiapp01051@yahoo.com
APP01052,Gladys,Omondi,18,Female,C002,Diploma,gladysomondiapp01052@hotmail.com
APP01053,Purity,Chebet,18,Female,C001,Certificate,puritychebetapp01053@gmail.com
APP01054,Ann,Gitau,21,Female,C001,Certificate,anngitauapp01054@outlook.com
APP01055,Sharon,Njoroge,27,Female,C003,Certificate,sharonnjorogeapp01055@gmail.com
APP01056,Mary,Wanjiku,23,Female,C003,Diploma,marywanjikuapp01056@hotmail.com
APP01057,Amina,Omondi,18,Female,C003,KCSE,aminaomondiapp01057@gmail.com
APP01058,Mercy,Njoroge,18,Female,C004,Certificate,mercynjorogeapp01058@gmail.com
APP01059,Emmanuel,Wambui,25,Male,C007,KCSE,emmanuelwambuiapp01059@gmail.com
APP01060,Amina,Barasa,21,Female,C002,Certificate,aminabarasaapp01060@gmail.com
APP01061,Ann,Ouma,35,Female,C004,Bachelor's,annoumaapp01061@yahoo.com
APP01062,Lydia,Nyambura,27,Female,C007,Certificate,lydianyamburaapp01062@gmail.com
APP01063,Beatrice,Nyongesa,18,female,C003,Certificate,beatricenyongesaapp01063@gmail.com
APP01064,Aisha,Ouma,35,Female,C008,Diploma,aishaoumaapp01064@gmail.com
APP01065,Caroline,Kiptoo,20,Female,C001,KCSE,carolinekiptooapp01065@gmail.com
APP01066,Christine,Khalfan,22,Female,C001,KCSE,christinekhalfanapp01066@gmail.com
APP01067,Sharon,   Rotich,27,Female,C001,Diploma,sharonrotichapp01067@outlook.com
APP01068,Jackline,Nyambura,19,Female,C002,KCSE,jacklinenyamburaapp01068@gmail.com
APP01069,Christine,Khalfan,29,Female,C009,Diploma,christinekhalfanapp01069@gmail.com
APP01070,Brenda,Mohamed,23,Female,C002,Bachelor's,brendamohamedapp01070@yahoo.com
APP01071,Daniel,Koech,31,Male,C001,Diploma,danielkoechapp01071@gmail.com
APP01072,Gladys,Mwangi,23,Female,C009,Diploma,gladysmwangiapp01072@hotmail.com
APP01073,Mercy,Wambui,20,Female,C001,KCSE,mercywambuiapp01073@yahoo.com
APP01074,Rose,Maina,30,Female,C007,Master's,rosemainaapp01074@yahoo.com
APP01075,Irene,Ndungu,27,Female,C003,Diploma,irenendunguapp01075@gmail.com
APP01076,Amina,Njoroge,19,Female,C002,Certificate,aminanjorogeapp01076@gmail.com
APP01077,Grace,Barasa,20,Female,C009,Diploma,gracebarasaapp01077@outlook.com
APP01078,Irene,Ali,30,Female,C001,Bachelor's,irenealiapp01078@gmail.com
APP01079,Amina,Mohamed,33,Female,C004,Master's,aminamohamedapp01079@outlook.com
APP01080,Ann,Munyao,20,Female,C001,Diploma,annmunyaoapp01080@gmail.com
APP01081,Amina,Rotich,28,Female,C005,Bachelor's,aminarotichapp01081@gmail.com
APP01082,Eunice,Nyongesa,19,Female,C003,KCSE,eunicenyongesaapp01082@gmail.com
APP01083,Christine,Ouma,30,Female,C009,Bachelor's,christineoumaapp01083@gmail.com
APP01084,Diana,Nyambura,31,Female,C001,Bachelor's,diananyamburaapp01084@hotmail.com
APP01085,Beatrice,       Mohamed,27,Female,C008,Diploma,beatricemohamedapp01085@gmail.com
APP01086,Beatrice,Ali,27,Female,C001,KCSE,beatricealiapp01086@gmail.com
APP01087,Eunice,Kariuki,21,Female,C009,KCSE,eunicekariukiapp01087@gmail.com
APP01088,Ann,Wambui,25,Female,C003,Certificate,annwambuiapp01088@gmail.com
APP01089,Christine,Omondi,20,Female,C001,KCSE,christineomondiapp01089@outlook.com
APP01090,Mohamed,Mutua,22,Male,C009,KCSE,mohamedmutuaapp01090@gmail.com
APP01091,Irene,Chebet,28,Female,C001,Bachelor's,irenechebetapp01091@yahoo.com
APP01092,Lydia,Odhiambo,21,Female,C006,KCSE,lydiaodhiamboapp01092@gmail.com
APP01093,Purity,Ali,21,Female,C006,Diploma,purityaliapp01093@yahoo.com
APP01094,Fatma,Ndungu,31,Female,C003,Diploma,fatmandunguapp01094@gmail.com
APP01095,Aisha,Munyao,19,Female,C003,KCSE,aishamunyaoapp01095@gmail.com
APP01096,Diana,Nyongesa,33,Female,C006,Master's,diananyongesaapp01096@gmail.com
APP01097,Purity,Juma,19,Female,C002,KCSE,purityjumaapp01097@gmail.com
APP01098,Grace,Khalfan,31,Female,C004,Diploma,gracekhalfanapp01098@gmail.com
APP01099,Aisha,Odhiambo,22,Female,C009,KCSE,aishaodhiamboapp01099@gmail.com
APP01100,Caroline,Khalfan,33,Female,C008,Bachelor's,carolinekhalfanapp01100@gmail.com
APP01101,David,Gitau,22,Male,C001,KCSE,davidgitauapp01101@gmail.com
APP01102,Sharon,Barasa,32,Female,C009,Bachelor's,sharonbarasaapp01102@gmail.com
APP01103,Mercy,Mohamed,20,Female,C001,KCSE,mercymohamedapp01103@gmail.com
APP01104,Ann,Wanjiku,26,Female,C004,Certificate,annwanjikuapp01104@gmail.com
APP01105,Amina,Barasa,20,Female,C008,KCSE,aminabarasaapp01105@gmail.com
APP01106,Gladys,Odhiambo,19,Female,C002,KCSE,gladysodhiamboapp01106@gmail.com
APP01107,Eunice,Barasa,18,Female,C001,KCSE,eunicebarasaapp01107@gmail.com
APP01108,Hellen,Wanjiku,22,Female,C007,KCSE,hellenwanjikuapp01108@hotmail.com
APP01109,Brian,Koech,20,Male,C003,KCSE,briankoechapp01109@outlook.com
APP01110,Janet,Mwangi,34,Female,C001,Bachelor's,janetmwangiapp01110@gmail.com
APP01111,Halima,Abdalla,28,Female,C009,Bachelor's,halimaabdallaapp01111@hotmail.com
APP01112,Ann,Mwangi,22,Female,C005,KCSE,annmwangiapp01112@gmail.com
APP01113,Caroline,Rotich,32,Female,C009,Bachelor's,carolinerotichapp01113@gmail.com
APP01114,Ann,Ouma,22,Female,C006,Diploma,annoumaapp01114@gmail.com
APP01115,Ann,Muli,19,Female,C001,KCSE,annmuliapp01115@gmail.com
APP01116,Grace,Chebet,29,Female,C007,Bachelor's,gracechebetapp01116@gmail.com
APP01117,     Fatma,Ali,26,Female,C001,Diploma,fatmaaliapp01117@hotmail.com
APP01118,Mark,Kamau,20,Male,C002,Diploma,markkamauapp01118@gmail.com
APP01119,     Eunice,Abdalla,29,Female,C004,Bachelor's,euniceabdallaapp01119@gmail.com
APP01120,John,Barasa,24,Male,C007,Certificate,johnbarasaapp01120@yahoo.com
APP01121,Emmanuel,Nyongesa,21,Male,C007,KCSE,emmanuelnyongesaapp01121@gmail.com
APP01122,Ann,Munyao,24,Female,C001,Certificate,annmunyaoapp01122@gmail.com
APP01123,Diana,Otieno,19,Female,C007,Diploma,dianaotienoapp01123@gmail.com
APP01124,Rose,Khalfan,24,Female,C007,Certificate,rosekhalfanapp01124@gmail.com
APP01125,Mary,Otieno,23,Female,C001,Certificate,maryotienoapp01125@gmail.com
APP01126,Grace,Mohamed,28,Female,C004,Master's,gracemohamedapp01126@outlook.com
APP01127,Sharon,Koech,30,Female,C001,Bachelor's,sharonkoechapp01127@gmail.com
APP01128,Jackline,Gitau,22,Female,C001,KCSE,jacklinegitauapp01128@gmail.com
APP01129,Naomi,Njoroge,21,Female,C008,KCSE,naominjorogeapp01129@yahoo.com
APP01130,Ann,Wambui,34,Female,C007,Bachelor's,annwambuiapp01130@gmail.com
APP01131,Irene,Wambui,27,Female,C006,Certificate,irenewambuiapp01131@gmail.com
APP01132,James,Kamau,26,Male,C008,Diploma,jameskamauapp01132@gmail.com
APP01133,Joy,Abdalla,33,Female,C009,Bachelor's,joyabdallaapp01133@gmail.com
APP01134,Diana,Kamau,34,Female,C009,Bachelor's,dianakamauapp01134@gmail.com
APP01135,Grace,Maina,22,Female,C009,KCSE,gracemainaapp01135@gmail.com
APP01136,Mary,Wanjiku,27,Female,C003,Diploma,marywanjikuapp01136@yahoo.com
APP01137,Grace,Mutua,25,Female,C005,Bachelor's,gracemutuaapp01137@yahoo.com
APP01138,Eunice,Maina,21,Female,C003,KCSE,eunicemainaapp01138@outlook.com
APP01139,Hellen,Ali,33,Female,C007,Diploma,hellenaliapp01139@yahoo.com
APP01140,Janet,Juma,27,Female,C007,KCSE,janetjumaapp01140@gmail.com
APP01141,Edna,Ndungu,27,Female,C007,Certificate,ednandunguapp01141@gmail.com
APP01142,Janet,Kiptoo,23,Female,C006,Diploma,janetkiptooapp01142@gmail.com
APP01143,Joy,Muli,22,Female,C001,Diploma,joymuliapp01143@gmail.com
APP01144,Joseph,Abdalla,22,Male,C007,Certificate,josephabdallaapp01144@yahoo.com
APP01145,Irene,Maina,20,Female,C007,KCSE,irenemainaapp01145@gmail.com
APP01146,Christine,Munyao,34,Female,C004,Diploma,christinemunyaoapp01146@gmail.com
APP01147,Lydia,Njoroge,34,Female,C006,Bachelor's,lydianjorogeapp01147@gmail.com
APP01148,Purity,Wambui,20,Female,C004,KCSE,puritywambuiapp01148@gmail.com
APP01149,Naomi,Maina,26,Female,C009,Bachelor's,naomimainaapp01149@gmail.com
APP01150,Diana,Musyoka,29,Female,C006,Bachelor's,dianamusyokaapp01150@gmail.com
APP01151,Gladys,Abdalla,20,Female,C001,Certificate,gladysabdallaapp01151@yahoo.com
APP01152,Esther,Nyongesa,24,Female,C004,Certificate,esthernyongesaapp01152@gmail.com
APP01153,Faith,Barasa,24,Female,C007,Diploma,faithbarasaapp01153@gmail.com
APP01154,Ann,Musyoka,22,Female,C005,Certificate,annmusyokaapp01154@gmail.com
APP01155,Caroline,Odhiambo,26,Female,C006,Certificate,carolineodhiamboapp01155@gmail.com
APP01156,Eunice,Omondi,33,Female,C002,Bachelor's,euniceomondiapp01156@hotmail.com
APP01157,Brenda,Wambui,21,Female,C006,KCSE,brendawambuiapp01157@gmail.com
APP01158,Jackline,Juma,31,Female,C004,Diploma,jacklinejumaapp01158@yahoo.com
APP01159,Brenda,Maina,26,Female,C004,Diploma,brendamainaapp01159@gmail.com
APP01160,Naomi,Abdalla,21,Female,C008,KCSE,naomiabdallaapp01160@hotmail.com
APP01161,Sharon,Wanjiku,21,Female,C008,KCSE,sharonwanjikuapp01161@outlook.com
APP01162,Mercy,Nyongesa,21,Female,C008,Certificate,mercynyongesaapp01162@gmail.com
APP01163,Edna,Juma,23,Female,C001,Certificate,ednajumaapp01163@gmail.com
APP01164,Peter,Abdalla,24,Male,C002,KCSE,peterabdallaapp01164@gmail.com
APP01165,Rose,Nyambura,20,Female,C008,KCSE,rosenyamburaapp01165@outlook.com
APP01166,Zainab,Juma,24,Female,C006,Certificate,zainabjumaapp01166@gmail.com
APP01167,Edna,Rotich,18,Female,C009,Certificate,ednarotichapp01167@gmail.com
APP01168,Grace,Otieno,22,Female,C001,Certificate,graceotienoapp01168@gmail.com
APP01169,Fatma,Muli,24,Female,C008,Diploma,fatmamuliapp01169@yahoo.com
APP01170,Mary,Kariuki,25,Female,C004,Diploma,marykariukiapp01170@outlook.com
APP01171,Edna,Barasa,22,Female,C008,KCSE,ednabarasaapp01171@gmail.com
APP01172,Rose,Makena,28,Female,C007,Bachelor's,rosemakenaapp01172@gmail.com
APP01173,Jackline,Koech,18,Female,C009,Certificate,jacklinekoechapp01173@yahoo.com
APP01174,Eunice,Ndungu,18,Female,C002,Certificate,eunicendunguapp01174@yahoo.com
APP01175,Caroline,Kiptoo,21,Female,C007,KCSE,carolinekiptooapp01175@gmail.com
APP01176,Dorcas,Barasa,19,Female,C008,KCSE,dorcasbarasaapp01176@outlook.com
APP01177,Beatrice,Musyoka,26,Female,C003,KCSE,beatricemusyokaapp01177@gmail.com
APP01178,Christine,Koech,20,Female,C007,KCSE,christinekoechapp01178@gmail.com
APP01179,Gladys,Wanjiku,21,Female,C001,KCSE,gladyswanjikuapp01179@outlook.com
APP01180,Caroline,Otieno,21,Female,C003,KCSE,carolineotienoapp01180@outlook.com
APP01181,Caroline,Kiptoo,20,Female,C006,KCSE,carolinekiptooapp01181@gmail.com
APP01182,Grace,Abdalla,27,Female,C001,Certificate,graceabdallaapp01182@gmail.com
APP01183,Eunice,Kamau,19,Female,C007,KCSE,eunicekamauapp01183@gmail.com
APP01184,Gladys,Mohamed,25,Female,C002,Diploma,gladysmohamedapp01184@gmail.com
APP01185,Amina,Omondi,18,Female,C004,Certificate,aminaomondiapp01185@gmail.com
APP01186,Faith,Nyambura,20,Female,C008,Diploma,faithnyamburaapp01186@gmail.com
APP01187,Kennedy,Chebet,21,Male,C007,KCSE,kennedychebetapp01187@outlook.com
APP01188,Brian,Maina,21,Male,C001,KCSE,brianmainaapp01188@gmail.com
APP01189,Eunice,Makena,26,Female,C009,KCSE,eunicemakenaapp01189@gmail.com
APP01190,Fatma,Maina,32,Female,C007,Bachelor's,fatmamainaapp01190@yahoo.com
APP01191,Joy,Ouma,20,Female,C004,KCSE,joyoumaapp01191@gmail.com
APP01192,Caroline,Muli,24,Female,C007,Diploma,carolinemuliapp01192@gmail.com
APP01193,Mary,Omondi,32,Female,C001,Bachelor's,maryomondiapp01193@gmail.com
APP01194,Beatrice,Omondi,22,Female,C008,KCSE,beatriceomondiapp01194@gmail.com
APP01195,Faith,Ali,18,Female,C007,KCSE,faithaliapp01195@gmail.com
APP01196,Sharon,Barasa,24,Female,C001,Certificate,sharonbarasaapp01196@gmail.com
APP01197,Christine,Njoroge,22,Female,C009,KCSE,christinenjorogeapp01197@yahoo.com
APP01198,Janet,Kamau,18,Female,C009,KCSE,janetkamauapp01198@gmail.com
APP01199,Dorcas,Odhiambo,24,Female,C004,KCSE,dorcasodhiamboapp01199@outlook.com
APP01200,Eunice,Chebet,27,Female,C009,Certificate,eunicechebetapp01200@gmail.com
APP01201,Christine,Chebet,24,Female,C004,Certificate,christinechebetapp01201@gmail.com
APP01202,Caroline,Gitau,19,Female,C007,KCSE,carolinegitauapp01202@gmail.com
APP01203,Janet,Odhiambo,24,Female,C007,Certificate,janetodhiamboapp01203@hotmail.com
APP01204,Sharon,Nyongesa,24,Female,C005,Certificate,sharonnyongesaapp01204@gmail.com
APP01205,Mohamed,Mwangi,18,Male,C009,KCSE,mohamedmwangiapp01205@yahoo.com
APP01206,Gladys,Ali,28,Female,C007,Master's,gladysaliapp01206@gmail.com
APP01207,Grace,Maina,18,Female,C008,KCSE,gracemainaapp01207@outlook.com
APP01208,Joy,Maina,28,Female,C001,Diploma,joymainaapp01208@gmail.com
APP01209,Halima,Wambui,31,Female,C007,Bachelor's,halimawambuiapp01209@gmail.com
APP01210,Lydia,Ndungu,18,Female,C001,KCSE,lydiandunguapp01210@outlook.com
APP01211,Edna,Ouma,29,Female,C005,Bachelor's,ednaoumaapp01211@outlook.com
APP01212,Amina,Ali,31,Female,C007,Master's,aminaaliapp01212@outlook.com
APP01213,Irene,Kamau,21,Female,C008,KCSE,irenekamauapp01213@gmail.com
APP01214,John,Nyambura,34,Male,C008,Bachelor's,johnnyamburaapp01214@gmail.com
APP01215,Mary,Munyao,33,Female,C009,Bachelor's,marymunyaoapp01215@gmail.com
APP01216,Zainab,Khalfan,27,Female,C009,Bachelor's,zainabkhalfanapp01216@gmail.com
APP01217,Beatrice,Nyambura,23,Female,C002,Certificate,beatricenyamburaapp01217@yahoo.com
APP01218,Purity,Koech,18,Female,C006,Certificate,puritykoechapp01218@gmail.com
APP01219,Peter,Koech,21,Male,C009,KCSE,peterkoechapp01219@gmail.com
APP01220,Mark,Musyoka,19,Male,C002,KCSE,markmusyokaapp01220@gmail.com
APP01221,Eunice,Barasa,29,Female,C005,Bachelor's,eunicebarasaapp01221@gmail.com
APP01222,Aisha,Nyambura,22,Female,C009,KCSE,aishanyamburaapp01222@outlook.com
APP01223,Janet,Chebet,24,Female,C001,Certificate,janetchebetapp01223@gmail.com
APP01224,Ann,Ouma,27,Female,C001,Diploma,annoumaapp01224@gmail.com
APP01225,Jackline,Mwangi,23,Female,C007,Diploma,jacklinemwangiapp01225@gmail.com
APP01226,Mercy,Mohamed,18,Female,C008,KCSE,mercymohamedapp01226@hotmail.com
APP01227,Aisha,Rotich,29,Female,C004,Diploma,aisharotichapp01227@gmail.com
APP01228,Fatma,Mohamed,21,Female,C001,KCSE,fatmamohamedapp01228@gmail.com
APP01229,Dorcas,Ouma,25,Female,C002,Diploma,dorcasoumaapp01229@gmail.com
APP01230,Irene,Makena,24,Female,C003,Diploma,irenemakenaapp01230@gmail.com
APP01231,Sharon,Abdalla,24,Female,C006,KCSE,sharonabdallaapp01231@outlook.com
APP01232,Eunice,Mohamed,33,Female,C003,Bachelor's,eunicemohamedapp01232@yahoo.com
APP01233,Jackline,Rotich,18,Female,C007,KCSE,jacklinerotichapp01233@gmail.com
APP01234,Patrick,Musyoka,24,Male,C001,Diploma,patrickmusyokaapp01234@gmail.com
APP01235,Mary,Kamau,31,Female,C006,Bachelor's,marykamauapp01235@gmail.com
APP01236,Hellen,Mutua,23,Female,C008,KCSE,hellenmutuaapp01236@gmail.com
APP01237,Caroline,Kiptoo,27,Female,C001,Certificate,carolinekiptooapp01237@gmail.com
APP01238,Lydia,Mwangi,26,Female,C004,Certificate,lydiamwangiapp01238@gmail.com
APP01239,David,Mwangi,23,Male,C004,Diploma,davidmwangiapp01239@gmail.com
APP01240,Martin,Njoroge,26,Male,C007,Certificate,martinnjorogeapp01240@gmail.com
APP01241,Kevin,Kiptoo,20,Male,C007,KCSE,kevinkiptooapp01241@yahoo.com
APP01242,Paul,Musyoka,27,Male,C004,Certificate,paulmusyokaapp01242@outlook.com
APP01243,Purity,Koech,24,Female,C001,Diploma,puritykoechapp01243@hotmail.com
APP01244,Irene,Munyao,21,Female,C001,KCSE,irenemunyaoapp01244@gmail.com
APP01245,Hassan,Kamau,19,Male,C007,KCSE,hassankamauapp01245@yahoo.com
APP01246,Kevin,Ali,19,Male,C003,KCSE,kevinaliapp01246@yahoo.com
APP01247,Caroline,Kariuki,20,Female,C004,KCSE,carolinekariukiapp01247@yahoo.com
APP01248,Caroline,Omondi,34,Female,C005,Diploma,carolineomondiapp01248@yahoo.com
APP01249,Mary,Njoroge,19,Female,C003,Certificate,marynjorogeapp01249@gmail.com
APP01250,Amina,Njoroge,32,Female,C001,Bachelor's,aminanjorogeapp01250@gmail.com
APP01251,Janet,Wanjiku,31,Female,C007,Master's,janetwanjikuapp01251@gmail.com
APP01252,Esther,Barasa,35,Female,C007,Diploma,estherbarasaapp01252@outlook.com
APP01253,Halima,Maina,35,Female,C001,Diploma,halimamainaapp01253@yahoo.com
APP01254,Jackline,Mohamed,26,Female,C009,Certificate,jacklinemohamedapp01254@gmail.com
APP01255,Beatrice,Mwangi,28,Female,C004,Bachelor's,beatricemwangiapp01255@gmail.com
APP01256,Grace,Odhiambo,26,Female,C009,Bachelor's,graceodhiamboapp01256@gmail.com
APP01257,Lydia,Muli,34,Female,C007,Bachelor's,lydiamuliapp01257@gmail.com
APP01258,Ann,Abdalla,28,Female,C007,Bachelor's,annabdallaapp01258@gmail.com
APP01259,Eunice,Gitau,25,Female,C007,KCSE,eunicegitauapp01259@gmail.com
APP01260,Naomi,Mohamed,27,Female,C005,Diploma,naomimohamedapp01260@gmail.com
APP01261,Naomi,Gitau,25,Female,C007,Certificate,naomigitauapp01261@hotmail.com
APP01262,Emmanuel,Koech,30,Male,C007,Diploma,emmanuelkoechapp01262@gmail.com
APP01263,Martin,Nyambura,18,Male,C008,KCSE,martinnyamburaapp01263@gmail.com
APP01264,Amina,Ali,19,Female,C002,KCSE,aminaaliapp01264@gmail.com
APP01265,Brenda,Ouma,20,Female,C004,KCSE,brendaoumaapp01265@gmail.com
APP01266,Esther,Ouma,19,Female,C003,KCSE,estheroumaapp01266@gmail.com
APP01267,Naomi,Mwangi,32,Female,C005,Diploma,naomimwangiapp01267@gmail.com
APP01268,Sharon,Wanjiku,19,Female,C004,KCSE,sharonwanjikuapp01268@hotmail.com
APP01269,Brenda,Kariuki,22,Female,C007,KCSE,brendakariukiapp01269@gmail.com
APP01270,Amina,Mohamed,24,Female,C001,Certificate,aminamohamedapp01270@gmail.com
APP01271,Eunice,Ouma,32,Female,C004,Diploma,euniceoumaapp01271@gmail.com
APP01272,Rose,Gitau,27,Female,C009,Certificate,rosegitauapp01272@gmail.com
APP01273,Rose,Chebet,31,Female,C002,Diploma,rosechebetapp01273@gmail.com
APP01274,Mary,Kariuki,27,Female,C007,Certificate,marykariukiapp01274@outlook.com
APP01275,Ann,Maina,20,Female,C002,KCSE,annmainaapp01275@gmail.com
APP01276,Gladys,Mohamed,21,Female,C004,Certificate,gladysmohamedapp01276@gmail.com
APP01277,Diana,Mutua,24,Female,C005,Diploma,dianamutuaapp01277@gmail.com
APP01278,Esther,Otieno,20,Female,C007,KCSE,estherotienoapp01278@gmail.com
APP01279,Rose,Mutua,26,Female,C008,Certificate,rosemutuaapp01279@gmail.com
APP01280,Hellen,Nyongesa,27,Female,C007,Certificate,hellennyongesaapp01280@gmail.com
APP01281,Kevin,Kiptoo,24,Male,C007,Diploma,kevinkiptooapp01281@gmail.com
APP01282,Hellen,Nyongesa,23,Female,C006,Diploma,hellennyongesaapp01282@gmail.com
APP01283,Sharon,Muli,23,Female,C006,Certificate,sharonmuliapp01283@gmail.com
APP01284,Naomi,Omondi,21,Female,C001,KCSE,naomiomondiapp01284@yahoo.com
APP01285,Faith,Munyao,25,Female,C009,Bachelor's,faithmunyaoapp01285@yahoo.com
APP01286,Grace,Munyao,25,Female,C009,Diploma,gracemunyaoapp01286@gmail.com
APP01287,Eunice,Kamau,29,Female,C001,Diploma,eunicekamauapp01287@gmail.com
APP01288,Halima,Otieno,27,Female,C002,Certificate,halimaotienoapp01288@gmail.com
APP01289,Janet,Ouma,26,Female,C002,KCSE,janetoumaapp01289@gmail.com
APP01290,Christine,Otieno,27,Female,C007,Certificate,christineotienoapp01290@gmail.com
APP01291,Caroline,Mwangi,22,Female,C005,Certificate,carolinemwangiapp01291@outlook.com
APP01292,Mercy,Mohamed,28,Female,C006,Diploma,mercymohamedapp01292@gmail.com
APP01293,Gladys,Maina,22,Female,C009,KCSE,gladysmainaapp01293@gmail.com
APP01294,Mercy,Muli,24,Female,C002,Certificate,mercymuliapp01294@gmail.com
APP01295,Aisha,Nyambura,19,Female,C003,Certificate,aishanyamburaapp01295@yahoo.com
APP01296,Mary,Njoroge,23,Female,C007,Certificate,marynjorogeapp01296@gmail.com
APP01297,Mary,Wanjiku,20,Female,C003,KCSE,marywanjikuapp01297@gmail.com
APP01298,Sharon,Juma,30,Female,C007,Master's,sharonjumaapp01298@yahoo.com
APP01299,Mary,Barasa,27,Female,C008,Bachelor's,marybarasaapp01299@outlook.com
APP01300,Purity,Abdalla,22,Female,C005,KCSE,purityabdallaapp01300@gmail.com
APP01301,Eunice,Munyao,23,Female,C007,Certificate,eunicemunyaoapp01301@hotmail.com
APP01302,Rose,Chebet,21,Female,C007,KCSE,rosechebetapp01302@gmail.com
APP01303,Grace,Juma,21,Female,C007,Diploma,gracejumaapp01303@gmail.com
APP01304,Eric,Barasa,28,Male,C003,Diploma,ericbarasaapp01304@outlook.com
APP01305,Halima,Wambui,21,Female,C008,Certificate,halimawambuiapp01305@outlook.com
APP01306,Diana,Otieno,23,Female,C007,KCSE,dianaotienoapp01306@yahoo.com
APP01307,Esther,Ouma,23,Female,C007,Diploma,estheroumaapp01307@gmail.com
APP01308,Aisha,Ndungu,24,Female,C002,Certificate,aishandunguapp01308@gmail.com
APP01309,Lydia,Wanjiku,18,Female,C007,Certificate,lydiawanjikuapp01309@outlook.com
APP01310,Rose,Kariuki,26,Female,C007,Diploma,rosekariukiapp01310@gmail.com
APP01311,Edna,Ouma,25,Female,C001,Bachelor's,ednaoumaapp01311@gmail.com
APP01312,Irene,Kariuki,24,Female,C008,Certificate,irenekariukiapp01312@hotmail.com
APP01313,Amina,Musyoka,18,Female,C002,KCSE,aminamusyokaapp01313@hotmail.com
APP01314,Caroline,Kamau,20,Female,C002,KCSE,carolinekamauapp01314@hotmail.com
APP01315,Janet,Wanjiku,35,Female,C003,Bachelor's,janetwanjikuapp01315@gmail.com
APP01316,Zainab,Kamau,21,Female,C006,Diploma,zainabkamauapp01316@gmail.com
APP01317,Christine,Khalfan,20,Female,C005,KCSE,christinekhalfanapp01317@gmail.com
APP01318,Janet,Rotich,31,Female,C006,Diploma,janetrotichapp01318@gmail.com
APP01319,Beatrice,Wanjiku,30,Female,C001,Bachelor's,beatricewanjikuapp01319@gmail.com
APP01320,Mercy,Juma,22,Female,C007,Certificate,mercyjumaapp01320@gmail.com
APP01321,Aisha,Nyambura,20,Female,C001,KCSE,aishanyamburaapp01321@yahoo.com
APP01322,Brenda,Ndungu,20,Female,C009,KCSE,brendandunguapp01322@gmail.com
APP01323,Rose,Ouma,23,Female,C007,Diploma,roseoumaapp01323@gmail.com
APP01324,Paul,Kariuki,21,Male,C007,Certificate,paulkariukiapp01324@gmail.com
APP01325,Eric,Musyoka,22,Male,C003,KCSE,ericmusyokaapp01325@gmail.com
APP01326,Aisha,Mwangi,31,Female,C005,Bachelor's,aishamwangiapp01326@gmail.com
APP01327,Mary,Mwangi,20,Female,C007,KCSE,marymwangiapp01327@hotmail.com
APP01328,Jackline,Ouma,18,Female,C005,KCSE,jacklineoumaapp01328@gmail.com
APP01329,David,Khalfan,24,Male,C002,Certificate,davidkhalfanapp01329@outlook.com
APP01330,Faith,Muli,21,Female,C004,KCSE,faithmuliapp01330@gmail.com
APP01331,Mercy,Makena,23,Female,C001,Certificate,mercymakenaapp01331@gmail.com
APP01332,Mercy,Omondi,34,Female,C008,Diploma,mercyomondiapp01332@gmail.com
APP01333,Lydia,Koech,27,Female,C009,Certificate,lydiakoechapp01333@gmail.com
APP01334,Eunice,Nyongesa,23,Female,C001,Certificate,eunicenyongesaapp01334@yahoo.com
APP01335,Fatma,Abdalla,21,Female,C008,KCSE,fatmaabdallaapp01335@outlook.com
APP01336,Christine,Wanjiku,20,Female,C001,KCSE,christinewanjikuapp01336@gmail.com
APP01337,Esther,Njoroge,23,Female,C006,Diploma,esthernjorogeapp01337@hotmail.com
APP01338,Diana,Mwangi,19,Female,C004,KCSE,dianamwangiapp01338@gmail.com
APP01339,Christine,Mwangi,32,Female,C008,Bachelor's,christinemwangiapp01339@gmail.com
APP01340,Ann,Gitau,23,Female,C001,Diploma,anngitauapp01340@gmail.com
APP01341,Mercy,Mwangi,25,Female,C009,Diploma,mercymwangiapp01341@gmail.com
APP01342,Diana,Nyambura,27,Female,C005,Diploma,diananyamburaapp01342@gmail.com
APP01343,Ann,Otieno,31,Female,C001,Bachelor's,annotienoapp01343@yahoo.com
APP01344,Mercy,Wanjiku,21,Female,C001,KCSE,mercywanjikuapp01344@hotmail.com
APP01345,Zainab,Abdalla,22,Female,C008,Certificate,zainababdallaapp01345@gmail.com
APP01346,Dorcas,Mohamed,18,Female,C003,KCSE,dorcasmohamedapp01346@gmail.com
APP01347,Purity,Gitau,27,Female,C009,Diploma,puritygitauapp01347@gmail.com
APP01348,Mary,Mutua,21,Female,C001,KCSE,marymutuaapp01348@yahoo.com
APP01349,Lydia,Maina,22,Female,C007,Diploma,lydiamainaapp01349@gmail.com
APP01350,Hellen,Njoroge,27,Female,C002,Certificate,hellennjorogeapp01350@yahoo.com
APP01351,Faith,Mutua,30,Female,C003,Diploma,faithmutuaapp01351@gmail.com
APP01352,Brenda,Mohamed,32,Female,C007,Master's,brendamohamedapp01352@gmail.com
APP01353,Faith,Munyao,21,Female,C007,KCSE,faithmunyaoapp01353@gmail.com
APP01354,Caroline,Kariuki,21,Female,C005,KCSE,carolinekariukiapp01354@gmail.com
APP01355,Zainab,Kiptoo,22,Female,C003,KCSE,zainabkiptooapp01355@gmail.com
APP01356,Brenda,Njoroge,20,Female,C001,KCSE,brendanjorogeapp01356@gmail.com
APP01357,Amina,Musyoka,22,Female,C004,Certificate,aminamusyokaapp01357@gmail.com
APP01358,Joy,Nyongesa,18,Female,C006,KCSE,joynyongesaapp01358@gmail.com
APP01359,Rose,Abdalla,22,Female,C002,KCSE,roseabdallaapp01359@yahoo.com
APP01360,Mercy,Muli,19,Female,C001,Certificate,mercymuliapp01360@gmail.com
APP01361,Esther,Odhiambo,23,Female,C009,Certificate,estherodhiamboapp01361@yahoo.com
APP01362,Beatrice,Wambui,18,Female,C004,KCSE,beatricewambuiapp01362@hotmail.com
APP01363,Gladys,Gitau,25,Female,C009,Diploma,gladysgitauapp01363@yahoo.com
APP01364,Lydia,Musyoka,21,Female,C003,Certificate,lydiamusyokaapp01364@gmail.com
APP01365,Dorcas,Wanjiku,21,Female,C004,KCSE,dorcaswanjikuapp01365@gmail.com
APP01366,Brenda,Kiptoo,20,Female,C006,KCSE,brendakiptooapp01366@gmail.com
APP01367,Irene,Rotich,26,Female,C003,Diploma,irenerotichapp01367@yahoo.com
APP01368,Mercy,Odhiambo,22,Female,C008,Diploma,mercyodhiamboapp01368@gmail.com
APP01369,Diana,Abdalla,31,Female,C008,Master's,dianaabdallaapp01369@gmail.com
APP01370,Dennis,Makena,21,Male,C009,KCSE,dennismakenaapp01370@yahoo.com
APP01371,Hellen,Ndungu,21,Female,C008,KCSE,hellenndunguapp01371@gmail.com
APP01372,Mercy,Nyongesa,28,Female,C004,Diploma,mercynyongesaapp01372@gmail.com
APP01373,Naomi,Ndungu,20,Female,C008,KCSE,naomindunguapp01373@gmail.com
APP01374,David,Njoroge,21,Male,C001,KCSE,davidnjorogeapp01374@gmail.com
APP01375,Naomi,Munyao,28,Female,C007,Bachelor's,naomimunyaoapp01375@gmail.com
APP01376,Eric,Kariuki,22,Male,C008,KCSE,erickariukiapp01376@gmail.com
APP01377,Esther,Musyoka,25,Female,C003,KCSE,esthermusyokaapp01377@gmail.com
APP01378,Charles,Otieno,21,Male,C008,KCSE,charlesotienoapp01378@gmail.com
APP01379,Grace,Nyambura,20,Female,C003,KCSE,gracenyamburaapp01379@yahoo.com
APP01380,Irene,Abdalla,20,Female,C006,KCSE,ireneabdallaapp01380@gmail.com
APP01381,Lydia,Kariuki,27,Female,C009,Diploma,lydiakariukiapp01381@outlook.com
APP01382,Mercy,Juma,32,Female,C005,Bachelor's,mercyjumaapp01382@yahoo.com
APP01383,Ann,Kamau,20,Female,C002,KCSE,annkamauapp01383@gmail.com
APP01384,Ann,Kiptoo,19,Female,C008,KCSE,annkiptooapp01384@gmail.com
APP01385,Dorcas,Ouma,28,Female,C004,Bachelor's,dorcasoumaapp01385@gmail.com
APP01386,Irene,Odhiambo,22,Female,C007,KCSE,ireneodhiamboapp01386@gmail.com
APP01387,Caroline,Wanjiku,32,Female,C008,Bachelor's,carolinewanjikuapp01387@yahoo.com
APP01388,Aisha,Musyoka,24,Female,C001,Certificate,aishamusyokaapp01388@gmail.com
APP01389,Faith,Barasa,22,Female,C003,KCSE,faithbarasaapp01389@gmail.com
APP01390,Purity,Koech,22,Female,C009,KCSE,puritykoechapp01390@gmail.com
APP01391,Kelvin,Wanjiku,35,Male,C009,Bachelor's,kelvinwanjikuapp01391@gmail.com
APP01392,Fatma,Mwangi,22,Female,C006,KCSE,fatmamwangiapp01392@outlook.com
APP01393,Gladys,Wanjiku,23,Female,C002,Certificate,gladyswanjikuapp01393@gmail.com
APP01394,Diana,Ndungu,20,Female,C001,KCSE,dianandunguapp01394@gmail.com
APP01395,Irene,Ouma,18,Female,C009,KCSE,ireneoumaapp01395@gmail.com
APP01396,Amina,Abdalla,23,Female,C007,Diploma,aminaabdallaapp01396@gmail.com
APP01397,Mary,Wanjiku,20,Female,C003,KCSE,marywanjikuapp01397@yahoo.com
APP01398,Halima,Abdalla,20,Female,C007,Certificate,halimaabdallaapp01398@gmail.com
APP01399,Mercy,Mohamed,34,Female,C008,Bachelor's,mercymohamedapp01399@gmail.com
APP01400,Christine,Ali,34,Female,C001,Master's,christinealiapp01400@outlook.com
APP01401,Rose,Ouma,25,Female,C001,Bachelor's,roseoumaapp01401@gmail.com
APP01402,Brenda,Koech,23,Female,C007,Diploma,brendakoechapp01402@yahoo.com
APP01403,Naomi,Maina,20,Female,C009,KCSE,naomimainaapp01403@gmail.com
APP01404,Aisha,Makena,18,Female,C002,Certificate,aishamakenaapp01404@hotmail.com
APP01405,Edna,Mohamed,19,Female,C001,KCSE,ednamohamedapp01405@gmail.com
APP01406,Lydia,Otieno,18,Female,C001,Certificate,lydiaotienoapp01406@gmail.com
APP01407,Hellen,Muli,33,Female,C002,Master's,hellenmuliapp01407@yahoo.com
APP01408,Jackline,Wanjiku,27,Female,C007,Diploma,jacklinewanjikuapp01408@gmail.com
APP01409,Janet,Munyao,32,Female,C008,Diploma,janetmunyaoapp01409@gmail.com
APP01410,Irene,Odhiambo,22,Female,C009,KCSE,ireneodhiamboapp01410@gmail.com
APP01411,Zainab,Ouma,24,Female,C007,Diploma,zainaboumaapp01411@hotmail.com
APP01412,Mary,Ndungu,30,Female,C002,Diploma,maryndunguapp01412@gmail.com
APP01413,Dorcas,Mohamed,24,Female,C005,Certificate,dorcasmohamedapp01413@gmail.com
APP01414,Beatrice,Nyambura,20,Female,C001,Diploma,beatricenyamburaapp01414@gmail.com
APP01415,Hassan,Munyao,24,Male,C008,Bachelor's,hassanmunyaoapp01415@gmail.com
APP01416,Esther,Khalfan,34,Female,C004,Bachelor's,estherkhalfanapp01416@yahoo.com
APP01417,Purity,Odhiambo,26,Female,C006,Diploma,purityodhiamboapp01417@gmail.com
APP01418,Caroline,Barasa,19,Female,C001,KCSE,carolinebarasaapp01418@yahoo.com
APP01419,Janet,Juma,31,Female,C004,Bachelor's,janetjumaapp01419@gmail.com
APP01420,Aisha,Wanjiku,27,Female,C001,Diploma,aishawanjikuapp01420@gmail.com
APP01421,Joy,Kariuki,24,Female,C001,Certificate,joykariukiapp01421@gmail.com
APP01422,Esther,Khalfan,32,Female,C009,Bachelor's,estherkhalfanapp01422@gmail.com
APP01423,Grace,Musyoka,32,Female,C001,Master's,gracemusyokaapp01423@gmail.com
APP01424,Fatma,Omondi,24,Female,C007,Diploma,fatmaomondiapp01424@gmail.com
APP01425,Dorcas,Munyao,24,Female,C003,Certificate,dorcasmunyaoapp01425@gmail.com
APP01426,Dorcas,Otieno,23,Female,C004,Bachelor's,dorcasotienoapp01426@gmail.com
APP01427,Aisha,Mwangi,18,Female,C007,Diploma,aishamwangiapp01427@gmail.com
APP01428,Grace,Ali,21,Female,C008,Diploma,gracealiapp01428@gmail.com
APP01429,Mercy,Kiptoo,26,Female,C009,Certificate,mercykiptooapp01429@gmail.com
APP01430,Brenda,Wanjiku,25,Female,C001,Bachelor's,brendawanjikuapp01430@yahoo.com
APP01431,Irene,Odhiambo,32,Female,C001,Bachelor's,ireneodhiamboapp01431@yahoo.com
APP01432,Hellen,Ali,21,Female,C009,KCSE,hellenaliapp01432@gmail.com
APP01433,Esther,Kamau,21,Female,C007,Certificate,estherkamauapp01433@hotmail.com
APP01434,Fatma,Njoroge,19,Female,C009,KCSE,fatmanjorogeapp01434@gmail.com
APP01435,Esther,Nyambura,25,Female,C002,Certificate,esthernyamburaapp01435@outlook.com
APP01436,Mark,Musyoka,27,Male,C009,Diploma,markmusyokaapp01436@gmail.com
APP01437,Mercy,Makena,25,Female,C009,Diploma,mercymakenaapp01437@hotmail.com
APP01438,Gladys,Chebet,30,Female,C007,Diploma,gladyschebetapp01438@outlook.com
APP01439,Faith,Wanjiku,20,Female,C001,KCSE,faithwanjikuapp01439@hotmail.com
APP01440,Joy,Abdalla,22,Female,C003,KCSE,joyabdallaapp01440@gmail.com
APP01441,Fatma,Omondi,18,Female,C007,KCSE,fatmaomondiapp01441@hotmail.com
APP01442,Janet,Maina,25,Female,C007,Certificate,janetmainaapp01442@gmail.com
APP01443,Aisha,Ali,26,Female,C008,Diploma,aishaaliapp01443@gmail.com
APP01444,Purity,Mohamed,26,Female,C005,Diploma,puritymohamedapp01444@gmail.com
APP01445,Eunice,Gitau,25,Female,C001,Certificate,eunicegitauapp01445@gmail.com
APP01446,Faith,Omondi,18,Female,C006,Certificate,faithomondiapp01446@gmail.com
APP01447,Hellen,Odhiambo,19,Female,C002,KCSE,hellenodhiamboapp01447@yahoo.com
APP01448,Dorcas,Mutua,28,Female,C009,Bachelor's,dorcasmutuaapp01448@gmail.com
APP01449,Christine,Omondi,34,Female,C001,Master's,christineomondiapp01449@gmail.com
APP01450,Mary,Wanjiku,21,Female,C007,KCSE,marywanjikuapp01450@gmail.com
APP01451,Caroline,Ndungu,18,Female,C007,Certificate,carolinendunguapp01451@gmail.com
APP01452,Gladys,Makena,27,Female,C002,Certificate,gladysmakenaapp01452@outlook.com
APP01453,Naomi,Njoroge,24,Female,C001,Certificate,naominjorogeapp01453@gmail.com
APP01454,Esther,Maina,20,Female,C002,Certificate,esthermainaapp01454@gmail.com
APP01455,Joy,Ndungu,26,Female,C006,Certificate,joyndunguapp01455@gmail.com
APP01456,Beatrice,Odhiambo,22,Female,C001,KCSE,beatriceodhiamboapp01456@gmail.com
APP01457,Halima,Kariuki,21,Female,C002,Certificate,halimakariukiapp01457@yahoo.com
APP01458,Eunice,Kamau,21,Female,C003,KCSE,eunicekamauapp01458@yahoo.com
APP01459,Beatrice,Mutua,21,Female,C006,KCSE,beatricemutuaapp01459@gmail.com
APP01460,Rose,Nyambura,19,Female,C001,Diploma,rosenyamburaapp01460@gmail.com
APP01461,Eunice,Otieno,18,Female,C008,KCSE,euniceotienoapp01461@gmail.com
APP01462,Dorcas,Maina,21,Female,C004,KCSE,dorcasmainaapp01462@gmail.com
APP01463,Irene,Kiptoo,27,Female,C009,Diploma,irenekiptooapp01463@gmail.com
APP01464,Grace,Nyambura,25,Female,C004,Diploma,gracenyamburaapp01464@outlook.com
APP01465,Naomi,Munyao,18,Female,C009,Certificate,naomimunyaoapp01465@outlook.com
APP01466,Mercy,Maina,32,Female,C003,Bachelor's,mercymainaapp01466@yahoo.com
APP01467,Joy,Ali,35,Female,C003,Bachelor's,joyaliapp01467@gmail.com
APP01468,Fatma,Mwangi,18,Female,C008,KCSE,fatmamwangiapp01468@outlook.com
APP01469,Faith,Njoroge,24,Female,C005,Certificate,faithnjorogeapp01469@gmail.com
APP01470,Kennedy,Musyoka,19,Male,C003,KCSE,kennedymusyokaapp01470@outlook.com
APP01471,Grace,Makena,27,Female,C001,KCSE,gracemakenaapp01471@hotmail.com
APP01472,Zainab,Barasa,19,Female,C003,KCSE,zainabbarasaapp01472@yahoo.com
APP01473,Brian,Munyao,24,Male,C004,Diploma,brianmunyaoapp01473@gmail.com
APP01474,Esther,Gitau,19,Female,C004,KCSE,esthergitauapp01474@gmail.com
APP01475,Dorcas,Juma,19,Female,C007,KCSE,dorcasjumaapp01475@gmail.com
APP01476,Gladys,Makena,22,Female,C007,KCSE,gladysmakenaapp01476@yahoo.com
APP01477,Esther,Abdalla,21,Female,C002,Certificate,estherabdallaapp01477@gmail.com
APP01478,Amina,Otieno,32,Female,C007,Master's,aminaotienoapp01478@yahoo.com
APP01479,Halima,Barasa,29,Female,C002,Diploma,halimabarasaapp01479@yahoo.com
APP01480,Joy,Mwangi,20,Female,C002,KCSE,joymwangiapp01480@gmail.com
APP01481,Ann,Ndungu,23,Female,C004,KCSE,annndunguapp01481@gmail.com
APP01482,Lydia,Kiptoo,21,Female,C008,KCSE,lydiakiptooapp01482@gmail.com
APP01483,Mercy,Mohamed,35,Female,C001,Bachelor's,mercymohamedapp01483@gmail.com
APP01484,Amina,Chebet,18,Female,C009,KCSE,aminachebetapp01484@hotmail.com
APP01485,Aisha,Ndungu,22,Female,C008,Diploma,aishandunguapp01485@gmail.com
APP01486,Lydia,Odhiambo,22,Female,C007,KCSE,lydiaodhiamboapp01486@gmail.com
APP01487,Lydia,Njoroge,23,Female,C001,Certificate,lydianjorogeapp01487@gmail.com
APP01488,Irene,Gitau,35,Female,C008,Bachelor's,irenegitauapp01488@gmail.com
APP01489,Aisha,Nyongesa,27,Female,C002,Certificate,aishanyongesaapp01489@gmail.com
APP01490,Zainab,Njoroge,21,Female,C001,KCSE,zainabnjorogeapp01490@gmail.com
APP01491,Christine,Mwangi,19,Female,C007,Diploma,christinemwangiapp01491@gmail.com
APP01492,Dorcas,Gitau,26,Female,C008,Diploma,dorcasgitauapp01492@hotmail.com
APP01493,Dorcas,Mohamed,30,Female,C007,Bachelor's,dorcasmohamedapp01493@gmail.com
APP01494,Sharon,Odhiambo,19,Female,C003,Certificate,sharonodhiamboapp01494@gmail.com
APP01495,Janet,Mwangi,19,Female,C008,KCSE,janetmwangiapp01495@yahoo.com
APP01496,Jackline,Mutua,34,Female,C006,Bachelor's,jacklinemutuaapp01496@gmail.com
APP01497,Irene,Ouma,19,Female,C003,KCSE,ireneoumaapp01497@gmail.com
APP01498,Sharon,Ali,34,Female,C003,Bachelor's,sharonaliapp01498@gmail.com
APP01499,Christine,Wambui,22,Female,C001,Certificate,christinewambuiapp01499@gmail.com
APP01500,Zainab,Kiptoo,28,Female,C003,Diploma,zainabkiptooapp01500@gmail.com
APP01501,Zainab,Mutua,23,Female,C007,Certificate,zainabmutuaapp01501@yahoo.com
APP01502,Amina,Juma,34,Female,C005,Bachelor's,aminajumaapp01502@yahoo.com
APP01503,Esther,Juma,22,Female,C004,KCSE,estherjumaapp01503@gmail.com
APP01504,Aisha,Makena,24,Female,C007,Diploma,aishamakenaapp01504@gmail.com
APP01505,Christine,Munyao,26,Female,C007,Diploma,christinemunyaoapp01505@yahoo.com
APP01506,Grace,Khalfan,24,Female,C001,Bachelor's,gracekhalfanapp01506@gmail.com
APP01507,Rose,Gitau,24,Female,C004,Diploma,rosegitauapp01507@yahoo.com
APP01508,Jackline,Gitau,25,Female,C002,Certificate,jacklinegitauapp01508@gmail.com
APP01509,Rose,Mohamed,21,Female,C001,KCSE,rosemohamedapp01509@outlook.com
APP01510,Purity,Mutua,28,Female,C008,Master's,puritymutuaapp01510@gmail.com
APP01511,Hellen,Wanjiku,25,Female,C009,Certificate,hellenwanjikuapp01511@yahoo.com
APP01512,Caroline,Juma,20,Female,C006,KCSE,carolinejumaapp01512@outlook.com
APP01513,Amina,Mutua,19,Female,C003,KCSE,aminamutuaapp01513@gmail.com
APP01514,Mary,Abdalla,23,Female,C001,Certificate,maryabdallaapp01514@gmail.com
APP01515,Christine,Nyambura,20,Female,C005,Certificate,christinenyamburaapp01515@gmail.com
APP01516,Rose,Mutua,33,Female,C007,Bachelor's,rosemutuaapp01516@outlook.com
APP01517,Collins,Juma,21,Male,C008,KCSE,collinsjumaapp01517@gmail.com
APP01518,Gladys,Kariuki,18,Female,C009,Diploma,gladyskariukiapp01518@yahoo.com
APP01519,Rose,Barasa,35,Female,C008,Diploma,rosebarasaapp01519@outlook.com
APP01520,Aisha,Otieno,19,Female,C009,KCSE,aishaotienoapp01520@gmail.com
APP01521,Zainab,Munyao,30,Female,C001,Bachelor's,zainabmunyaoapp01521@gmail.com
APP01522,Halima,Mutua,23,Female,C005,Certificate,halimamutuaapp01522@gmail.com
APP01523,Ann,Juma,28,Female,C002,Bachelor's,annjumaapp01523@gmail.com
APP01524,Rose,Maina,18,Female,C005,KCSE,rosemainaapp01524@gmail.com
APP01525,Eunice,Odhiambo,23,Female,C006,KCSE,euniceodhiamboapp01525@gmail.com
APP01526,Edna,Mohamed,18,Female,C007,KCSE,ednamohamedapp01526@gmail.com
APP01527,Diana,Wambui,24,Female,C001,Certificate,dianawambuiapp01527@gmail.com
APP01528,Hellen,Koech,35,Female,C007,Diploma,hellenkoechapp01528@gmail.com
APP01529,Lydia,Mutua,18,Female,C007,KCSE,lydiamutuaapp01529@gmail.com
APP01530,Mary,Rotich,28,Female,C007,Bachelor's,maryrotichapp01530@gmail.com
APP01531,Edna,Mutua,19,Female,C003,KCSE,ednamutuaapp01531@gmail.com
APP01532,Fatma,Omondi,29,Female,C009,Master's,fatmaomondiapp01532@gmail.com
APP01533,Halima,Koech,22,Female,C006,KCSE,halimakoechapp01533@gmail.com
APP01534,Halima,Wanjiku,27,Female,C007,Bachelor's,halimawanjikuapp01534@gmail.com
APP01535,Jackline,Nyambura,28,Female,C005,Master's,jacklinenyamburaapp01535@gmail.com
APP01536,Mary,Makena,22,Female,C006,Certificate,marymakenaapp01536@gmail.com
APP01537,Mary,Kariuki,18,Female,C005,Certificate,marykariukiapp01537@gmail.com
APP01538,Jackline,Rotich,35,Female,C009,Bachelor's,jacklinerotichapp01538@gmail.com
APP01539,Irene,Musyoka,19,Female,C001,KCSE,irenemusyokaapp01539@gmail.com
APP01540,Brenda,Wambui,21,Female,C001,Certificate,brendawambuiapp01540@gmail.com
APP01541,Eunice,Abdalla,34,Female,C002,Diploma,euniceabdallaapp01541@gmail.com
APP01542,Halima,Maina,30,Female,C004,Diploma,halimamainaapp01542@gmail.com
APP01543,Irene,Gitau,31,Female,C003,Bachelor's,irenegitauapp01543@gmail.com
APP01544,Janet,Chebet,18,Female,C003,KCSE,janetchebetapp01544@yahoo.com
APP01545,Amina,Ali,35,Female,C004,Bachelor's,aminaaliapp01545@yahoo.com
APP01546,Grace,Omondi,27,Female,C001,Diploma,graceomondiapp01546@gmail.com
APP01547,Ali,Chebet,25,Male,C007,Certificate,alichebetapp01547@gmail.com
APP01548,Esther,Gitau,19,Female,C009,Diploma,esthergitauapp01548@gmail.com
APP01549,Esther,Abdalla,24,Female,C007,KCSE,estherabdallaapp01549@gmail.com
APP01550,Halima,Gitau,27,Female,C008,Diploma,halimagitauapp01550@gmail.com
APP01551,Mary,Gitau,26,Female,C002,Certificate,marygitauapp01551@gmail.com
APP01552,Diana,Rotich,20,Female,C001,KCSE,dianarotichapp01552@hotmail.com
APP01553,Beatrice,Khalfan,21,Female,C003,Diploma,beatricekhalfanapp01553@gmail.com
APP01554,Aisha,Khalfan,19,Female,C001,KCSE,aishakhalfanapp01554@gmail.com
APP01555,Purity,Khalfan,18,Female,C002,KCSE,puritykhalfanapp01555@gmail.com
APP01556,Faith,Khalfan,19,Female,C004,KCSE,faithkhalfanapp01556@gmail.com
APP01557,Irene,Chebet,21,Female,C003,KCSE,irenechebetapp01557@hotmail.com
APP01558,Dennis,Kiptoo,32,Male,C009,Bachelor's,denniskiptooapp01558@outlook.com
APP01559,Joy,Nyambura,19,Female,C009,KCSE,joynyamburaapp01559@gmail.com
APP01560,Dorcas,Khalfan,22,Female,C001,KCSE,dorcaskhalfanapp01560@outlook.com
APP01561,John,Nyambura,26,Male,C002,Diploma,johnnyamburaapp01561@gmail.com
APP01562,Halima,Rotich,26,Female,C009,KCSE,halimarotichapp01562@gmail.com
APP01563,Fatma,Makena,26,Female,C007,Certificate,fatmamakenaapp01563@outlook.com
APP01564,Sharon,Rotich,23,Female,C005,Certificate,sharonrotichapp01564@outlook.com
APP01565,Mercy,Koech,27,Female,C008,Certificate,mercykoechapp01565@gmail.com
APP01566,Mercy,Chebet,25,Female,C004,Diploma,mercychebetapp01566@gmail.com
APP01567,Amina,Koech,24,Female,C001,Diploma,aminakoechapp01567@gmail.com
APP01568,Gladys,Ali,21,Female,C001,KCSE,gladysaliapp01568@gmail.com
APP01569,Fatma,Musyoka,30,Female,C001,Bachelor's,fatmamusyokaapp01569@gmail.com
APP01570,Jackline,Juma,33,Female,C002,Bachelor's,jacklinejumaapp01570@gmail.com
APP01571,Ann,Wanjiku,19,Female,C005,KCSE,annwanjikuapp01571@outlook.com
APP01572,Grace,Makena,22,Female,C008,KCSE,gracemakenaapp01572@yahoo.com
APP01573,Ann,Abdalla,31,Female,C004,Bachelor's,annabdallaapp01573@gmail.com
APP01574,Purity,Omondi,22,Female,C008,Diploma,purityomondiapp01574@outlook.com
APP01575,Esther,Wanjiku,20,Female,C006,KCSE,estherwanjikuapp01575@yahoo.com
APP01576,Esther,Nyambura,27,Female,C003,KCSE,esthernyamburaapp01576@gmail.com
APP01577,Hellen,Barasa,21,Female,C007,Certificate,hellenbarasaapp01577@gmail.com
APP01578,Zainab,Wambui,35,Female,C007,Bachelor's,zainabwambuiapp01578@gmail.com
APP01579,Fatma,Njoroge,19,Female,C006,KCSE,fatmanjorogeapp01579@gmail.com
APP01580,Eunice,Kariuki,24,Female,C005,Certificate,eunicekariukiapp01580@gmail.com
APP01581,Gladys,Nyambura,21,Female,C005,KCSE,gladysnyamburaapp01581@gmail.com
APP01582,Joy,Njoroge,33,Female,C008,Diploma,joynjorogeapp01582@yahoo.com
APP01583,Peter,Omondi,33,Male,C002,Bachelor's,peteromondiapp01583@yahoo.com
APP01584,Zainab,Muli,18,Female,C008,KCSE,zainabmuliapp01584@gmail.com
APP01585,Naomi,Chebet,22,Female,C001,Certificate,naomichebetapp01585@yahoo.com
APP01586,Mercy,Munyao,22,Female,C004,Diploma,mercymunyaoapp01586@gmail.com
APP01587,Naomi,Wanjiku,25,Female,C004,KCSE,naomiwanjikuapp01587@gmail.com
APP01588,Grace,Khalfan,18,Female,C003,Diploma,gracekhalfanapp01588@yahoo.com
APP01589,Edna,Abdalla,25,Female,C001,Diploma,ednaabdallaapp01589@gmail.com
APP01590,Halima,Mohamed,31,Female,C001,Diploma,halimamohamedapp01590@gmail.com
APP01591,Rose,Wambui,32,Female,C001,Diploma,rosewambuiapp01591@hotmail.com
APP01592,Esther,Nyongesa,24,Female,C007,KCSE,esthernyongesaapp01592@gmail.com
APP01593,Halima,Makena,21,Female,C005,KCSE,halimamakenaapp01593@gmail.com
APP01594,Diana,Khalfan,22,Female,C003,KCSE,dianakhalfanapp01594@gmail.com
APP01595,Esther,Gitau,22,Female,C009,Certificate,esthergitauapp01595@gmail.com
APP01596,Esther,Musyoka,20,Female,C009,KCSE,esthermusyokaapp01596@gmail.com
APP01597,Hellen,Abdalla,24,Female,C003,Certificate,hellenabdallaapp01597@gmail.com
APP01598,Joy,Musyoka,22,Female,C001,KCSE,joymusyokaapp01598@yahoo.com
APP01599,Irene,Odhiambo,25,Female,C007,Certificate,ireneodhiamboapp01599@outlook.com
APP01600,Mark,Nyambura,28,Male,C009,Bachelor's,marknyamburaapp01600@gmail.com
APP01601,Esther,Mohamed,28,Female,C001,Master's,esthermohamedapp01601@yahoo.com
APP01602,Faith,Mutua,33,Female,C002,Bachelor's,faithmutuaapp01602@gmail.com
APP01603,Joseph,Kamau,26,Male,C007,Diploma,josephkamauapp01603@hotmail.com
APP01604,Fatma,Wanjiku,18,Female,C001,KCSE,fatmawanjikuapp01604@gmail.com
APP01605,Lydia,Musyoka,32,Female,C003,Bachelor's,lydiamusyokaapp01605@gmail.com
APP01606,Fatma,Kamau,22,Female,C008,KCSE,fatmakamauapp01606@gmail.com
APP01607,Kevin,Chebet,20,Male,C007,KCSE,kevinchebetapp01607@gmail.com
APP01608,Gladys,Wambui,33,Female,C005,Bachelor's,gladyswambuiapp01608@gmail.com
APP01609,Jackline,Musyoka,28,Female,C009,Master's,jacklinemusyokaapp01609@gmail.com
APP01610,Beatrice,Maina,21,Female,C008,KCSE,beatricemainaapp01610@gmail.com
APP01611,Diana,Mutua,33,Female,C009,Bachelor's,dianamutuaapp01611@gmail.com
APP01612,Hassan,Otieno,23,Male,C008,Diploma,hassanotienoapp01612@hotmail.com
APP01613,Mercy,Omondi,27,Female,C003,Certificate,mercyomondiapp01613@gmail.com
APP01614,Mary,Ouma,35,Female,C001,Bachelor's,maryoumaapp01614@gmail.com
APP01615,Christine,Nyambura,18,Female,C006,Certificate,christinenyamburaapp01615@gmail.com
APP01616,Diana,Wambui,19,Female,C003,KCSE,dianawambuiapp01616@gmail.com
APP01617,Rose,Barasa,24,Female,C004,Bachelor's,rosebarasaapp01617@gmail.com
APP01618,Dorcas,Wanjiku,19,Female,C006,KCSE,dorcaswanjikuapp01618@hotmail.com
APP01619,Amina,Omondi,18,Female,C003,KCSE,aminaomondiapp01619@gmail.com
APP01620,Halima,Nyambura,26,Female,C002,Certificate,halimanyamburaapp01620@outlook.com
APP01621,Grace,Musyoka,26,Female,C009,Certificate,gracemusyokaapp01621@gmail.com
APP01622,Lydia,Mutua,26,Female,C004,Diploma,lydiamutuaapp01622@gmail.com
APP01623,Halima,Kariuki,21,Female,C007,KCSE,halimakariukiapp01623@gmail.com
APP01624,Eunice,Chebet,23,Female,C001,Diploma,eunicechebetapp01624@gmail.com
APP01625,Kennedy,Maina,25,Male,C007,Diploma,kennedymainaapp01625@gmail.com
APP01626,Kennedy,Kariuki,20,Male,C009,KCSE,kennedykariukiapp01626@gmail.com
APP01627,Fatma,Mutua,22,Female,C001,Diploma,fatmamutuaapp01627@gmail.com
APP01628,Edna,Omondi,34,Female,C003,Bachelor's,ednaomondiapp01628@gmail.com
APP01629,Gladys,Abdalla,29,Female,C002,Master's,gladysabdallaapp01629@yahoo.com
APP01630,Joy,Juma,22,Female,C002,KCSE,joyjumaapp01630@gmail.com
APP01631,Lydia,Kamau,32,Female,C003,Diploma,lydiakamauapp01631@gmail.com
APP01632,Ann,Otieno,29,Female,C009,Bachelor's,annotienoapp01632@gmail.com
APP01633,Brenda,Nyambura,18,Female,C001,Diploma,brendanyamburaapp01633@yahoo.com
APP01634,Amina,Muli,23,Female,C009,Diploma,aminamuliapp01634@gmail.com
APP01635,Fatma,Khalfan,22,Female,C009,KCSE,fatmakhalfanapp01635@gmail.com
APP01636,Joy,Munyao,23,Female,C009,Bachelor's,joymunyaoapp01636@yahoo.com
APP01637,Aisha,Kiptoo,33,Female,C009,Bachelor's,aishakiptooapp01637@hotmail.com
APP01638,John,Kariuki,27,Male,C001,Diploma,johnkariukiapp01638@gmail.com
APP01639,Naomi,Njoroge,31,Female,C007,Bachelor's,naominjorogeapp01639@gmail.com
APP01640,Lydia,Kiptoo,19,Female,C008,KCSE,lydiakiptooapp01640@gmail.com
APP01641,Hellen,Khalfan,27,Female,C003,Diploma,hellenkhalfanapp01641@gmail.com
APP01642,Naomi,Odhiambo,20,Female,C001,KCSE,naomiodhiamboapp01642@gmail.com
APP01643,Beatrice,Kariuki,25,Female,C006,KCSE,beatricekariukiapp01643@gmail.com
APP01644,Sharon,Otieno,18,Female,C007,KCSE,sharonotienoapp01644@outlook.com
APP01645,Janet,Kiptoo,23,Female,C006,Diploma,janetkiptooapp01645@gmail.com
APP01646,Esther,Kiptoo,35,Female,C007,Bachelor's,estherkiptooapp01646@gmail.com
APP01647,Naomi,Nyongesa,19,Female,C007,Certificate,naominyongesaapp01647@gmail.com
APP01648,Purity,Rotich,27,Female,C007,KCSE,purityrotichapp01648@gmail.com
APP01649,Grace,Mohamed,22,Female,C001,Certificate,gracemohamedapp01649@gmail.com
APP01650,Hellen,Omondi,20,Female,C008,KCSE,hellenomondiapp01650@yahoo.com
APP01651,Esther,Mohamed,19,Female,C001,Diploma,esthermohamedapp01651@outlook.com
APP01652,Mercy,Gitau,21,Female,C001,KCSE,mercygitauapp01652@gmail.com
APP01653,Christine,Mutua,19,Female,C002,Certificate,christinemutuaapp01653@gmail.com
APP01654,Dorcas,Kiptoo,21,Female,C001,Certificate,dorcaskiptooapp01654@gmail.com
APP01655,Edna,Kamau,27,Female,C001,Certificate,ednakamauapp01655@gmail.com
APP01656,Mohamed,Kamau,26,Male,C002,Diploma,mohamedkamauapp01656@gmail.com
APP01657,Gladys,Musyoka,21,Female,C008,KCSE,gladysmusyokaapp01657@gmail.com
APP01658,Mary,Mohamed,24,Female,C002,KCSE,marymohamedapp01658@gmail.com
APP01659,Sharon,Khalfan,31,Female,C004,Bachelor's,sharonkhalfanapp01659@gmail.com
APP01660,Ann,Munyao,35,Female,C008,Diploma,annmunyaoapp01660@gmail.com
APP01661,Naomi,Chebet,34,Female,C002,Master's,naomichebetapp01661@gmail.com
APP01662,Diana,Kariuki,21,Female,C009,Diploma,dianakariukiapp01662@yahoo.com
APP01663,Mercy,Mwangi,21,Female,C008,Certificate,mercymwangiapp01663@gmail.com
APP01664,Irene,Abdalla,20,Female,C001,KCSE,ireneabdallaapp01664@gmail.com
APP01665,Purity,Wambui,28,Female,C001,Master's,puritywambuiapp01665@gmail.com
APP01666,Halima,Kariuki,29,Female,C008,Bachelor's,halimakariukiapp01666@outlook.com
APP01667,Kevin,Ndungu,18,Male,C004,Diploma,kevinndunguapp01667@gmail.com
APP01668,Halima,Koech,18,Female,C009,KCSE,halimakoechapp01668@gmail.com
APP01669,Naomi,Ndungu,19,Female,C008,KCSE,naomindunguapp01669@gmail.com
APP01670,Hellen,Ndungu,22,Female,C006,KCSE,hellenndunguapp01670@gmail.com
APP01671,Naomi,Muli,22,Female,C007,Certificate,naomimuliapp01671@gmail.com
APP01672,Purity,Kamau,25,Female,C008,KCSE,puritykamauapp01672@gmail.com
APP01673,Martin,Khalfan,22,Male,C006,KCSE,martinkhalfanapp01673@gmail.com
APP01674,Brenda,Musyoka,21,Female,C003,Certificate,brendamusyokaapp01674@gmail.com
APP01675,Joy,Wambui,27,Female,C008,KCSE,joywambuiapp01675@gmail.com
APP01676,Halima,Odhiambo,23,Female,C007,Diploma,halimaodhiamboapp01676@gmail.com
APP01677,Gladys,Nyambura,20,Female,C008,Certificate,gladysnyamburaapp01677@yahoo.com
APP01678,Mercy,Munyao,21,Female,C009,KCSE,mercymunyaoapp01678@gmail.com
APP01679,Dorcas,Ndungu,23,Female,C002,Certificate,dorcasndunguapp01679@gmail.com
APP01680,Halima,Juma,29,Female,C009,Diploma,halimajumaapp01680@yahoo.com
APP01681,Janet,Musyoka,21,Female,C007,KCSE,janetmusyokaapp01681@gmail.com
APP01682,Naomi,Kamau,18,Female,C002,KCSE,naomikamauapp01682@hotmail.com
APP01683,Esther,Makena,22,Female,C001,KCSE,esthermakenaapp01683@gmail.com
APP01684,Hassan,Abdalla,19,Male,C009,KCSE,hassanabdallaapp01684@gmail.com
APP01685,Esther,Munyao,19,Female,C001,KCSE,esthermunyaoapp01685@gmail.com
APP01686,Edna,Ndungu,24,Female,C001,Diploma,ednandunguapp01686@gmail.com
APP01687,Mary,Kamau,24,Female,C009,KCSE,marykamauapp01687@hotmail.com
APP01688,Halima,Chebet,20,Female,C001,Diploma,halimachebetapp01688@gmail.com
APP01689,Eunice,Mutua,22,Female,C001,Certificate,eunicemutuaapp01689@outlook.com
APP01690,Purity,Juma,34,Female,C003,Diploma,purityjumaapp01690@gmail.com
APP01691,Joy,Odhiambo,19,Female,C001,KCSE,joyodhiamboapp01691@gmail.com
APP01692,Fatma,Koech,23,Female,C006,Diploma,fatmakoechapp01692@gmail.com
APP01693,Beatrice,Nyambura,24,Female,C001,Certificate,beatricenyamburaapp01693@yahoo.com
APP01694,Eric,Chebet,22,Male,C007,Diploma,ericchebetapp01694@gmail.com
APP01695,Hellen,Barasa,21,Female,C001,KCSE,hellenbarasaapp01695@gmail.com
APP01696,Hellen,Ndungu,27,Female,C006,Bachelor's,hellenndunguapp01696@gmail.com
APP01697,Faith,Maina,33,Female,C007,Diploma,faithmainaapp01697@gmail.com
APP01698,Victor,Makena,21,Male,C009,Diploma,victormakenaapp01698@gmail.com
APP01699,Aisha,Ndungu,19,Female,C005,KCSE,aishandunguapp01699@gmail.com
APP01700,Grace,Ndungu,24,Female,C003,KCSE,gracendunguapp01700@gmail.com
APP01701,Beatrice,Munyao,19,Female,C006,KCSE,beatricemunyaoapp01701@gmail.com
APP01702,Fatma,Njoroge,20,Female,C009,KCSE,fatmanjorogeapp01702@gmail.com
APP01703,Fatma,Barasa,21,Female,C007,KCSE,fatmabarasaapp01703@gmail.com
APP01704,Brenda,Mwangi,26,Female,C008,Certificate,brendamwangiapp01704@gmail.com
APP01705,Diana,Mohamed,33,Female,C001,Master's,dianamohamedapp01705@gmail.com
APP01706,Paul,Ali,22,Male,C007,KCSE,paulaliapp01706@gmail.com
APP01707,Christine,Juma,21,Female,C002,KCSE,christinejumaapp01707@yahoo.com
APP01708,Grace,Makena,20,Female,C001,KCSE,gracemakenaapp01708@gmail.com
APP01709,Joy,Abdalla,21,Female,C001,Diploma,joyabdallaapp01709@gmail.com
APP01710,Lydia,Chebet,25,Female,C001,Certificate,lydiachebetapp01710@gmail.com
APP01711,Ann,Nyambura,21,Female,C009,KCSE,annnyamburaapp01711@gmail.com
APP01712,Mary,Ouma,20,Female,C003,Certificate,maryoumaapp01712@outlook.com
APP01713,Dorcas,Nyongesa,29,Female,C007,Diploma,dorcasnyongesaapp01713@gmail.com
APP01714,Halima,Wambui,33,Female,C007,Bachelor's,halimawambuiapp01714@yahoo.com
APP01715,Beatrice,Mohamed,19,Female,C007,KCSE,beatricemohamedapp01715@hotmail.com
APP01716,Grace,Omondi,22,Female,C001,KCSE,graceomondiapp01716@gmail.com
APP01717,Mary,Wanjiku,22,Female,C001,KCSE,marywanjikuapp01717@gmail.com
APP01718,Mercy,Kamau,22,Female,C003,KCSE,mercykamauapp01718@yahoo.com
APP01719,Sharon,Ali,30,Female,C004,Diploma,sharonaliapp01719@gmail.com
APP01720,Amina,Chebet,21,Female,C004,KCSE,aminachebetapp01720@gmail.com
APP01721,Eunice,Muli,20,Female,C006,KCSE,eunicemuliapp01721@outlook.com
APP01722,Diana,Otieno,26,Female,C007,Certificate,dianaotienoapp01722@gmail.com
APP01723,Joy,Mwangi,21,Female,C007,KCSE,joymwangiapp01723@gmail.com
APP01724,Ann,Kamau,21,Female,C009,KCSE,annkamauapp01724@gmail.com
APP01725,Diana,Ndungu,23,Female,C009,Diploma,dianandunguapp01725@yahoo.com
APP01726,Purity,Njoroge,19,Female,C002,KCSE,puritynjorogeapp01726@gmail.com
APP01727,Zainab,Nyongesa,26,Female,C001,Diploma,zainabnyongesaapp01727@gmail.com
APP01728,Christine,Omondi,21,Female,C009,Certificate,christineomondiapp01728@gmail.com
APP01729,Eunice,Nyambura,24,Female,C002,Certificate,eunicenyamburaapp01729@gmail.com
APP01730,Mercy,Abdalla,23,Female,C004,Diploma,mercyabdallaapp01730@gmail.com
APP01731,Eunice,Nyambura,21,Female,C001,KCSE,eunicenyamburaapp01731@gmail.com
APP01732,Rose,Wanjiku,27,Female,C009,Diploma,rosewanjikuapp01732@yahoo.com
APP01733,Sharon,Ndungu,24,Female,C009,Bachelor's,sharonndunguapp01733@gmail.com
APP01734,Beatrice,Muli,19,Female,C008,KCSE,beatricemuliapp01734@gmail.com
APP01735,Faith,Kiptoo,24,Female,C001,Diploma,faithkiptooapp01735@gmail.com
APP01736,Fatma,Khalfan,20,Female,C001,KCSE,fatmakhalfanapp01736@outlook.com
APP01737,Ann,Mutua,20,Female,C008,KCSE,annmutuaapp01737@gmail.com
APP01738,Purity,Kamau,26,Female,C003,Certificate,puritykamauapp01738@gmail.com
APP01739,Mercy,Wambui,19,Female,C007,KCSE,mercywambuiapp01739@yahoo.com
APP01740,Janet,Kiptoo,20,Female,C007,KCSE,janetkiptooapp01740@gmail.com
APP01741,Janet,Ndungu,27,Female,C007,KCSE,janetndunguapp01741@yahoo.com
APP01742,Sharon,Omondi,30,Female,C001,Bachelor's,sharonomondiapp01742@yahoo.com
APP01743,Aisha,Barasa,18,Female,C006,KCSE,aishabarasaapp01743@gmail.com
APP01744,Eunice,Maina,25,Female,C007,Certificate,eunicemainaapp01744@yahoo.com
APP01745,Ann,Ndungu,27,Female,C003,Diploma,annndunguapp01745@gmail.com
APP01746,Dennis,Kiptoo,22,Male,C008,Certificate,denniskiptooapp01746@gmail.com
APP01747,Zainab,Makena,21,Female,C005,KCSE,zainabmakenaapp01747@gmail.com
APP01748,Mercy,Wambui,24,Female,C009,Certificate,mercywambuiapp01748@gmail.com
APP01749,Esther,Ndungu,25,Female,C003,KCSE,estherndunguapp01749@hotmail.com
APP01750,Joy,Wanjiku,23,Female,C007,Certificate,joywanjikuapp01750@outlook.com
APP01751,Faith,Wanjiku,27,Female,C008,Diploma,faithwanjikuapp01751@hotmail.com
APP01752,Beatrice,Kamau,22,Female,C002,KCSE,beatricekamauapp01752@gmail.com
APP01753,Naomi,Mutua,23,Female,C007,Certificate,naomimutuaapp01753@gmail.com
APP01754,Sharon,Ndungu,26,Female,C007,Certificate,sharonndunguapp01754@yahoo.com
APP01755,Esther,Maina,29,Female,C003,Diploma,esthermainaapp01755@gmail.com
APP01756,Irene,Khalfan,20,Female,C008,KCSE,irenekhalfanapp01756@gmail.com
APP01757,Christine,Musyoka,22,Female,C003,KCSE,christinemusyokaapp01757@gmail.com
APP01758,Diana,Otieno,27,Female,C004,Diploma,dianaotienoapp01758@gmail.com
APP01759,Zainab,Chebet,23,Female,C007,Certificate,zainabchebetapp01759@gmail.com
APP01760,Eunice,Abdalla,32,Female,C003,Bachelor's,euniceabdallaapp01760@gmail.com
APP01761,Fatma,Mutua,29,Female,C001,Bachelor's,fatmamutuaapp01761@gmail.com
APP01762,Halima,Rotich,20,Female,C007,KCSE,halimarotichapp01762@gmail.com
APP01763,Sharon,Mohamed,19,Female,C006,KCSE,sharonmohamedapp01763@yahoo.com
APP01764,Grace,Rotich,20,Female,C004,KCSE,gracerotichapp01764@gmail.com
APP01765,Martin,Chebet,32,Male,C001,Bachelor's,martinchebetapp01765@hotmail.com
APP01766,Halima,Ndungu,19,Female,C008,KCSE,halimandunguapp01766@hotmail.com
APP01767,Ann,Abdalla,26,Female,C007,Certificate,annabdallaapp01767@hotmail.com
APP01768,Patrick,Gitau,22,Male,C004,Diploma,patrickgitauapp01768@gmail.com
APP01769,Hassan,Munyao,18,Male,C007,Certificate,hassanmunyaoapp01769@gmail.com
APP01770,Rose,Njoroge,29,Female,C001,Bachelor's,rosenjorogeapp01770@gmail.com
APP01771,Mary,Wanjiku,23,Female,C006,Bachelor's,marywanjikuapp01771@gmail.com
APP01772,Gladys,Juma,22,Female,C007,KCSE,gladysjumaapp01772@outlook.com
APP01773,Zainab,Khalfan,25,Female,C008,Diploma,zainabkhalfanapp01773@yahoo.com
APP01774,Caroline,Odhiambo,22,Female,C001,KCSE,carolineodhiamboapp01774@gmail.com
APP01775,Irene,Kariuki,30,Female,C003,Diploma,irenekariukiapp01775@gmail.com
APP01776,Dorcas,Njoroge,22,Female,C007,Certificate,dorcasnjorogeapp01776@gmail.com
APP01777,Brenda,Wanjiku,26,Female,C001,Bachelor's,brendawanjikuapp01777@gmail.com
APP01778,Janet,Ndungu,30,Female,C008,Bachelor's,janetndunguapp01778@gmail.com
APP01779,Purity,Juma,24,Female,C004,Diploma,purityjumaapp01779@gmail.com
APP01780,Naomi,Nyambura,24,Female,C004,Certificate,naominyamburaapp01780@gmail.com
APP01781,Dorcas,Barasa,25,Female,C003,Diploma,dorcasbarasaapp01781@gmail.com
APP01782,Naomi,Gitau,33,Female,C005,Diploma,naomigitauapp01782@gmail.com
APP01783,Zainab,Musyoka,25,Female,C007,Diploma,zainabmusyokaapp01783@hotmail.com
APP01784,Joy,Nyongesa,27,Female,C008,KCSE,joynyongesaapp01784@gmail.com
APP01785,Jackline,Ali,33,Female,C001,Diploma,jacklinealiapp01785@gmail.com
APP01786,Irene,Koech,34,Female,C002,Master's,irenekoechapp01786@gmail.com
APP01787,Amina,Mohamed,22,Female,C007,KCSE,aminamohamedapp01787@yahoo.com
APP01788,Kelvin,Muli,27,Male,C006,Certificate,kelvinmuliapp01788@gmail.com
APP01789,Zainab,Omondi,21,Female,C001,Diploma,zainabomondiapp01789@gmail.com
APP01790,Lydia,Gitau,25,Female,C001,Certificate,lydiagitauapp01790@gmail.com
APP01791,Eunice,Ndungu,20,Female,C009,KCSE,eunicendunguapp01791@gmail.com
APP01792,Eunice,Munyao,29,Female,C007,Diploma,eunicemunyaoapp01792@gmail.com
APP01793,Aisha,Makena,35,Female,C002,Bachelor's,aishamakenaapp01793@hotmail.com
APP01794,Joy,Otieno,20,Female,C007,KCSE,joyotienoapp01794@yahoo.com
APP01795,Rose,Nyambura,28,Female,C009,Master's,rosenyamburaapp01795@outlook.com
APP01796,Dorcas,Koech,24,Female,C002,Certificate,dorcaskoechapp01796@hotmail.com
APP01797,Ann,Otieno,27,Female,C003,KCSE,annotienoapp01797@gmail.com
APP01798,Hellen,Ali,18,Female,C008,Diploma,hellenaliapp01798@gmail.com
APP01799,Dorcas,Kiptoo,26,Female,C009,Diploma,dorcaskiptooapp01799@gmail.com
APP01800,Fatma,Koech,19,Female,C007,KCSE,fatmakoechapp01800@gmail.com
APP01801,Mohamed,Koech,34,Male,C006,Bachelor's,mohamedkoechapp01801@gmail.com
APP01802,Joy,Abdalla,20,Female,C009,Diploma,joyabdallaapp01802@gmail.com
APP01803,Mary,Koech,21,Female,C001,KCSE,marykoechapp01803@gmail.com
APP01804,Beatrice,Omondi,19,Female,C006,KCSE,beatriceomondiapp01804@gmail.com
APP01805,Irene,Koech,20,Female,C007,KCSE,irenekoechapp01805@gmail.com
APP01806,Esther,Ouma,18,Female,C005,Certificate,estheroumaapp01806@yahoo.com
APP01807,Aisha,Omondi,21,Female,C003,KCSE,aishaomondiapp01807@gmail.com
APP01808,Ann,Gitau,22,Female,C009,KCSE,anngitauapp01808@outlook.com
APP01809,Sharon,Gitau,22,Female,C001,Certificate,sharongitauapp01809@gmail.com
APP01810,Fatma,Abdalla,27,Female,C007,Diploma,fatmaabdallaapp01810@gmail.com
APP01811,Jackline,Mutua,27,Female,C007,Certificate,jacklinemutuaapp01811@gmail.com
APP01812,Edna,Mwangi,26,Female,C007,Certificate,ednamwangiapp01812@gmail.com
APP01813,Mercy,Juma,19,Female,C001,KCSE,mercyjumaapp01813@gmail.com
APP01814,Amina,Maina,23,Female,C008,Bachelor's,aminamainaapp01814@gmail.com
APP01815,Joy,Koech,30,Female,C003,Diploma,joykoechapp01815@gmail.com
APP01816,Eunice,Wambui,23,Female,C009,Certificate,eunicewambuiapp01816@gmail.com
APP01817,Zainab,Rotich,25,Female,C006,KCSE,zainabrotichapp01817@hotmail.com
APP01818,Rose,Mohamed,32,Female,C003,Bachelor's,rosemohamedapp01818@gmail.com
APP01819,Esther,Nyongesa,23,Female,C001,Certificate,esthernyongesaapp01819@outlook.com
APP01820,Aisha,Kiptoo,18,Female,C004,KCSE,aishakiptooapp01820@gmail.com
APP01821,Beatrice,Kiptoo,31,Female,C006,Diploma,beatricekiptooapp01821@gmail.com
APP01822,Janet,Wanjiku,18,Female,C008,Certificate,janetwanjikuapp01822@gmail.com
APP01823,Jackline,Mwangi,32,Female,C003,Master's,jacklinemwangiapp01823@gmail.com
APP01824,Diana,Mutua,18,Female,C008,KCSE,dianamutuaapp01824@gmail.com
APP01825,Fatma,Wanjiku,19,Female,C009,KCSE,fatmawanjikuapp01825@outlook.com
APP01826,Sharon,Muli,31,Female,C002,Bachelor's,sharonmuliapp01826@gmail.com
APP01827,Brenda,Juma,23,Female,C001,KCSE,brendajumaapp01827@yahoo.com
APP01828,Irene,Rotich,18,Female,C003,Certificate,irenerotichapp01828@gmail.com
APP01829,Sharon,Mwangi,25,Female,C001,Certificate,sharonmwangiapp01829@gmail.com
APP01830,Halima,Khalfan,18,Female,C007,KCSE,halimakhalfanapp01830@gmail.com
APP01831,Joy,Njoroge,19,Female,C001,KCSE,joynjorogeapp01831@gmail.com
APP01832,Brian,Ouma,28,Male,C001,Bachelor's,brianoumaapp01832@gmail.com
APP01833,Sharon,Makena,28,Female,C006,Bachelor's,sharonmakenaapp01833@gmail.com
APP01834,Purity,Ndungu,20,Female,C008,KCSE,purityndunguapp01834@hotmail.com
APP01835,Joy,Ali,24,Female,C009,KCSE,joyaliapp01835@gmail.com
APP01836,Faith,Mutua,22,Female,C004,Diploma,faithmutuaapp01836@gmail.com
APP01837,Fatma,Abdalla,24,Female,C006,Diploma,fatmaabdallaapp01837@gmail.com
APP01838,Hellen,Ouma,27,Female,C001,Certificate,hellenoumaapp01838@yahoo.com
APP01839,Kennedy,Rotich,19,Male,C003,KCSE,kennedyrotichapp01839@yahoo.com
APP01840,Faith,Muli,34,Female,C007,Bachelor's,faithmuliapp01840@outlook.com
APP01841,Lydia,Nyambura,18,Female,C001,Diploma,lydianyamburaapp01841@gmail.com
APP01842,Hassan,Gitau,21,Male,C006,KCSE,hassangitauapp01842@gmail.com
APP01843,Janet,Otieno,21,Female,C009,Certificate,janetotienoapp01843@gmail.com
APP01844,Purity,Abdalla,27,Female,C006,Certificate,purityabdallaapp01844@gmail.com
APP01845,Naomi,Ouma,20,Female,C007,Certificate,naomioumaapp01845@gmail.com
APP01846,Charles,Ali,33,Male,C001,Bachelor's,charlesaliapp01846@yahoo.com
APP01847,Edna,Chebet,22,Female,C008,Diploma,ednachebetapp01847@gmail.com
APP01848,Brenda,Barasa,27,Female,C002,Bachelor's,brendabarasaapp01848@gmail.com
APP01849,Eunice,Barasa,23,Female,C001,Certificate,eunicebarasaapp01849@hotmail.com
APP01850,Irene,Munyao,21,Female,C009,KCSE,irenemunyaoapp01850@gmail.com
APP01851,Fatma,Nyongesa,21,Female,C004,KCSE,fatmanyongesaapp01851@yahoo.com
APP01852,Purity,Ali,18,Female,C008,KCSE,purityaliapp01852@gmail.com
APP01853,Steve,Ali,20,Male,C009,KCSE,stevealiapp01853@gmail.com
APP01854,Caroline,Kamau,20,Female,C002,Certificate,carolinekamauapp01854@yahoo.com
APP01855,Mary,Odhiambo,18,Female,C007,KCSE,maryodhiamboapp01855@gmail.com
APP01856,Joy,Njoroge,18,Female,C001,Certificate,joynjorogeapp01856@gmail.com
APP01857,Christine,Njoroge,18,Female,C002,Certificate,christinenjorogeapp01857@yahoo.com
APP01858,Sharon,Odhiambo,29,Female,C001,Bachelor's,sharonodhiamboapp01858@yahoo.com
APP01859,Lydia,Gitau,21,Female,C001,KCSE,lydiagitauapp01859@gmail.com
APP01860,Christine,Wanjiku,19,Female,C009,KCSE,christinewanjikuapp01860@gmail.com
APP01861,Irene,Makena,35,Female,C001,Diploma,irenemakenaapp01861@gmail.com
APP01862,Irene,Wambui,35,Female,C003,Bachelor's,irenewambuiapp01862@gmail.com
APP01863,Faith,Khalfan,27,Female,C008,Certificate,faithkhalfanapp01863@gmail.com
APP01864,Faith,Ndungu,22,Female,C005,KCSE,faithndunguapp01864@gmail.com
APP01865,Mary,Odhiambo,21,Female,C002,Certificate,maryodhiamboapp01865@yahoo.com
APP01866,Sharon,Omondi,24,Female,C008,Diploma,sharonomondiapp01866@gmail.com
APP01867,Amina,Kiptoo,20,Female,C005,KCSE,aminakiptooapp01867@gmail.com
APP01868,Ann,Ali,31,Female,C005,Master's,annaliapp01868@gmail.com
APP01869,Jackline,Mohamed,25,Female,C009,Bachelor's,jacklinemohamedapp01869@gmail.com
APP01870,Mercy,Musyoka,21,Female,C004,KCSE,mercymusyokaapp01870@yahoo.com
APP01871,Sharon,Mutua,19,Female,C004,KCSE,sharonmutuaapp01871@gmail.com
APP01872,Rose,Muli,18,Female,C009,Diploma,rosemuliapp01872@outlook.com
APP01873,Caroline,Rotich,26,Female,C003,Certificate,carolinerotichapp01873@hotmail.com
APP01874,Mercy,Makena,25,Female,C008,Diploma,mercymakenaapp01874@yahoo.com
APP01875,Zainab,Ali,34,Female,C008,Bachelor's,zainabaliapp01875@yahoo.com
APP01876,Eunice,Munyao,27,Female,C001,Diploma,eunicemunyaoapp01876@outlook.com
APP01877,Purity,Kiptoo,19,Female,C002,KCSE,puritykiptooapp01877@gmail.com
APP01878,Mary,Kariuki,21,Female,C003,KCSE,marykariukiapp01878@gmail.com
APP01879,Fatma,Kamau,21,Female,C006,KCSE,fatmakamauapp01879@outlook.com
APP01880,Faith,Wambui,21,Female,C001,KCSE,faithwambuiapp01880@gmail.com
APP01881,Fatma,Mwangi,35,Female,C009,Bachelor's,fatmamwangiapp01881@outlook.com
APP01882,Diana,Nyongesa,20,Female,C003,KCSE,diananyongesaapp01882@gmail.com
APP01883,Christine,Mohamed,29,Female,C001,Diploma,christinemohamedapp01883@gmail.com
APP01884,Zainab,Barasa,18,Female,C002,KCSE,zainabbarasaapp01884@gmail.com
APP01885,Paul,Nyongesa,32,Male,C009,Diploma,paulnyongesaapp01885@outlook.com
APP01886,Mark,Musyoka,22,Male,C001,Certificate,markmusyokaapp01886@gmail.com
APP01887,Steve,Mutua,32,Male,C004,Diploma,stevemutuaapp01887@gmail.com
APP01888,Caroline,Wambui,18,Female,C008,KCSE,carolinewambuiapp01888@outlook.com
APP01889,Mercy,Makena,20,Female,C005,KCSE,mercymakenaapp01889@gmail.com
APP01890,Jackline,Gitau,24,Female,C001,KCSE,jacklinegitauapp01890@gmail.com
APP01891,Hellen,Ndungu,25,Female,C007,Bachelor's,hellenndunguapp01891@gmail.com
APP01892,Rose,Abdalla,19,Female,C007,Diploma,roseabdallaapp01892@gmail.com
APP01893,Rose,Kiptoo,30,Female,C008,Bachelor's,rosekiptooapp01893@gmail.com
APP01894,Lydia,Chebet,31,Female,C007,Bachelor's,lydiachebetapp01894@gmail.com
APP01895,Caroline,Muli,33,Female,C008,Master's,carolinemuliapp01895@gmail.com
APP01896,Gladys,Barasa,20,Female,C007,Certificate,gladysbarasaapp01896@gmail.com
APP01897,Irene,Maina,22,Female,C009,KCSE,irenemainaapp01897@outlook.com
APP01898,James,Barasa,21,Male,C003,KCSE,jamesbarasaapp01898@gmail.com
APP01899,Faith,Munyao,21,Female,C003,Certificate,faithmunyaoapp01899@gmail.com
APP01900,Irene,Makena,31,Female,C001,Bachelor's,irenemakenaapp01900@outlook.com
APP01901,Janet,Ndungu,25,Female,C001,Certificate,janetndunguapp01901@gmail.com
APP01902,Mercy,Ouma,19,Female,C008,KCSE,mercyoumaapp01902@yahoo.com
APP01903,Janet,Mutua,24,Female,C007,Bachelor's,janetmutuaapp01903@gmail.com
APP01904,Purity,Munyao,23,Female,C009,Certificate,puritymunyaoapp01904@yahoo.com
APP01905,Lydia,Juma,28,Female,C008,Diploma,lydiajumaapp01905@gmail.com
APP01906,Patrick,Kariuki,19,Male,C003,Certificate,patrickkariukiapp01906@hotmail.com
APP01907,Mercy,Ndungu,34,Female,C004,Master's,mercyndunguapp01907@gmail.com
APP01908,Esther,Makena,25,Female,C004,Certificate,esthermakenaapp01908@gmail.com
APP01909,Sharon,Gitau,23,Female,C004,Diploma,sharongitauapp01909@gmail.com
APP01910,Paul,Njoroge,21,Male,C002,KCSE,paulnjorogeapp01910@gmail.com
APP01911,Caroline,Ndungu,25,Female,C008,Certificate,carolinendunguapp01911@yahoo.com
APP01912,Christine,Mwangi,33,Female,C001,Bachelor's,christinemwangiapp01912@gmail.com
APP01913,Christine,Abdalla,21,Female,C002,KCSE,christineabdallaapp01913@gmail.com
APP01914,Ann,Mwangi,25,Female,C006,Diploma,annmwangiapp01914@gmail.com
APP01915,Eunice,Koech,26,Female,C001,Certificate,eunicekoechapp01915@yahoo.com
APP01916,Ann,Mohamed,27,Female,C002,Diploma,annmohamedapp01916@hotmail.com
APP01917,Ann,Ouma,25,Female,C006,Certificate,annoumaapp01917@yahoo.com
APP01918,Christine,Kariuki,26,Female,C003,KCSE,christinekariukiapp01918@gmail.com
APP01919,Purity,Chebet,21,Female,C005,KCSE,puritychebetapp01919@gmail.com
APP01920,Naomi,Nyongesa,24,Female,C009,KCSE,naominyongesaapp01920@yahoo.com
APP01921,Edna,Gitau,34,Female,C001,Master's,ednagitauapp01921@gmail.com
APP01922,Beatrice,Kiptoo,27,Female,C004,Diploma,beatricekiptooapp01922@gmail.com
APP01923,Brenda,Makena,19,Female,C009,KCSE,brendamakenaapp01923@gmail.com
APP01924,Faith,Rotich,26,Female,C008,KCSE,faithrotichapp01924@gmail.com
APP01925,Mary,Maina,20,Female,C001,KCSE,marymainaapp01925@gmail.com
APP01926,Dorcas,Omondi,21,Female,C009,KCSE,dorcasomondiapp01926@gmail.com
APP01927,Hellen,Otieno,22,Female,C006,KCSE,hellenotienoapp01927@yahoo.com
APP01928,Gladys,Nyongesa,27,Female,C008,KCSE,gladysnyongesaapp01928@yahoo.com
APP01929,Jackline,Kamau,25,Female,C005,KCSE,jacklinekamauapp01929@gmail.com
APP01930,Beatrice,Otieno,32,Female,C008,Diploma,beatriceotienoapp01930@yahoo.com
APP01931,Martin,Nyongesa,19,Male,C007,KCSE,martinnyongesaapp01931@gmail.com
APP01932,Edna,Khalfan,18,Female,C001,Diploma,ednakhalfanapp01932@gmail.com
APP01933,Zainab,Ndungu,23,Female,C009,Diploma,zainabndunguapp01933@gmail.com
APP01934,Brenda,Khalfan,19,Female,C003,KCSE,brendakhalfanapp01934@gmail.com
APP01935,Amina,Ali,27,Female,C007,Diploma,aminaaliapp01935@gmail.com
APP01936,Amina,Gitau,25,Female,C008,Certificate,aminagitauapp01936@gmail.com
APP01937,Purity,Maina,33,Female,C007,Bachelor's,puritymainaapp01937@gmail.com
APP01938,Janet,Ali,25,Female,C006,Certificate,janetaliapp01938@gmail.com
APP01939,Zainab,Omondi,23,Female,C003,KCSE,zainabomondiapp01939@gmail.com
APP01940,Edna,Ali,20,Female,C007,KCSE,ednaaliapp01940@yahoo.com
APP01941,Janet,Khalfan,33,Female,C001,Bachelor's,janetkhalfanapp01941@gmail.com
APP01942,Mercy,Kamau,23,Female,C006,Certificate,mercykamauapp01942@yahoo.com
APP01943,Brenda,Abdalla,27,Female,C001,KCSE,brendaabdallaapp01943@yahoo.com
APP01944,Emmanuel,Omondi,23,Male,C003,Certificate,emmanuelomondiapp01944@gmail.com
APP01945,Caroline,Odhiambo,26,Female,C008,Diploma,carolineodhiamboapp01945@gmail.com
APP01946,Faith,Munyao,25,Female,C001,Certificate,faithmunyaoapp01946@gmail.com
APP01947,Purity,Maina,18,Female,C001,KCSE,puritymainaapp01947@yahoo.com
APP01948,Mary,Mwangi,20,Female,C002,KCSE,marymwangiapp01948@gmail.com
APP01949,Samuel,Rotich,23,Male,C002,Certificate,samuelrotichapp01949@gmail.com
APP01950,Grace,Nyongesa,22,Female,C003,Certificate,gracenyongesaapp01950@yahoo.com
APP01951,Joy,Mohamed,25,Female,C007,Certificate,joymohamedapp01951@gmail.com
APP01952,Naomi,Khalfan,34,Female,C007,Bachelor's,naomikhalfanapp01952@gmail.com
APP01953,Mary,Kamau,34,Female,C005,Bachelor's,marykamauapp01953@gmail.com
APP01954,Lydia,Mwangi,18,Female,C003,Certificate,lydiamwangiapp01954@yahoo.com
APP01955,Mercy,Nyambura,24,Female,C002,Certificate,mercynyamburaapp01955@gmail.com
APP01956,Sharon,Rotich,24,Female,C001,Certificate,sharonrotichapp01956@gmail.com
APP01957,Grace,Gitau,32,Female,C008,Bachelor's,gracegitauapp01957@gmail.com
APP01958,Purity,Ndungu,18,Female,C005,KCSE,purityndunguapp01958@yahoo.com
APP01959,Esther,Barasa,18,Female,C008,KCSE,estherbarasaapp01959@gmail.com
APP01960,Esther,Mwangi,22,Female,C001,Diploma,esthermwangiapp01960@yahoo.com
APP01961,Edna,Mutua,27,Female,C002,KCSE,ednamutuaapp01961@gmail.com
APP01962,Samuel,Njoroge,20,Male,C001,KCSE,samuelnjorogeapp01962@hotmail.com
APP01963,Lydia,Barasa,20,Female,C003,Certificate,lydiabarasaapp01963@outlook.com
APP01964,Faith,Kamau,21,Female,C003,Diploma,faithkamauapp01964@gmail.com
APP01965,Gladys,Otieno,23,Female,C003,Bachelor's,gladysotienoapp01965@gmail.com
APP01966,Beatrice,Khalfan,28,Female,C001,Bachelor's,beatricekhalfanapp01966@yahoo.com
APP01967,Mercy,Koech,33,Female,C003,Diploma,mercykoechapp01967@gmail.com
APP01968,Martin,Kiptoo,22,Male,C002,Certificate,martinkiptooapp01968@outlook.com
APP01969,Mary,Abdalla,27,Female,C003,Certificate,maryabdallaapp01969@gmail.com
APP01970,Purity,Nyongesa,21,Female,C004,KCSE,puritynyongesaapp01970@outlook.com
APP01971,Victor,Makena,24,Male,C009,Diploma,victormakenaapp01971@yahoo.com
APP01972,Purity,Mutua,24,Female,C006,Certificate,puritymutuaapp01972@gmail.com
APP01973,Collins,Otieno,26,Male,C001,Diploma,collinsotienoapp01973@gmail.com
APP01974,Brian,Kariuki,34,Male,C003,Diploma,briankariukiapp01974@hotmail.com
APP01975,Joy,Muli,31,Female,C001,Bachelor's,joymuliapp01975@gmail.com
APP01976,Edna,Koech,34,Female,C003,Bachelor's,ednakoechapp01976@yahoo.com
APP01977,Zainab,Odhiambo,24,Female,C005,Certificate,zainabodhiamboapp01977@yahoo.com
APP01978,David,Kiptoo,26,Male,C001,Certificate,davidkiptooapp01978@gmail.com
APP01979,Sharon,Chebet,22,Female,C008,Certificate,sharonchebetapp01979@gmail.com
APP01980,Amina,Chebet,26,Female,C009,KCSE,aminachebetapp01980@gmail.com
APP01981,Naomi,Juma,19,Female,C005,KCSE,naomijumaapp01981@gmail.com
APP01982,Brenda,Kariuki,19,Female,C003,KCSE,brendakariukiapp01982@hotmail.com
APP01983,Ali,Nyambura,21,Male,C001,Diploma,alinyamburaapp01983@gmail.com
APP01984,Purity,Ouma,27,Female,C003,Certificate,purityoumaapp01984@gmail.com
APP01985,Grace,Kamau,25,Female,C001,Certificate,gracekamauapp01985@gmail.com
APP01986,Naomi,Otieno,19,Female,C007,Diploma,naomiotienoapp01986@gmail.com
APP01987,Naomi,Ndungu,20,Female,C001,Diploma,naomindunguapp01987@gmail.com
APP01988,Joy,Mwangi,29,Female,C001,Diploma,joymwangiapp01988@yahoo.com
APP01989,Halima,Chebet,28,Female,C007,Diploma,halimachebetapp01989@gmail.com
APP01990,Mercy,Kiptoo,29,Female,C004,Bachelor's,mercykiptooapp01990@gmail.com
APP01991,Fatma,Wanjiku,26,Female,C006,Certificate,fatmawanjikuapp01991@gmail.com
APP01992,Purity,Omondi,18,Female,C009,KCSE,purityomondiapp01992@gmail.com
APP01993,Dorcas,Muli,18,Female,C008,Certificate,dorcasmuliapp01993@gmail.com
APP01994,Hellen,Khalfan,18,Female,C001,Diploma,hellenkhalfanapp01994@hotmail.com
APP01995,Brenda,Barasa,34,Female,C001,Master's,brendabarasaapp01995@gmail.com
APP01996,Purity,Ali,26,Female,C009,Certificate,purityaliapp01996@gmail.com
APP01997,Gladys,Muli,34,Female,C008,Diploma,gladysmuliapp01997@gmail.com
APP01998,Janet,Nyongesa,35,Female,C002,Bachelor's,janetnyongesaapp01998@gmail.com
APP01999,Gladys,Abdalla,20,Female,C003,KCSE,gladysabdallaapp01999@gmail.com
APP02000,Naomi,Ndungu,19,Female,C006,KCSE,naomindunguapp02000@gmail.com
APP02001,Dorcas,Muli,27,Female,C007,Diploma,dorcasmuliapp02001@gmail.com
APP02002,Joy,Maina,18,Female,C001,KCSE,joymainaapp02002@outlook.com
APP02003,Fatma,Nyongesa,35,Female,C009,Diploma,fatmanyongesaapp02003@gmail.com
APP02004,Victor,Mohamed,35,Male,C002,Bachelor's,victormohamedapp02004@gmail.com
APP02005,Grace,Rotich,21,Female,C003,Diploma,gracerotichapp02005@gmail.com
APP02006,Rose,Omondi,23,Female,C001,Certificate,roseomondiapp02006@gmail.com
APP02007,Purity,Kamau,22,Female,C001,Diploma,puritykamauapp02007@gmail.com
APP02008,Aisha,Rotich,24,Female,C008,Certificate,aisharotichapp02008@gmail.com
APP02009,Christine,Gitau,22,Female,C007,KCSE,christinegitauapp02009@yahoo.com
APP02010,Mary,Ouma,18,Female,C003,Diploma,maryoumaapp02010@gmail.com
APP02011,Irene,Nyambura,25,Female,C006,Diploma,irenenyamburaapp02011@gmail.com
APP02012,Ann,Omondi,23,Female,C003,Diploma,annomondiapp02012@gmail.com
APP02013,Eunice,Muli,34,Female,C001,Diploma,eunicemuliapp02013@gmail.com
APP02014,Fatma,Ndungu,21,Female,C009,KCSE,fatmandunguapp02014@gmail.com
APP02015,Rose,Musyoka,22,Female,C008,KCSE,rosemusyokaapp02015@outlook.com
APP02016,Fatma,Muli,27,Female,C004,Diploma,fatmamuliapp02016@gmail.com
APP02017,Mercy,Mohamed,22,Female,C007,KCSE,mercymohamedapp02017@yahoo.com
APP02018,Joy,Odhiambo,20,Female,C007,Certificate,joyodhiamboapp02018@gmail.com
APP02019,Mercy,Kiptoo,19,Female,C003,Diploma,mercykiptooapp02019@gmail.com
APP02020,Irene,Juma,22,Female,C004,KCSE,irenejumaapp02020@gmail.com
APP02021,Eunice,Odhiambo,24,Female,C004,Certificate,euniceodhiamboapp02021@gmail.com
APP02022,Aisha,Mohamed,21,Female,C009,KCSE,aishamohamedapp02022@gmail.com
APP02023,Joseph,Koech,24,Male,C009,Diploma,josephkoechapp02023@gmail.com
APP02024,Fatma,Chebet,22,Female,C001,Diploma,fatmachebetapp02024@yahoo.com
APP02025,Christine,Wanjiku,27,Female,C003,Certificate,christinewanjikuapp02025@gmail.com
APP02026,Diana,Kiptoo,25,Female,C007,Bachelor's,dianakiptooapp02026@yahoo.com
APP02027,Fatma,Njoroge,22,Female,C007,KCSE,fatmanjorogeapp02027@gmail.com
APP02028,Irene,Munyao,26,Female,C001,Diploma,irenemunyaoapp02028@gmail.com
APP02029,Brenda,Wambui,20,Female,C007,KCSE,brendawambuiapp02029@gmail.com
APP02030,Fatma,Mwangi,18,Female,C007,KCSE,fatmamwangiapp02030@gmail.com
APP02031,Rose,Barasa,19,Female,C001,Diploma,rosebarasaapp02031@outlook.com
APP02032,Sharon,Nyongesa,31,Female,C004,Master's,sharonnyongesaapp02032@gmail.com
APP02033,Halima,Khalfan,19,Female,C003,KCSE,halimakhalfanapp02033@gmail.com
APP02034,Christine,Ndungu,18,Female,C001,KCSE,christinendunguapp02034@outlook.com
APP02035,Patrick,Njoroge,21,Male,C001,KCSE,patricknjorogeapp02035@gmail.com
APP02036,Edna,Mutua,19,Female,C009,KCSE,ednamutuaapp02036@gmail.com
APP02037,Purity,Makena,25,Female,C001,Bachelor's,puritymakenaapp02037@yahoo.com
APP02038,Dennis,Njoroge,24,Male,C001,Diploma,dennisnjorogeapp02038@yahoo.com
APP02039,Steve,Kamau,29,Male,C001,Diploma,stevekamauapp02039@gmail.com
APP02040,Beatrice,Muli,22,Female,C001,KCSE,beatricemuliapp02040@gmail.com
APP02041,Brenda,Kariuki,32,Female,C009,Bachelor's,brendakariukiapp02041@gmail.com
APP02042,Halima,Wanjiku,30,Female,C008,Master's,halimawanjikuapp02042@gmail.com
APP02043,Edna,Nyongesa,31,Female,C001,Bachelor's,ednanyongesaapp02043@yahoo.com
APP02044,Diana,Njoroge,27,Female,C006,KCSE,diananjorogeapp02044@gmail.com
APP02045,Janet,Munyao,21,Female,C008,KCSE,janetmunyaoapp02045@gmail.com
APP02046,Aisha,Ouma,30,Female,C009,Bachelor's,aishaoumaapp02046@gmail.com
APP02047,Joy,Mohamed,18,Female,C009,KCSE,joymohamedapp02047@outlook.com
APP02048,Victor,Njoroge,25,Male,C001,Diploma,victornjorogeapp02048@gmail.com
APP02049,Beatrice,Khalfan,28,Female,C009,Bachelor's,beatricekhalfanapp02049@gmail.com
APP02050,Gladys,Gitau,27,Female,C007,Diploma,gladysgitauapp02050@gmail.com
APP02051,Dorcas,Ouma,24,Female,C004,Diploma,dorcasoumaapp02051@gmail.com
APP02052,Sharon,Mutua,18,Female,C009,KCSE,sharonmutuaapp02052@gmail.com
APP02053,Brenda,Wambui,20,Female,C006,KCSE,brendawambuiapp02053@outlook.com
APP02054,Mark,Kariuki,26,Male,C004,Certificate,markkariukiapp02054@gmail.com
APP02055,Gladys,Mohamed,21,Female,C007,KCSE,gladysmohamedapp02055@gmail.com
APP02056,Grace,Chebet,35,Female,C006,Bachelor's,gracechebetapp02056@gmail.com
APP02057,Beatrice,Kariuki,24,Female,C008,KCSE,beatricekariukiapp02057@gmail.com
APP02058,Dorcas,Rotich,19,Female,C009,Certificate,dorcasrotichapp02058@gmail.com
APP02059,Amina,Khalfan,30,Female,C004,Bachelor's,aminakhalfanapp02059@gmail.com
APP02060,Mary,Wambui,27,Female,C007,KCSE,marywambuiapp02060@gmail.com
APP02061,Brenda,Kariuki,18,Female,C001,KCSE,brendakariukiapp02061@gmail.com
APP02062,Grace,Ali,20,Female,C008,KCSE,gracealiapp02062@gmail.com
APP02063,Lydia,Kiptoo,21,Female,C007,KCSE,lydiakiptooapp02063@gmail.com
APP02064,Joy,Mwangi,22,Female,C003,Diploma,joymwangiapp02064@gmail.com
APP02065,Irene,Mwangi,18,Female,C007,KCSE,irenemwangiapp02065@gmail.com
APP02066,Irene,Rotich,25,Female,C006,Certificate,irenerotichapp02066@gmail.com
APP02067,Aisha,Chebet,19,Female,C002,KCSE,aishachebetapp02067@yahoo.com
APP02068,Purity,Otieno,23,Female,C001,Certificate,purityotienoapp02068@gmail.com
APP02069,Zainab,Ndungu,18,Female,C009,KCSE,zainabndunguapp02069@gmail.com
APP02070,Joy,Barasa,23,Female,C001,Diploma,joybarasaapp02070@hotmail.com
APP02071,Faith,Abdalla,23,Female,C008,Certificate,faithabdallaapp02071@outlook.com
APP02072,Ann,Munyao,22,Female,C002,KCSE,annmunyaoapp02072@gmail.com
APP02073,Naomi,Chebet,30,Female,C009,Bachelor's,naomichebetapp02073@gmail.com
APP02074,Faith,Mohamed,19,Female,C004,KCSE,faithmohamedapp02074@gmail.com
APP02075,Zainab,Kamau,20,Female,C001,KCSE,zainabkamauapp02075@outlook.com
APP02076,Dorcas,Omondi,22,Female,C007,KCSE,dorcasomondiapp02076@gmail.com
APP02077,Amina,Munyao,20,Female,C003,KCSE,aminamunyaoapp02077@gmail.com
APP02078,Rose,Ouma,20,Female,C009,KCSE,roseoumaapp02078@gmail.com
APP02079,Dorcas,Wanjiku,26,Female,C001,Certificate,dorcaswanjikuapp02079@gmail.com
APP02080,Eunice,Abdalla,27,Female,C002,Certificate,euniceabdallaapp02080@gmail.com
APP02081,Hellen,Munyao,34,Female,C001,Diploma,hellenmunyaoapp02081@gmail.com
APP02082,James,Maina,18,Male,C007,KCSE,jamesmainaapp02082@gmail.com
APP02083,Hellen,Wambui,31,Female,C001,Diploma,hellenwambuiapp02083@gmail.com
APP02084,Lydia,Makena,29,Female,C005,Diploma,lydiamakenaapp02084@yahoo.com
APP02085,Christine,Musyoka,29,Female,C001,Bachelor's,christinemusyokaapp02085@yahoo.com
APP02086,Mary,Nyambura,19,Female,C006,KCSE,marynyamburaapp02086@gmail.com
APP02087,Diana,Nyongesa,22,Female,C004,KCSE,diananyongesaapp02087@gmail.com
APP02088,Hassan,Gitau,20,Male,C003,KCSE,hassangitauapp02088@gmail.com
APP02089,Zainab,Omondi,29,Female,C001,Bachelor's,zainabomondiapp02089@gmail.com
APP02090,Amina,Maina,26,Female,C005,Certificate,aminamainaapp02090@yahoo.com
APP02091,Brenda,Otieno,27,Female,C001,Bachelor's,brendaotienoapp02091@gmail.com
APP02092,Brenda,Rotich,30,Female,C003,Bachelor's,brendarotichapp02092@yahoo.com
APP02093,Zainab,Khalfan,33,Female,C004,Bachelor's,zainabkhalfanapp02093@gmail.com
APP02094,Paul,Mwangi,28,Male,C008,Bachelor's,paulmwangiapp02094@gmail.com
APP02095,Naomi,Khalfan,33,Female,C005,Bachelor's,naomikhalfanapp02095@outlook.com
APP02096,Esther,Wambui,19,Female,C001,KCSE,estherwambuiapp02096@gmail.com
APP02097,Gladys,Nyambura,25,Female,C009,Certificate,gladysnyamburaapp02097@hotmail.com
APP02098,Mary,Mwangi,20,Female,C001,KCSE,marymwangiapp02098@gmail.com
APP02099,Zainab,Nyongesa,34,Female,C008,Master's,zainabnyongesaapp02099@gmail.com
APP02100,Christine,Khalfan,25,Female,C009,KCSE,christinekhalfanapp02100@gmail.com
APP02101,Amina,Koech,34,Female,C001,Diploma,aminakoechapp02101@yahoo.com
APP02102,Janet,Ndungu,18,Female,C005,KCSE,janetndunguapp02102@gmail.com
APP02103,Eunice,Gitau,25,Female,C008,Bachelor's,eunicegitauapp02103@gmail.com
APP02104,Sharon,Ndungu,19,Female,C001,KCSE,sharonndunguapp02104@gmail.com
APP02105,Fatma,Rotich,21,Female,C003,Certificate,fatmarotichapp02105@gmail.com
APP02106,Diana,Musyoka,21,Female,C008,KCSE,dianamusyokaapp02106@gmail.com
APP02107,Faith,Wanjiku,27,Female,C003,Certificate,faithwanjikuapp02107@gmail.com
APP02108,Purity,Otieno,20,Female,C007,KCSE,purityotienoapp02108@gmail.com
APP02109,Beatrice,Ndungu,20,Female,C003,KCSE,beatricendunguapp02109@gmail.com
APP02110,Samuel,Kiptoo,25,Male,C009,KCSE,samuelkiptooapp02110@gmail.com
APP02111,Mary,Rotich,20,Female,C005,KCSE,maryrotichapp02111@outlook.com
APP02112,Rose,Abdalla,20,Female,C002,KCSE,roseabdallaapp02112@gmail.com
APP02113,Eunice,Kiptoo,20,Female,C001,KCSE,eunicekiptooapp02113@gmail.com
APP02114,Diana,Barasa,24,Female,C001,Bachelor's,dianabarasaapp02114@outlook.com
APP02115,Esther,Wambui,34,Female,C008,Bachelor's,estherwambuiapp02115@gmail.com
APP02116,Edna,Juma,19,Female,C001,KCSE,ednajumaapp02116@gmail.com
APP02117,Purity,Wambui,21,Female,C007,KCSE,puritywambuiapp02117@gmail.com
APP02118,Mercy,Ndungu,26,Female,C002,Bachelor's,mercyndunguapp02118@gmail.com
APP02119,Zainab,Ali,19,Female,C001,KCSE,zainabaliapp02119@gmail.com
APP02120,Aisha,Juma,21,Female,C004,KCSE,aishajumaapp02120@gmail.com
APP02121,Esther,Rotich,28,Female,C008,Diploma,estherrotichapp02121@gmail.com
APP02122,Gladys,Wanjiku,20,Female,C009,Certificate,gladyswanjikuapp02122@yahoo.com
APP02123,Beatrice,Wanjiku,23,Female,C009,Certificate,beatricewanjikuapp02123@yahoo.com
APP02124,Rose,Maina,23,Female,C002,Diploma,rosemainaapp02124@gmail.com
APP02125,Mary,Khalfan,21,Female,C002,Diploma,marykhalfanapp02125@gmail.com
APP02126,Esther,Maina,18,Female,C007,KCSE,esthermainaapp02126@gmail.com
APP02127,Sharon,Juma,30,Female,C001,Bachelor's,sharonjumaapp02127@yahoo.com
APP02128,Naomi,Mutua,19,Female,C007,Certificate,naomimutuaapp02128@gmail.com
APP02129,Aisha,Njoroge,21,Female,C001,Diploma,aishanjorogeapp02129@gmail.com
APP02130,Ann,Mwangi,27,Female,C009,Certificate,annmwangiapp02130@gmail.com
APP02131,Rose,Abdalla,18,Female,C009,KCSE,roseabdallaapp02131@yahoo.com
APP02132,Mercy,Barasa,20,Female,C001,KCSE,mercybarasaapp02132@gmail.com
APP02133,Janet,Kamau,21,Female,C007,Certificate,janetkamauapp02133@gmail.com
APP02134,Aisha,Juma,25,Female,C001,Diploma,aishajumaapp02134@gmail.com
APP02135,Irene,Mohamed,21,Female,C001,KCSE,irenemohamedapp02135@outlook.com
APP02136,Hassan,Mutua,26,Male,C003,Certificate,hassanmutuaapp02136@yahoo.com
APP02137,Mary,Mwangi,25,Female,C001,KCSE,marymwangiapp02137@gmail.com
APP02138,Mercy,Ali,27,Female,C001,Diploma,mercyaliapp02138@gmail.com
APP02139,Dorcas,Odhiambo,21,Female,C001,KCSE,dorcasodhiamboapp02139@gmail.com
APP02140,Lydia,Ouma,18,Female,C002,KCSE,lydiaoumaapp02140@gmail.com
APP02141,Christine,Munyao,18,Female,C007,KCSE,christinemunyaoapp02141@yahoo.com
APP02142,Ann,Otieno,22,Female,C002,KCSE,annotienoapp02142@outlook.com
APP02143,Joy,Munyao,24,Female,C009,Certificate,joymunyaoapp02143@gmail.com
APP02144,Mercy,Musyoka,22,Female,C005,Diploma,mercymusyokaapp02144@outlook.com
APP02145,Amina,Ali,27,Female,C006,Diploma,aminaaliapp02145@gmail.com
APP02146,Purity,Chebet,26,Female,C001,Diploma,puritychebetapp02146@gmail.com
APP02147,Joy,Khalfan,29,Female,C006,Bachelor's,joykhalfanapp02147@gmail.com
APP02148,Aisha,Makena,18,Female,C009,KCSE,aishamakenaapp02148@gmail.com
APP02149,Mercy,Wambui,24,Female,C005,Certificate,mercywambuiapp02149@outlook.com
APP02150,Mary,Makena,27,Female,C008,Certificate,marymakenaapp02150@outlook.com
APP02151,Joy,Ali,18,Female,C001,KCSE,joyaliapp02151@yahoo.com
APP02152,Esther,Mwangi,21,Female,C001,Diploma,esthermwangiapp02152@gmail.com
APP02153,Esther,Omondi,32,Female,C009,Master's,estheromondiapp02153@gmail.com
APP02154,Aisha,Khalfan,22,Female,C009,KCSE,aishakhalfanapp02154@gmail.com
APP02155,Eunice,Chebet,21,Female,C007,KCSE,eunicechebetapp02155@yahoo.com
APP02156,Diana,Munyao,19,Female,C008,Certificate,dianamunyaoapp02156@gmail.com
APP02157,Brenda,Ouma,22,Female,C009,KCSE,brendaoumaapp02157@gmail.com
APP02158,Mercy,Wambui,19,Female,C008,Certificate,mercywambuiapp02158@gmail.com
APP02159,Naomi,Otieno,26,Female,C007,Bachelor's,naomiotienoapp02159@gmail.com
APP02160,Edna,Mutua,20,Female,C007,KCSE,ednamutuaapp02160@gmail.com
APP02161,Grace,Ali,25,Female,C006,Diploma,gracealiapp02161@gmail.com
APP02162,Steve,Muli,19,Male,C003,KCSE,stevemuliapp02162@hotmail.com
APP02163,Janet,Gitau,19,Female,C002,Diploma,janetgitauapp02163@gmail.com
APP02164,Purity,Juma,25,Female,C001,Certificate,purityjumaapp02164@gmail.com
APP02165,Aisha,Ali,20,Female,C002,KCSE,aishaaliapp02165@gmail.com
APP02166,Faith,Musyoka,22,Female,C001,KCSE,faithmusyokaapp02166@gmail.com
APP02167,Jackline,Kiptoo,34,Female,C002,Diploma,jacklinekiptooapp02167@gmail.com
APP02168,Irene,Kamau,35,Female,C004,Bachelor's,irenekamauapp02168@gmail.com
APP02169,Joy,Khalfan,24,Female,C009,KCSE,joykhalfanapp02169@yahoo.com
APP02170,Christine,Muli,24,Female,C001,Certificate,christinemuliapp02170@gmail.com
APP02171,Mercy,Wambui,22,Female,C003,KCSE,mercywambuiapp02171@gmail.com
APP02172,Esther,Otieno,18,Female,C006,KCSE,estherotienoapp02172@gmail.com
APP02173,Joy,Chebet,25,Female,C009,Certificate,joychebetapp02173@outlook.com
APP02174,Joy,Khalfan,33,Female,C001,Diploma,joykhalfanapp02174@hotmail.com
APP02175,Fatma,Musyoka,19,Female,C001,KCSE,fatmamusyokaapp02175@hotmail.com
APP02176,Zainab,Nyambura,21,Female,C008,KCSE,zainabnyamburaapp02176@gmail.com
APP02177,Jackline,Nyongesa,21,Female,C008,Diploma,jacklinenyongesaapp02177@gmail.com
APP02178,Caroline,Njoroge,22,Female,C005,Diploma,carolinenjorogeapp02178@gmail.com
APP02179,Irene,Mutua,20,Female,C005,KCSE,irenemutuaapp02179@yahoo.com
APP02180,Kelvin,Gitau,19,Male,C008,KCSE,kelvingitauapp02180@gmail.com
APP02181,Hellen,Njoroge,20,Female,C006,KCSE,hellennjorogeapp02181@yahoo.com
APP02182,Caroline,Kamau,20,Female,C007,KCSE,carolinekamauapp02182@gmail.com
APP02183,Hellen,Omondi,20,Female,C001,KCSE,hellenomondiapp02183@gmail.com
APP02184,Fatma,Mohamed,27,Female,C001,Certificate,fatmamohamedapp02184@gmail.com
APP02185,Aisha,Mutua,30,Female,C001,Bachelor's,aishamutuaapp02185@gmail.com
APP02186,Brenda,Abdalla,31,Female,C004,Master's,brendaabdallaapp02186@yahoo.com
APP02187,Eunice,Kariuki,20,Female,C007,KCSE,eunicekariukiapp02187@gmail.com
APP02188,Halima,Kariuki,19,Female,C003,KCSE,halimakariukiapp02188@gmail.com
APP02189,Ann,Muli,21,Female,C009,KCSE,annmuliapp02189@gmail.com
APP02190,Aisha,Maina,26,Female,C007,Certificate,aishamainaapp02190@gmail.com
APP02191,Rose,Mohamed,26,Female,C003,Diploma,rosemohamedapp02191@yahoo.com
APP02192,Mary,Mutua,33,Female,C005,Master's,marymutuaapp02192@gmail.com
APP02193,Eunice,Khalfan,23,Female,C007,Certificate,eunicekhalfanapp02193@gmail.com
APP02194,Gladys,Musyoka,20,Female,C004,Diploma,gladysmusyokaapp02194@outlook.com
APP02195,Mary,Musyoka,27,Female,C007,Diploma,marymusyokaapp02195@gmail.com
APP02196,Ann,Mwangi,21,Female,C008,Certificate,annmwangiapp02196@gmail.com
APP02197,Diana,Wambui,20,Female,C005,Certificate,dianawambuiapp02197@yahoo.com
APP02198,Lydia,Mohamed,18,Female,C007,KCSE,lydiamohamedapp02198@gmail.com
APP02199,Hellen,Gitau,26,Female,C006,Certificate,hellengitauapp02199@outlook.com
APP02200,Rose,Muli,21,Female,C009,KCSE,rosemuliapp02200@gmail.com
APP02201,Edna,Ndungu,27,Female,C008,Diploma,ednandunguapp02201@gmail.com
APP02202,Esther,Rotich,24,Female,C001,KCSE,estherrotichapp02202@gmail.com
APP02203,Beatrice,Omondi,31,Female,C001,Bachelor's,beatriceomondiapp02203@hotmail.com
APP02204,Hellen,Musyoka,23,Female,C007,Diploma,hellenmusyokaapp02204@gmail.com
APP02205,Caroline,Maina,29,Female,C008,Master's,carolinemainaapp02205@gmail.com
APP02206,Fatma,Khalfan,19,Female,C003,KCSE,fatmakhalfanapp02206@gmail.com
APP02207,Fatma,Gitau,33,Female,C002,Bachelor's,fatmagitauapp02207@gmail.com
APP02208,Amina,Barasa,20,Female,C009,KCSE,aminabarasaapp02208@gmail.com
APP02209,Sharon,Ali,27,Female,C001,Diploma,sharonaliapp02209@gmail.com
APP02210,Jackline,Mutua,23,Female,C009,Bachelor's,jacklinemutuaapp02210@gmail.com
APP02211,Hellen,Kiptoo,18,Female,C002,KCSE,hellenkiptooapp02211@outlook.com
APP02212,Mary,Ndungu,30,Female,C002,Bachelor's,maryndunguapp02212@outlook.com
APP02213,Amina,Mwangi,29,Female,C006,Diploma,aminamwangiapp02213@gmail.com
APP02214,Janet,Otieno,23,Female,C009,Bachelor's,janetotienoapp02214@outlook.com
APP02215,Joy,Khalfan,35,Female,C001,Bachelor's,joykhalfanapp02215@yahoo.com
APP02216,Janet,Munyao,22,Female,C003,KCSE,janetmunyaoapp02216@outlook.com
APP02217,Brenda,Mohamed,20,Female,C009,Certificate,brendamohamedapp02217@gmail.com
APP02218,Beatrice,Njoroge,26,Female,C007,Certificate,beatricenjorogeapp02218@yahoo.com
APP02219,Caroline,Munyao,26,Female,C006,Bachelor's,carolinemunyaoapp02219@yahoo.com
APP02220,Purity,Barasa,28,Female,C005,Bachelor's,puritybarasaapp02220@yahoo.com
APP02221,Ann,Gitau,21,Female,C001,Certificate,anngitauapp02221@gmail.com
APP02222,Naomi,Abdalla,18,Female,C007,Certificate,naomiabdallaapp02222@gmail.com
APP02223,Christine,Ouma,20,Female,C003,KCSE,christineoumaapp02223@gmail.com
APP02224,Christine,Ouma,31,Female,C001,Bachelor's,christineoumaapp02224@gmail.com
APP02225,Dorcas,Ndungu,21,Female,C003,KCSE,dorcasndunguapp02225@outlook.com
APP02226,Caroline,Ndungu,23,Female,C004,Diploma,carolinendunguapp02226@gmail.com
APP02227,Caroline,Mutua,20,Female,C002,KCSE,carolinemutuaapp02227@hotmail.com
APP02228,Mohamed,Barasa,27,Male,C007,Certificate,mohamedbarasaapp02228@gmail.com
APP02229,Amina,Rotich,30,Female,C002,Diploma,aminarotichapp02229@gmail.com
APP02230,Mary,Muli,31,Female,C008,Master's,marymuliapp02230@gmail.com
APP02231,Mercy,Khalfan,26,Female,C001,Bachelor's,mercykhalfanapp02231@yahoo.com
APP02232,Eunice,Mohamed,23,Female,C008,Diploma,eunicemohamedapp02232@outlook.com
APP02233,Mercy,Munyao,19,Female,C005,KCSE,mercymunyaoapp02233@gmail.com
APP02234,Hassan,Koech,25,Male,C007,Certificate,hassankoechapp02234@yahoo.com
APP02235,Rose,Barasa,24,Female,C002,KCSE,rosebarasaapp02235@gmail.com
APP02236,Beatrice,Rotich,19,Female,C007,KCSE,beatricerotichapp02236@gmail.com
APP02237,Ann,Otieno,29,Female,C005,Master's,annotienoapp02237@gmail.com
APP02238,Naomi,Wambui,20,Female,C001,KCSE,naomiwambuiapp02238@gmail.com
APP02239,Gladys,Mutua,21,Female,C008,KCSE,gladysmutuaapp02239@yahoo.com
APP02240,Amina,Muli,23,Female,C008,Diploma,aminamuliapp02240@outlook.com
APP02241,Ann,Otieno,27,Female,C003,Diploma,annotienoapp02241@gmail.com
APP02242,Joy,Kiptoo,25,Female,C009,Certificate,joykiptooapp02242@gmail.com
APP02243,Esther,Ali,18,Female,C005,KCSE,estheraliapp02243@gmail.com
APP02244,Ann,Musyoka,22,Female,C008,Certificate,annmusyokaapp02244@hotmail.com
APP02245,Janet,Kamau,27,Female,C004,Bachelor's,janetkamauapp02245@gmail.com
APP02246,Kevin,Mutua,23,Male,C008,Diploma,kevinmutuaapp02246@gmail.com
APP02247,Beatrice,Barasa,32,Female,C002,Bachelor's,beatricebarasaapp02247@gmail.com
APP02248,Diana,Barasa,33,Female,C007,Bachelor's,dianabarasaapp02248@gmail.com
APP02249,Fatma,Musyoka,21,Female,C009,Certificate,fatmamusyokaapp02249@gmail.com
APP02250,Faith,Musyoka,32,Female,C009,Bachelor's,faithmusyokaapp02250@gmail.com
APP02251,Ann,Abdalla,23,Female,C001,Diploma,annabdallaapp02251@outlook.com
APP02252,Purity,Otieno,21,Female,C007,KCSE,purityotienoapp02252@yahoo.com
APP02253,Aisha,Rotich,24,Female,C009,Diploma,aisharotichapp02253@gmail.com
APP02254,Caroline,Wanjiku,27,Female,C006,KCSE,carolinewanjikuapp02254@gmail.com
APP02255,Gladys,Ndungu,18,Female,C003,KCSE,gladysndunguapp02255@yahoo.com
APP02256,Amina,Wambui,22,Female,C007,Certificate,aminawambuiapp02256@gmail.com
APP02257,Janet,Nyongesa,20,Female,C001,KCSE,janetnyongesaapp02257@gmail.com
APP02258,Kelvin,Kamau,23,Male,C008,KCSE,kelvinkamauapp02258@gmail.com
APP02259,John,Barasa,33,Male,C008,Bachelor's,johnbarasaapp02259@gmail.com
APP02260,Esther,Muli,20,Female,C006,Certificate,esthermuliapp02260@gmail.com
APP02261,Fatma,Gitau,19,Female,C003,Certificate,fatmagitauapp02261@gmail.com
APP02262,Brenda,Kamau,25,Female,C004,Diploma,brendakamauapp02262@gmail.com
APP02263,Beatrice,Kiptoo,32,Female,C007,Bachelor's,beatricekiptooapp02263@gmail.com
APP02264,Fatma,Ndungu,29,Female,C005,Bachelor's,fatmandunguapp02264@outlook.com
APP02265,Ann,Rotich,22,Female,C007,KCSE,annrotichapp02265@gmail.com
APP02266,Lydia,Njoroge,26,Female,C002,Certificate,lydianjorogeapp02266@gmail.com
APP02267,Hassan,Wanjiku,25,Male,C007,Certificate,hassanwanjikuapp02267@gmail.com
APP02268,Eunice,Musyoka,22,Female,C008,Certificate,eunicemusyokaapp02268@gmail.com
APP02269,Halima,Nyongesa,18,Female,C005,Diploma,halimanyongesaapp02269@gmail.com
APP02270,Beatrice,Ali,25,Female,C007,Diploma,beatricealiapp02270@outlook.com
APP02271,Faith,Ndungu,25,Female,C006,KCSE,faithndunguapp02271@gmail.com
APP02272,Lydia,Njoroge,18,Female,C001,KCSE,lydianjorogeapp02272@gmail.com
APP02273,Lydia,Munyao,24,Female,C009,Certificate,lydiamunyaoapp02273@gmail.com
APP02274,Halima,Juma,33,Female,C001,Master's,halimajumaapp02274@gmail.com
APP02275,Naomi,Abdalla,35,Female,C001,Bachelor's,naomiabdallaapp02275@hotmail.com
APP02276,Zainab,Maina,21,Female,C003,KCSE,zainabmainaapp02276@yahoo.com
APP02277,Mary,Mwangi,24,Female,C008,Certificate,marymwangiapp02277@gmail.com
APP02278,Caroline,Nyambura,23,Female,C007,Certificate,carolinenyamburaapp02278@gmail.com
APP02279,Beatrice,Njoroge,21,Female,C002,Certificate,beatricenjorogeapp02279@gmail.com
APP02280,Paul,Omondi,27,Male,C002,Certificate,paulomondiapp02280@yahoo.com
APP02281,Hellen,Ali,31,Female,C002,Bachelor's,hellenaliapp02281@gmail.com
APP02282,Lydia,Juma,25,Female,C008,Diploma,lydiajumaapp02282@gmail.com
APP02283,Rose,Munyao,24,Female,C001,Bachelor's,rosemunyaoapp02283@gmail.com
APP02284,Rose,Munyao,24,Female,C003,Bachelor's,rosemunyaoapp02284@gmail.com
APP02285,Hellen,Omondi,26,Female,C007,Diploma,hellenomondiapp02285@gmail.com
APP02286,Ann,Omondi,26,Female,C007,Certificate,annomondiapp02286@yahoo.com
APP02287,Halima,Nyongesa,24,Female,C009,Bachelor's,halimanyongesaapp02287@gmail.com
APP02288,Irene,Munyao,19,Female,C009,Diploma,irenemunyaoapp02288@gmail.com
APP02289,Peter,Ndungu,31,Male,C009,Bachelor's,peterndunguapp02289@gmail.com
APP02290,Beatrice,Ndungu,24,Female,C006,Certificate,beatricendunguapp02290@yahoo.com
APP02291,Gladys,Wambui,21,Female,C001,KCSE,gladyswambuiapp02291@gmail.com
APP02292,Caroline,Omondi,23,Female,C009,Diploma,carolineomondiapp02292@gmail.com
APP02293,Diana,Kariuki,22,Female,C003,Certificate,dianakariukiapp02293@gmail.com
APP02294,Lydia,Nyambura,24,Female,C007,Certificate,lydianyamburaapp02294@gmail.com
APP02295,Eunice,Kamau,26,Female,C007,Diploma,eunicekamauapp02295@gmail.com
APP02296,Brenda,Ndungu,35,Female,C001,Bachelor's,brendandunguapp02296@yahoo.com
APP02297,Jackline,Makena,21,Female,C008,Certificate,jacklinemakenaapp02297@outlook.com
APP02298,Christine,Makena,30,Female,C003,Diploma,christinemakenaapp02298@yahoo.com
APP02299,Janet,Munyao,26,Female,C005,KCSE,janetmunyaoapp02299@gmail.com
APP02300,Paul,Koech,23,Male,C002,Diploma,paulkoechapp02300@gmail.com
APP02301,Patrick,Maina,25,Male,C007,Certificate,patrickmainaapp02301@gmail.com
APP02302,Beatrice,Njoroge,20,Female,C005,KCSE,beatricenjorogeapp02302@yahoo.com
APP02303,Gladys,Musyoka,28,Female,C006,Master's,gladysmusyokaapp02303@hotmail.com
APP02304,Hellen,Ali,35,Female,C007,Bachelor's,hellenaliapp02304@gmail.com
APP02305,Ann,Njoroge,34,Female,C002,Master's,annnjorogeapp02305@gmail.com
APP02306,Janet,Rotich,19,Female,C002,Certificate,janetrotichapp02306@hotmail.com
APP02307,Beatrice,Ndungu,22,Female,C006,Diploma,beatricendunguapp02307@gmail.com
APP02308,Naomi,Mutua,20,Female,C008,KCSE,naomimutuaapp02308@yahoo.com
APP02309,Purity,Khalfan,19,Female,C007,Diploma,puritykhalfanapp02309@gmail.com
APP02310,Lydia,Nyambura,19,Female,C005,KCSE,lydianyamburaapp02310@gmail.com
APP02311,David,Kiptoo,18,Male,C002,KCSE,davidkiptooapp02311@gmail.com
APP02312,Esther,Omondi,20,Female,C009,Certificate,estheromondiapp02312@hotmail.com
APP02313,Beatrice,Ndungu,23,Female,C004,Certificate,beatricendunguapp02313@gmail.com
APP02314,Halima,Juma,18,Female,C005,Certificate,halimajumaapp02314@gmail.com
APP02315,Sharon,Gitau,34,Female,C001,Bachelor's,sharongitauapp02315@gmail.com
APP02316,Aisha,Abdalla,27,Female,C001,KCSE,aishaabdallaapp02316@gmail.com
APP02317,Purity,Mutua,20,Female,C009,KCSE,puritymutuaapp02317@gmail.com
APP02318,Sharon,Gitau,22,Female,C002,KCSE,sharongitauapp02318@outlook.com
APP02319,Grace,Juma,30,Female,C001,Bachelor's,gracejumaapp02319@outlook.com
APP02320,Mary,Omondi,29,Female,C007,Bachelor's,maryomondiapp02320@gmail.com
APP02321,Halima,Muli,31,Female,C004,Bachelor's,halimamuliapp02321@gmail.com
APP02322,Esther,Otieno,20,Female,C007,KCSE,estherotienoapp02322@gmail.com
APP02323,Zainab,Rotich,27,Female,C008,Diploma,zainabrotichapp02323@gmail.com
APP02324,Amina,Koech,33,Female,C001,Diploma,aminakoechapp02324@outlook.com
APP02325,Grace,Maina,20,Female,C008,Certificate,gracemainaapp02325@gmail.com
APP02326,Beatrice,Munyao,20,Female,C008,KCSE,beatricemunyaoapp02326@gmail.com
APP02327,Sharon,Njoroge,22,Female,C002,Diploma,sharonnjorogeapp02327@gmail.com
APP02328,Martin,Mutua,29,Male,C009,Bachelor's,martinmutuaapp02328@gmail.com
APP02329,Halima,Omondi,22,Female,C003,Certificate,halimaomondiapp02329@gmail.com
APP02330,Zainab,Njoroge,24,Female,C005,Certificate,zainabnjorogeapp02330@gmail.com
APP02331,Rose,Kariuki,21,Female,C001,KCSE,rosekariukiapp02331@outlook.com
APP02332,Christine,Nyambura,19,Female,C007,KCSE,christinenyamburaapp02332@outlook.com
APP02333,Jackline,Ndungu,23,Female,C008,KCSE,jacklinendunguapp02333@gmail.com
APP02334,Zainab,Makena,26,Female,C003,Certificate,zainabmakenaapp02334@yahoo.com
APP02335,Aisha,Mohamed,22,Female,C007,KCSE,aishamohamedapp02335@gmail.com
APP02336,Naomi,Maina,26,Female,C001,KCSE,naomimainaapp02336@gmail.com
APP02337,Sharon,Gitau,28,Female,C008,Bachelor's,sharongitauapp02337@yahoo.com
APP02338,Lydia,Ali,28,Female,C001,Diploma,lydiaaliapp02338@gmail.com
APP02339,Naomi,Ndungu,35,Female,C008,Diploma,naomindunguapp02339@gmail.com
APP02340,Mary,Abdalla,22,Female,C001,KCSE,maryabdallaapp02340@outlook.com
APP02341,Lydia,Rotich,24,Female,C009,Certificate,lydiarotichapp02341@gmail.com
APP02342,Fatma,Ouma,26,Female,C003,Certificate,fatmaoumaapp02342@gmail.com
APP02343,Naomi,Nyongesa,18,Female,C008,Certificate,naominyongesaapp02343@gmail.com
APP02344,Naomi,Gitau,19,Female,C009,KCSE,naomigitauapp02344@gmail.com
APP02345,Diana,Ali,24,Female,C003,Certificate,dianaaliapp02345@yahoo.com
APP02346,Dorcas,Makena,27,Female,C007,KCSE,dorcasmakenaapp02346@gmail.com
APP02347,Brenda,Otieno,27,Female,C007,KCSE,brendaotienoapp02347@gmail.com
APP02348,Halima,Koech,23,Female,C003,KCSE,halimakoechapp02348@gmail.com
APP02349,Hellen,Mohamed,31,Female,C001,Bachelor's,hellenmohamedapp02349@gmail.com
APP02350,Edna,Munyao,19,Female,C005,Diploma,ednamunyaoapp02350@gmail.com
APP02351,Aisha,Makena,19,Female,C006,KCSE,aishamakenaapp02351@gmail.com
APP02352,Diana,Barasa,25,Female,C007,Certificate,dianabarasaapp02352@hotmail.com
APP02353,Mercy,Muli,18,Female,C001,Diploma,mercymuliapp02353@gmail.com
APP02354,Hellen,Nyongesa,22,Female,C002,KCSE,hellennyongesaapp02354@gmail.com
APP02355,Esther,Koech,32,Female,C007,Bachelor's,estherkoechapp02355@outlook.com
APP02356,Diana,Maina,25,Female,C008,Certificate,dianamainaapp02356@gmail.com
APP02357,Dorcas,Wambui,24,Female,C003,Certificate,dorcaswambuiapp02357@yahoo.com
APP02358,Martin,Mutua,35,Male,C009,Bachelor's,martinmutuaapp02358@gmail.com
APP02359,Esther,Mutua,28,Female,C007,Diploma,esthermutuaapp02359@gmail.com
APP02360,Janet,Chebet,18,Female,C007,KCSE,janetchebetapp02360@outlook.com
APP02361,Jackline,Nyongesa,24,Female,C008,Certificate,jacklinenyongesaapp02361@gmail.com
APP02362,Caroline,Chebet,28,Female,C001,Bachelor's,carolinechebetapp02362@hotmail.com
APP02363,Jackline,Wanjiku,22,Female,C009,KCSE,jacklinewanjikuapp02363@hotmail.com
APP02364,Christine,Musyoka,23,Female,C003,Certificate,christinemusyokaapp02364@gmail.com
APP02365,Beatrice,Maina,22,Female,C007,KCSE,beatricemainaapp02365@gmail.com
APP02366,Purity,Rotich,34,Female,C005,Bachelor's,purityrotichapp02366@yahoo.com
APP02367,Gladys,Rotich,21,Female,C002,Certificate,gladysrotichapp02367@gmail.com
APP02368,Edna,Kariuki,23,Female,C003,Diploma,ednakariukiapp02368@yahoo.com
APP02369,Naomi,Makena,20,Female,C001,Certificate,naomimakenaapp02369@gmail.com
APP02370,Sharon,Barasa,23,Female,C008,Diploma,sharonbarasaapp02370@outlook.com
APP02371,Ann,Ali,20,Female,C002,KCSE,annaliapp02371@yahoo.com
APP02372,Gladys,Khalfan,22,Female,C005,KCSE,gladyskhalfanapp02372@hotmail.com
APP02373,Mary,Khalfan,21,Female,C008,KCSE,marykhalfanapp02373@outlook.com
APP02374,Halima,Ali,29,Female,C007,Bachelor's,halimaaliapp02374@gmail.com
APP02375,Hellen,Odhiambo,22,Female,C001,KCSE,hellenodhiamboapp02375@gmail.com
APP02376,Brenda,Musyoka,30,Female,C009,Bachelor's,brendamusyokaapp02376@gmail.com
APP02377,David,Munyao,20,Male,C004,KCSE,davidmunyaoapp02377@gmail.com
APP02378,Jackline,Abdalla,31,Female,C008,Bachelor's,jacklineabdallaapp02378@gmail.com
APP02379,Rose,Kamau,21,Female,C001,Certificate,rosekamauapp02379@gmail.com
APP02380,Aisha,Ouma,19,Female,C008,Diploma,aishaoumaapp02380@outlook.com
APP02381,Jackline,Omondi,18,Female,C008,KCSE,jacklineomondiapp02381@yahoo.com
APP02382,Janet,Musyoka,22,Female,C008,KCSE,janetmusyokaapp02382@gmail.com
APP02383,Kennedy,Njoroge,31,Male,C003,Bachelor's,kennedynjorogeapp02383@gmail.com
APP02384,David,Omondi,24,Male,C004,Certificate,davidomondiapp02384@yahoo.com
APP02385,Charles,Kariuki,22,Male,C007,KCSE,charleskariukiapp02385@gmail.com
APP02386,Grace,Barasa,21,Female,C003,Certificate,gracebarasaapp02386@gmail.com
APP02387,Sharon,Munyao,27,Female,C001,Diploma,sharonmunyaoapp02387@gmail.com
APP02388,Christine,Kariuki,22,Female,C006,Certificate,christinekariukiapp02388@outlook.com
APP02389,Joy,Koech,26,Female,C001,Diploma,joykoechapp02389@outlook.com
APP02390,Joy,Juma,28,Female,C007,Bachelor's,joyjumaapp02390@gmail.com
APP02391,Rose,Wambui,19,Female,C001,KCSE,rosewambuiapp02391@yahoo.com
APP02392,Eunice,Abdalla,27,Female,C003,Certificate,euniceabdallaapp02392@gmail.com
APP02393,Dorcas,Ouma,21,Female,C007,KCSE,dorcasoumaapp02393@gmail.com
APP02394,Charles,Abdalla,20,Male,C006,KCSE,charlesabdallaapp02394@gmail.com
APP02395,Mary,Otieno,18,Female,C001,Diploma,maryotienoapp02395@outlook.com
APP02396,Mercy,Mwangi,26,Female,C004,KCSE,mercymwangiapp02396@gmail.com
APP02397,Christine,Odhiambo,35,Female,C006,Bachelor's,christineodhiamboapp02397@yahoo.com
APP02398,Dorcas,Kariuki,30,Female,C001,Master's,dorcaskariukiapp02398@gmail.com
APP02399,Jackline,Gitau,18,Female,C005,KCSE,jacklinegitauapp02399@gmail.com
APP02400,Halima,Barasa,23,Female,C004,Certificate,halimabarasaapp02400@gmail.com
APP02401,Zainab,Ndungu,32,Female,C006,Bachelor's,zainabndunguapp02401@gmail.com
APP02402,Eunice,Maina,23,Female,C006,Diploma,eunicemainaapp02402@gmail.com
APP02403,Ann,Odhiambo,22,Female,C003,KCSE,annodhiamboapp02403@gmail.com
APP02404,Irene,Munyao,26,Female,C003,Certificate,irenemunyaoapp02404@gmail.com
APP02405,Brian,Ouma,23,Male,C007,Certificate,brianoumaapp02405@gmail.com
APP02406,Brenda,Chebet,21,Female,C008,KCSE,brendachebetapp02406@gmail.com
APP02407,Diana,Mutua,18,Female,C001,Certificate,dianamutuaapp02407@gmail.com
APP02408,James,Nyongesa,20,Male,C007,KCSE,jamesnyongesaapp02408@gmail.com
APP02409,Lydia,Nyambura,21,Female,C006,KCSE,lydianyamburaapp02409@gmail.com
APP02410,Faith,Muli,26,Female,C007,Diploma,faithmuliapp02410@hotmail.com
APP02411,Grace,Maina,19,Female,C004,KCSE,gracemainaapp02411@gmail.com
APP02412,David,Abdalla,20,Male,C007,Certificate,davidabdallaapp02412@gmail.com
APP02413,Esther,Nyongesa,25,Female,C008,Diploma,esthernyongesaapp02413@gmail.com
APP02414,Joseph,Nyambura,27,Male,C001,Diploma,josephnyamburaapp02414@yahoo.com
APP02415,Mercy,Mohamed,18,Female,C006,KCSE,mercymohamedapp02415@hotmail.com
APP02416,Janet,Kariuki,21,Female,C001,KCSE,janetkariukiapp02416@yahoo.com
APP02417,Faith,Njoroge,30,Female,C002,Bachelor's,faithnjorogeapp02417@gmail.com
APP02418,Zainab,Chebet,23,Female,C006,Certificate,zainabchebetapp02418@yahoo.com
APP02419,Aisha,Maina,22,Female,C007,Certificate,aishamainaapp02419@gmail.com
APP02420,Emmanuel,Makena,32,Male,C007,Diploma,emmanuelmakenaapp02420@gmail.com
APP02421,Rose,Khalfan,19,Female,C002,KCSE,rosekhalfanapp02421@gmail.com
APP02422,Hellen,Mwangi,18,Female,C003,KCSE,hellenmwangiapp02422@yahoo.com
APP02423,Caroline,Chebet,22,Female,C004,Certificate,carolinechebetapp02423@yahoo.com
APP02424,Faith,Njoroge,32,Female,C009,Master's,faithnjorogeapp02424@gmail.com
APP02425,Janet,Muli,26,Female,C003,Diploma,janetmuliapp02425@gmail.com
APP02426,Grace,Nyongesa,20,Female,C007,KCSE,gracenyongesaapp02426@gmail.com
APP02427,Faith,Nyongesa,21,Female,C004,KCSE,faithnyongesaapp02427@gmail.com
APP02428,Purity,Njoroge,22,Female,C007,Diploma,puritynjorogeapp02428@yahoo.com
APP02429,Ann,Kamau,24,Female,C004,Certificate,annkamauapp02429@gmail.com
APP02430,Aisha,Nyambura,35,Female,C008,Bachelor's,aishanyamburaapp02430@gmail.com
APP02431,Mary,Makena,19,Female,C004,Diploma,marymakenaapp02431@gmail.com
APP02432,Lydia,Kamau,21,Female,C004,KCSE,lydiakamauapp02432@outlook.com
APP02433,Caroline,Ndungu,18,Female,C007,Certificate,carolinendunguapp02433@gmail.com
APP02434,Ali,Khalfan,22,Male,C009,KCSE,alikhalfanapp02434@gmail.com
APP02435,Joseph,Kariuki,26,Male,C008,Certificate,josephkariukiapp02435@hotmail.com
APP02436,Sharon,Otieno,20,Female,C001,KCSE,sharonotienoapp02436@gmail.com
APP02437,Christine,Chebet,21,Female,C004,KCSE,christinechebetapp02437@gmail.com
APP02438,Aisha,Omondi,26,Female,C002,Diploma,aishaomondiapp02438@gmail.com
APP02439,Esther,Abdalla,20,Female,C001,Certificate,estherabdallaapp02439@gmail.com
APP02440,Gladys,Muli,18,Female,C006,KCSE,gladysmuliapp02440@yahoo.com
APP02441,Mohamed,Maina,21,Male,C004,KCSE,mohamedmainaapp02441@gmail.com
APP02442,Mary,Musyoka,18,Female,C009,KCSE,marymusyokaapp02442@gmail.com
APP02443,Victor,Koech,25,Male,C005,Certificate,victorkoechapp02443@gmail.com
APP02444,Rose,Mutua,22,Female,C003,Diploma,rosemutuaapp02444@gmail.com
APP02445,Fatma,Otieno,22,Female,C008,KCSE,fatmaotienoapp02445@gmail.com
APP02446,Caroline,Mwangi,25,Female,C001,Diploma,carolinemwangiapp02446@outlook.com
APP02447,Faith,Wanjiku,22,Female,C006,Certificate,faithwanjikuapp02447@yahoo.com
APP02448,Halima,Ali,35,Female,C003,Bachelor's,halimaaliapp02448@gmail.com
APP02449,James,Omondi,23,Male,C001,Diploma,jamesomondiapp02449@yahoo.com
APP02450,Esther,Munyao,24,Female,C007,Certificate,esthermunyaoapp02450@gmail.com
APP02451,Jackline,Mwangi,23,Female,C009,KCSE,jacklinemwangiapp02451@yahoo.com
APP02452,Gladys,Musyoka,23,Female,C007,Certificate,gladysmusyokaapp02452@gmail.com
APP02453,Grace,Musyoka,22,Female,C005,Certificate,gracemusyokaapp02453@yahoo.com
APP02454,Janet,Wanjiku,31,Female,C007,Bachelor's,janetwanjikuapp02454@gmail.com
APP02455,Hellen,Kariuki,31,Female,C006,Bachelor's,hellenkariukiapp02455@gmail.com
APP02456,Naomi,Khalfan,22,Female,C008,KCSE,naomikhalfanapp02456@gmail.com
APP02457,Edna,Kiptoo,26,Female,C007,Certificate,ednakiptooapp02457@gmail.com
APP02458,Mary,Mutua,30,Female,C009,Bachelor's,marymutuaapp02458@gmail.com
APP02459,Ann,Maina,23,Female,C008,KCSE,annmainaapp02459@gmail.com
APP02460,Esther,Odhiambo,23,Female,C008,Diploma,estherodhiamboapp02460@gmail.com
APP02461,Brenda,Njoroge,20,Female,C009,Certificate,brendanjorogeapp02461@gmail.com
APP02462,Diana,Barasa,27,Female,C004,Certificate,dianabarasaapp02462@outlook.com
APP02463,Dorcas,Kamau,29,Female,C008,Bachelor's,dorcaskamauapp02463@yahoo.com
APP02464,Rose,Gitau,29,Female,C008,Bachelor's,rosegitauapp02464@gmail.com
APP02465,Esther,Musyoka,22,Female,C007,KCSE,esthermusyokaapp02465@yahoo.com
APP02466,Victor,Makena,23,Male,C008,Diploma,victormakenaapp02466@gmail.com
APP02467,Grace,Wambui,26,Female,C009,Bachelor's,gracewambuiapp02467@gmail.com
APP02468,Janet,Ali,22,Female,C007,KCSE,janetaliapp02468@gmail.com
APP02469,Rose,Nyambura,27,Female,C005,Certificate,rosenyamburaapp02469@hotmail.com
APP02470,Christine,Mwangi,20,Female,C001,Certificate,christinemwangiapp02470@yahoo.com
APP02471,Patrick,Omondi,24,Male,C002,Diploma,patrickomondiapp02471@yahoo.com
APP02472,Diana,Rotich,23,Female,C006,Certificate,dianarotichapp02472@gmail.com
APP02473,Rose,Muli,30,Female,C008,Bachelor's,rosemuliapp02473@outlook.com
APP02474,Brenda,Barasa,22,Female,C001,KCSE,brendabarasaapp02474@gmail.com
APP02475,Grace,Kiptoo,31,Female,C008,Bachelor's,gracekiptooapp02475@yahoo.com
APP02476,Sharon,Wambui,33,Female,C001,Diploma,sharonwambuiapp02476@gmail.com
APP02477,Lydia,Nyambura,25,Female,C001,Diploma,lydianyamburaapp02477@gmail.com
APP02478,Mercy,Nyongesa,22,Female,C007,Certificate,mercynyongesaapp02478@yahoo.com
APP02479,Lydia,Otieno,25,Female,C001,Diploma,lydiaotienoapp02479@gmail.com
APP02480,Ali,Otieno,34,Male,C003,Master's,aliotienoapp02480@gmail.com
APP02481,Edna,Kariuki,25,Female,C002,Certificate,ednakariukiapp02481@gmail.com
APP02482,Diana,Ndungu,18,Female,C003,KCSE,dianandunguapp02482@gmail.com
APP02483,Caroline,Barasa,18,Female,C007,Certificate,carolinebarasaapp02483@gmail.com
APP02484,Faith,Chebet,27,Female,C001,Diploma,faithchebetapp02484@outlook.com
APP02485,Caroline,Chebet,19,Female,C007,Certificate,carolinechebetapp02485@gmail.com
APP02486,Ali,Ouma,32,Male,C008,Master's,alioumaapp02486@yahoo.com
APP02487,Ann,Abdalla,19,Female,C008,KCSE,annabdallaapp02487@gmail.com
APP02488,Beatrice,Ali,24,Female,C007,Diploma,beatricealiapp02488@gmail.com
APP02489,Lydia,Khalfan,18,Female,C006,KCSE,lydiakhalfanapp02489@gmail.com
APP02490,Mary,Wanjiku,18,Female,C006,KCSE,marywanjikuapp02490@gmail.com
APP02491,Esther,Musyoka,20,Female,C003,KCSE,esthermusyokaapp02491@gmail.com
APP02492,Esther,Nyambura,27,Female,C005,Diploma,esthernyamburaapp02492@gmail.com
APP02493,Beatrice,Nyambura,25,Female,C009,KCSE,beatricenyamburaapp02493@gmail.com
APP02494,Dennis,Odhiambo,23,Male,C001,Diploma,dennisodhiamboapp02494@hotmail.com
APP02495,Joy,Njoroge,25,Female,C009,Diploma,joynjorogeapp02495@gmail.com
APP02496,Janet,Wambui,23,Female,C001,Diploma,janetwambuiapp02496@yahoo.com
APP02497,Lydia,Wanjiku,27,Female,C009,Certificate,lydiawanjikuapp02497@gmail.com
APP02498,Beatrice,Mutua,28,Female,C001,Bachelor's,beatricemutuaapp02498@gmail.com
APP02499,Ann,Kiptoo,20,Female,C009,KCSE,annkiptooapp02499@gmail.com
APP02500,Caroline,Munyao,27,Female,C004,Diploma,carolinemunyaoapp02500@hotmail.com
APP02501,Aisha,Wanjiku,24,Female,C008,Diploma,aishawanjikuapp02501@gmail.com
APP02502,Ann,Nyongesa,20,Female,C007,Certificate,annnyongesaapp02502@gmail.com
APP02503,Joy,Ouma,20,Female,C003,KCSE,joyoumaapp02503@yahoo.com
APP02504,Halima,Kiptoo,21,Female,C008,KCSE,halimakiptooapp02504@gmail.com
APP02505,Dorcas,Ndungu,18,Female,C004,KCSE,dorcasndunguapp02505@gmail.com
APP02506,Rose,Khalfan,34,Female,C007,Diploma,rosekhalfanapp02506@gmail.com
APP02507,Collins,Njoroge,26,Male,C001,Diploma,collinsnjorogeapp02507@hotmail.com
APP02508,Beatrice,Kamau,18,Female,C008,KCSE,beatricekamauapp02508@gmail.com
APP02509,Joy,Ndungu,32,Female,C003,Bachelor's,joyndunguapp02509@gmail.com
APP02510,Peter,Nyambura,22,Male,C009,Certificate,peternyamburaapp02510@hotmail.com
APP02511,Daniel,Njoroge,23,Male,C001,Diploma,danielnjorogeapp02511@gmail.com
APP02512,Mercy,Gitau,22,Female,C008,Certificate,mercygitauapp02512@gmail.com
APP02513,Mercy,Kamau,21,Female,C002,KCSE,mercykamauapp02513@gmail.com
APP02514,Eunice,Ouma,19,Female,C007,KCSE,euniceoumaapp02514@gmail.com
APP02515,Lydia,Otieno,25,Female,C001,KCSE,lydiaotienoapp02515@gmail.com
APP02516,Aisha,Barasa,27,Female,C002,Certificate,aishabarasaapp02516@gmail.com
APP02517,Edna,Chebet,34,Female,C001,Bachelor's,ednachebetapp02517@hotmail.com
APP02518,Halima,Kamau,27,Female,C001,Certificate,halimakamauapp02518@outlook.com
APP02519,Brenda,Omondi,25,Female,C007,Certificate,brendaomondiapp02519@gmail.com
APP02520,Irene,Kariuki,27,Female,C007,KCSE,irenekariukiapp02520@gmail.com
APP02521,Beatrice,Wambui,26,Female,C006,Diploma,beatricewambuiapp02521@gmail.com
APP02522,Purity,Wambui,26,Female,C009,KCSE,puritywambuiapp02522@gmail.com
APP02523,Samuel,Odhiambo,25,Male,C001,KCSE,samuelodhiamboapp02523@yahoo.com
APP02524,Mercy,Juma,24,Female,C004,Certificate,mercyjumaapp02524@gmail.com
APP02525,Brenda,Mutua,22,Female,C005,KCSE,brendamutuaapp02525@gmail.com
APP02526,Edna,Khalfan,21,Female,C001,KCSE,ednakhalfanapp02526@gmail.com
APP02527,Diana,Wambui,19,Female,C002,KCSE,dianawambuiapp02527@gmail.com
APP02528,Dorcas,Juma,18,Female,C008,KCSE,dorcasjumaapp02528@gmail.com
APP02529,Esther,Abdalla,27,Female,C002,Diploma,estherabdallaapp02529@gmail.com
APP02530,Paul,Njoroge,23,Male,C005,Diploma,paulnjorogeapp02530@gmail.com
APP02531,Dorcas,Makena,23,Female,C009,KCSE,dorcasmakenaapp02531@gmail.com
APP02532,Christine,Nyongesa,20,Female,C003,KCSE,christinenyongesaapp02532@gmail.com
APP02533,Caroline,Mohamed,34,Female,C008,Diploma,carolinemohamedapp02533@gmail.com
APP02534,Fatma,Abdalla,20,Female,C007,KCSE,fatmaabdallaapp02534@gmail.com
APP02535,Eunice,Gitau,20,Female,C004,KCSE,eunicegitauapp02535@gmail.com
APP02536,Dennis,Otieno,19,Male,C007,KCSE,dennisotienoapp02536@gmail.com
APP02537,Purity,Musyoka,32,Female,C007,Bachelor's,puritymusyokaapp02537@yahoo.com
APP02538,Jackline,Mohamed,31,Female,C001,Bachelor's,jacklinemohamedapp02538@hotmail.com
APP02539,Lydia,Barasa,22,Female,C002,KCSE,lydiabarasaapp02539@gmail.com
APP02540,Jackline,Makena,20,Female,C003,Certificate,jacklinemakenaapp02540@gmail.com
APP02541,Caroline,Mohamed,27,Female,C004,KCSE,carolinemohamedapp02541@gmail.com
APP02542,Jackline,Nyambura,31,Female,C005,Bachelor's,jacklinenyamburaapp02542@gmail.com
APP02543,Brenda,Njoroge,30,Female,C007,Bachelor's,brendanjorogeapp02543@gmail.com
APP02544,Joy,Mwangi,29,Female,C007,Bachelor's,joymwangiapp02544@gmail.com
APP02545,Janet,Mutua,33,Female,C006,Bachelor's,janetmutuaapp02545@gmail.com
APP02546,Kevin,Ali,20,Male,C008,KCSE,kevinaliapp02546@gmail.com
APP02547,Edna,Musyoka,18,Female,C003,Certificate,ednamusyokaapp02547@gmail.com
APP02548,Amina,Kamau,31,Female,C002,Bachelor's,aminakamauapp02548@outlook.com
APP02549,Grace,Njoroge,26,Female,C008,KCSE,gracenjorogeapp02549@yahoo.com
APP02550,Purity,Rotich,19,Female,C001,Diploma,purityrotichapp02550@gmail.com
APP02551,Grace,Wanjiku,24,Female,C005,Certificate,gracewanjikuapp02551@gmail.com
APP02552,Kennedy,Kariuki,20,Male,C003,KCSE,kennedykariukiapp02552@gmail.com
APP02553,Ann,Omondi,18,Female,C007,KCSE,annomondiapp02553@outlook.com
APP02554,Brenda,Chebet,18,Female,C003,KCSE,brendachebetapp02554@yahoo.com
APP02555,Beatrice,Omondi,34,Female,C009,Bachelor's,beatriceomondiapp02555@gmail.com
APP02556,Halima,Makena,24,Female,C002,Certificate,halimamakenaapp02556@gmail.com
APP02557,Ann,Khalfan,19,Female,C007,KCSE,annkhalfanapp02557@gmail.com
APP02558,Caroline,Makena,31,Female,C005,Diploma,carolinemakenaapp02558@gmail.com
APP02559,Diana,Wanjiku,20,Female,C007,KCSE,dianawanjikuapp02559@yahoo.com
APP02560,Mary,Barasa,20,Female,C002,KCSE,marybarasaapp02560@gmail.com
APP02561,Edna,Nyongesa,19,Female,C007,KCSE,ednanyongesaapp02561@gmail.com
APP02562,Caroline,Khalfan,30,Female,C001,Bachelor's,carolinekhalfanapp02562@gmail.com
APP02563,Gladys,Koech,25,Female,C002,Certificate,gladyskoechapp02563@gmail.com
APP02564,Christine,Otieno,20,Female,C005,KCSE,christineotienoapp02564@gmail.com
APP02565,Hellen,Musyoka,31,Female,C004,Bachelor's,hellenmusyokaapp02565@gmail.com
APP02566,Hellen,Wanjiku,35,Female,C007,Master's,hellenwanjikuapp02566@gmail.com
APP02567,Esther,Ali,18,Female,C006,KCSE,estheraliapp02567@gmail.com
APP02568,Hellen,Koech,32,Female,C009,Bachelor's,hellenkoechapp02568@yahoo.com
APP02569,Fatma,Nyongesa,33,Female,C006,Bachelor's,fatmanyongesaapp02569@gmail.com
APP02570,Lydia,Makena,27,Female,C008,Diploma,lydiamakenaapp02570@gmail.com
APP02571,Irene,Kamau,20,Female,C004,KCSE,irenekamauapp02571@gmail.com
APP02572,Christine,Kamau,18,Female,C003,Diploma,christinekamauapp02572@gmail.com
APP02573,Ann,Mutua,23,Female,C009,Diploma,annmutuaapp02573@gmail.com
APP02574,Lydia,Ali,27,Female,C002,Diploma,lydiaaliapp02574@gmail.com
APP02575,Aisha,Wanjiku,19,Female,C006,Certificate,aishawanjikuapp02575@gmail.com
APP02576,Lydia,Ali,20,Female,C003,KCSE,lydiaaliapp02576@gmail.com
APP02577,Eunice,Rotich,22,Female,C001,Certificate,eunicerotichapp02577@yahoo.com
APP02578,Fatma,Abdalla,21,Female,C002,Certificate,fatmaabdallaapp02578@hotmail.com
APP02579,Kennedy,Nyambura,26,Male,C009,KCSE,kennedynyamburaapp02579@gmail.com
APP02580,Dorcas,Odhiambo,35,Female,C009,Diploma,dorcasodhiamboapp02580@yahoo.com
APP02581,Aisha,Chebet,24,Female,C006,Diploma,aishachebetapp02581@yahoo.com
APP02582,Christine,Khalfan,26,Female,C006,Bachelor's,christinekhalfanapp02582@outlook.com
APP02583,Mercy,Gitau,26,Female,C001,Bachelor's,mercygitauapp02583@gmail.com
APP02584,Kevin,Maina,21,Male,C003,KCSE,kevinmainaapp02584@gmail.com
APP02585,Aisha,Wambui,19,Female,C008,KCSE,aishawambuiapp02585@gmail.com
APP02586,Jackline,Kiptoo,26,Female,C001,Diploma,jacklinekiptooapp02586@gmail.com
APP02587,Brenda,Odhiambo,23,Female,C002,Certificate,brendaodhiamboapp02587@gmail.com
APP02588,Caroline,Wambui,23,Female,C009,Diploma,carolinewambuiapp02588@gmail.com
APP02589,Naomi,Makena,23,Female,C007,KCSE,naomimakenaapp02589@gmail.com
APP02590,Grace,Maina,24,Female,C008,Certificate,gracemainaapp02590@gmail.com
APP02591,Irene,Kiptoo,23,Female,C001,Diploma,irenekiptooapp02591@yahoo.com
APP02592,Caroline,Koech,21,Female,C009,KCSE,carolinekoechapp02592@gmail.com
APP02593,Mary,Rotich,23,Female,C007,Bachelor's,maryrotichapp02593@gmail.com
APP02594,Purity,Mwangi,20,Female,C007,KCSE,puritymwangiapp02594@gmail.com
APP02595,Dennis,Omondi,33,Male,C002,Diploma,dennisomondiapp02595@gmail.com
APP02596,Jackline,Makena,18,Female,C004,KCSE,jacklinemakenaapp02596@gmail.com
APP02597,Gladys,Kiptoo,31,Female,C001,Master's,gladyskiptooapp02597@gmail.com
APP02598,Caroline,Kiptoo,24,Female,C003,Certificate,carolinekiptooapp02598@gmail.com
APP02599,Brenda,Mwangi,19,Female,C001,KCSE,brendamwangiapp02599@gmail.com
APP02600,Esther,Maina,21,Female,C001,Certificate,esthermainaapp02600@hotmail.com
APP02601,Ann,Nyongesa,22,Female,C007,KCSE,annnyongesaapp02601@gmail.com
APP02602,Lydia,Wanjiku,24,Female,C001,Certificate,lydiawanjikuapp02602@gmail.com
APP02603,Brenda,Mutua,24,Female,C009,Certificate,brendamutuaapp02603@gmail.com
APP02604,Sharon,Omondi,25,Female,C002,Certificate,sharonomondiapp02604@gmail.com
APP02605,Ann,Gitau,21,Female,C007,KCSE,anngitauapp02605@gmail.com
APP02606,Naomi,Munyao,29,Female,C001,Diploma,naomimunyaoapp02606@yahoo.com
APP02607,Dorcas,Chebet,33,Female,C001,Bachelor's,dorcaschebetapp02607@gmail.com
APP02608,Gladys,Chebet,19,Female,C008,Diploma,gladyschebetapp02608@hotmail.com
APP02609,Hellen,Chebet,20,Female,C007,Diploma,hellenchebetapp02609@yahoo.com
APP02610,Caroline,Makena,22,Female,C008,KCSE,carolinemakenaapp02610@gmail.com
APP02611,Edna,Wanjiku,23,Female,C006,Diploma,ednawanjikuapp02611@gmail.com
APP02612,Purity,Mohamed,27,Female,C003,Certificate,puritymohamedapp02612@gmail.com
APP02613,Naomi,Wambui,20,Female,C002,Certificate,naomiwambuiapp02613@gmail.com
APP02614,Brenda,Ali,24,Female,C003,Certificate,brendaaliapp02614@gmail.com
APP02615,Halima,Nyongesa,18,Female,C001,KCSE,halimanyongesaapp02615@gmail.com
APP02616,Halima,Mohamed,21,Female,C009,KCSE,halimamohamedapp02616@gmail.com
APP02617,Brenda,Makena,34,Female,C001,Bachelor's,brendamakenaapp02617@gmail.com
APP02618,Hellen,Wambui,23,Female,C009,KCSE,hellenwambuiapp02618@yahoo.com
APP02619,Faith,Juma,21,Female,C002,KCSE,faithjumaapp02619@gmail.com
APP02620,Zainab,Kamau,19,Female,C001,KCSE,zainabkamauapp02620@gmail.com
APP02621,Gladys,Mwangi,20,Female,C001,KCSE,gladysmwangiapp02621@outlook.com
APP02622,Christine,Musyoka,23,Female,C005,Bachelor's,christinemusyokaapp02622@gmail.com
APP02623,Faith,Gitau,21,Female,C001,KCSE,faithgitauapp02623@gmail.com
APP02624,Dorcas,Odhiambo,22,Female,C005,KCSE,dorcasodhiamboapp02624@gmail.com
APP02625,Joy,Chebet,22,Female,C001,KCSE,joychebetapp02625@yahoo.com
APP02626,Eunice,Omondi,23,Female,C001,KCSE,euniceomondiapp02626@gmail.com
APP02627,Esther,Koech,24,Female,C003,KCSE,estherkoechapp02627@gmail.com
APP02628,Mary,Koech,21,Female,C003,KCSE,marykoechapp02628@yahoo.com
APP02629,Eunice,Odhiambo,31,Female,C002,Bachelor's,euniceodhiamboapp02629@gmail.com
APP02630,Beatrice,Munyao,32,Female,C006,Bachelor's,beatricemunyaoapp02630@gmail.com
APP02631,Ann,Makena,27,Female,C001,Certificate,annmakenaapp02631@gmail.com
APP02632,Eunice,Juma,23,Female,C008,Certificate,eunicejumaapp02632@gmail.com
APP02633,Brenda,Muli,22,Female,C009,Certificate,brendamuliapp02633@gmail.com
APP02634,Gladys,Makena,22,Female,C007,Certificate,gladysmakenaapp02634@gmail.com
APP02635,Janet,Wanjiku,31,Female,C003,Diploma,janetwanjikuapp02635@gmail.com
APP02636,Aisha,Kiptoo,29,Female,C001,Diploma,aishakiptooapp02636@gmail.com
APP02637,Christine,Makena,27,Female,C009,Certificate,christinemakenaapp02637@gmail.com
APP02638,Joy,Wambui,19,Female,C005,Certificate,joywambuiapp02638@gmail.com
APP02639,Edna,Khalfan,21,Female,C003,KCSE,ednakhalfanapp02639@gmail.com
APP02640,Janet,Barasa,26,Female,C007,Certificate,janetbarasaapp02640@gmail.com
APP02641,Hellen,Gitau,18,Female,C006,KCSE,hellengitauapp02641@yahoo.com
APP02642,Diana,Nyambura,25,Female,C002,Diploma,diananyamburaapp02642@gmail.com
APP02643,Hellen,Njoroge,27,Female,C007,Certificate,hellennjorogeapp02643@yahoo.com
APP02644,Gladys,Gitau,18,Female,C007,KCSE,gladysgitauapp02644@gmail.com
APP02645,Brenda,Nyongesa,23,Female,C002,KCSE,brendanyongesaapp02645@outlook.com
APP02646,Halima,Omondi,22,Female,C002,KCSE,halimaomondiapp02646@gmail.com
APP02647,Esther,Otieno,22,Female,C009,Diploma,estherotienoapp02647@gmail.com
APP02648,Fatma,Chebet,22,Female,C007,KCSE,fatmachebetapp02648@hotmail.com
APP02649,Caroline,Chebet,24,Female,C004,Bachelor's,carolinechebetapp02649@yahoo.com
APP02650,Beatrice,Mwangi,33,Female,C007,Diploma,beatricemwangiapp02650@gmail.com
APP02651,Gladys,Munyao,24,Female,C001,Diploma,gladysmunyaoapp02651@gmail.com
APP02652,Emmanuel,Rotich,20,Male,C001,KCSE,emmanuelrotichapp02652@yahoo.com
APP02653,Edna,Khalfan,25,Female,C008,Certificate,ednakhalfanapp02653@gmail.com
APP02654,Grace,Rotich,21,Female,C005,KCSE,gracerotichapp02654@gmail.com
APP02655,Irene,Mwangi,21,Female,C008,KCSE,irenemwangiapp02655@gmail.com
APP02656,Dorcas,Barasa,18,Female,C001,Certificate,dorcasbarasaapp02656@gmail.com
APP02657,Fatma,Nyongesa,21,Female,C007,KCSE,fatmanyongesaapp02657@gmail.com
APP02658,Jackline,Koech,20,Female,C005,KCSE,jacklinekoechapp02658@gmail.com
APP02659,Zainab,Njoroge,24,Female,C003,Diploma,zainabnjorogeapp02659@gmail.com
APP02660,Faith,Gitau,28,Female,C007,Diploma,faithgitauapp02660@gmail.com
APP02661,Edna,Abdalla,21,Female,C005,KCSE,ednaabdallaapp02661@hotmail.com
APP02662,Emmanuel,Ali,27,Male,C001,Certificate,emmanuelaliapp02662@gmail.com
APP02663,Irene,Koech,22,Female,C001,Diploma,irenekoechapp02663@gmail.com
APP02664,Mercy,Barasa,30,Female,C008,Bachelor's,mercybarasaapp02664@yahoo.com
APP02665,Zainab,Odhiambo,27,Female,C001,Certificate,zainabodhiamboapp02665@yahoo.com
APP02666,Eunice,Chebet,20,Female,C005,KCSE,eunicechebetapp02666@outlook.com
APP02667,Naomi,Njoroge,27,Female,C008,Certificate,naominjorogeapp02667@gmail.com
APP02668,Faith,Makena,22,Female,C006,KCSE,faithmakenaapp02668@gmail.com
APP02669,Lydia,Kamau,24,Female,C007,Diploma,lydiakamauapp02669@gmail.com
APP02670,Aisha,Juma,20,Female,C004,KCSE,aishajumaapp02670@gmail.com
APP02671,John,Khalfan,19,Male,C002,KCSE,johnkhalfanapp02671@gmail.com
APP02672,Halima,Gitau,18,Female,C007,KCSE,halimagitauapp02672@gmail.com
APP02673,Aisha,Kamau,32,Female,C001,Bachelor's,aishakamauapp02673@gmail.com
APP02674,Lydia,Ndungu,23,Female,C002,KCSE,lydiandunguapp02674@gmail.com
APP02675,Hellen,Kiptoo,21,Female,C004,KCSE,hellenkiptooapp02675@gmail.com
APP02676,Diana,Mwangi,18,Female,C003,Diploma,dianamwangiapp02676@yahoo.com
APP02677,Beatrice,Njoroge,24,Female,C007,Certificate,beatricenjorogeapp02677@gmail.com
APP02678,Halima,Barasa,20,Female,C003,KCSE,halimabarasaapp02678@gmail.com
APP02679,Naomi,Kariuki,30,Female,C009,Bachelor's,naomikariukiapp02679@outlook.com
APP02680,Eunice,Barasa,18,Female,C007,KCSE,eunicebarasaapp02680@gmail.com
APP02681,Brenda,Njoroge,18,Female,C009,KCSE,brendanjorogeapp02681@gmail.com
APP02682,Fatma,Wambui,21,Female,C002,KCSE,fatmawambuiapp02682@gmail.com
APP02683,Zainab,Kamau,25,Female,C001,Bachelor's,zainabkamauapp02683@yahoo.com
APP02684,Diana,Njoroge,18,Female,C007,Certificate,diananjorogeapp02684@gmail.com
APP02685,Naomi,Odhiambo,24,Female,C003,Diploma,naomiodhiamboapp02685@gmail.com
APP02686,Purity,Juma,21,Female,C006,KCSE,purityjumaapp02686@gmail.com
APP02687,Ann,Munyao,27,Female,C009,Diploma,annmunyaoapp02687@outlook.com
APP02688,Esther,Ndungu,22,Female,C001,KCSE,estherndunguapp02688@gmail.com
APP02689,Irene,Mwangi,22,Female,C005,KCSE,irenemwangiapp02689@gmail.com
APP02690,Gladys,Kiptoo,22,Female,C009,Diploma,gladyskiptooapp02690@gmail.com
APP02691,Rose,Muli,21,Female,C009,KCSE,rosemuliapp02691@yahoo.com
APP02692,Gladys,Khalfan,24,Female,C009,KCSE,gladyskhalfanapp02692@outlook.com
APP02693,Mohamed,Gitau,18,Male,C002,Certificate,mohamedgitauapp02693@gmail.com
APP02694,Zainab,Ouma,30,Female,C003,Bachelor's,zainaboumaapp02694@gmail.com
APP02695,Diana,Ouma,23,Female,C002,KCSE,dianaoumaapp02695@gmail.com
APP02696,Halima,Kamau,18,Female,C002,KCSE,halimakamauapp02696@gmail.com
APP02697,Ann,Nyambura,18,Female,C002,KCSE,annnyamburaapp02697@yahoo.com
APP02698,Aisha,Makena,26,Female,C007,Diploma,aishamakenaapp02698@yahoo.com
APP02699,Beatrice,Juma,24,Female,C001,Certificate,beatricejumaapp02699@hotmail.com
APP02700,Caroline,Kamau,19,Female,C003,KCSE,carolinekamauapp02700@gmail.com
APP02701,Eunice,Chebet,33,Female,C007,Bachelor's,eunicechebetapp02701@gmail.com
APP02702,Lydia,Njoroge,23,Female,C001,Certificate,lydianjorogeapp02702@gmail.com
APP02703,Amina,Koech,34,Female,C004,Bachelor's,aminakoechapp02703@yahoo.com
APP02704,Edna,Mohamed,21,Female,C003,KCSE,ednamohamedapp02704@yahoo.com
APP02705,Patrick,Mutua,33,Male,C004,Bachelor's,patrickmutuaapp02705@gmail.com
APP02706,Eunice,Wanjiku,20,Female,C003,KCSE,eunicewanjikuapp02706@yahoo.com
APP02707,Joy,Njoroge,24,Female,C008,Diploma,joynjorogeapp02707@gmail.com
APP02708,Faith,Maina,19,Female,C002,KCSE,faithmainaapp02708@outlook.com
APP02709,Purity,Nyambura,24,Female,C001,Bachelor's,puritynyamburaapp02709@gmail.com
APP02710,Joy,Ndungu,18,Female,C005,Diploma,joyndunguapp02710@yahoo.com
APP02711,Zainab,Ndungu,32,Female,C001,Master's,zainabndunguapp02711@yahoo.com
APP02712,Sharon,Kiptoo,21,Female,C008,KCSE,sharonkiptooapp02712@gmail.com
APP02713,Ann,Kiptoo,31,Female,C001,Bachelor's,annkiptooapp02713@gmail.com
APP02714,Gladys,Abdalla,23,Female,C009,Diploma,gladysabdallaapp02714@gmail.com
APP02715,Dorcas,Mwangi,23,Female,C002,Certificate,dorcasmwangiapp02715@gmail.com
APP02716,Dorcas,Nyongesa,33,Female,C002,Diploma,dorcasnyongesaapp02716@yahoo.com
APP02717,Charles,Mohamed,19,Male,C003,Diploma,charlesmohamedapp02717@outlook.com
APP02718,Lydia,Omondi,18,Female,C003,KCSE,lydiaomondiapp02718@gmail.com
APP02719,Rose,Wanjiku,30,Female,C001,Master's,rosewanjikuapp02719@gmail.com
APP02720,Christine,Mwangi,21,Female,C005,KCSE,christinemwangiapp02720@gmail.com
APP02721,Steve,Otieno,20,Male,C006,KCSE,steveotienoapp02721@gmail.com
APP02722,Esther,Omondi,19,Female,C007,KCSE,estheromondiapp02722@gmail.com
APP02723,Sharon,Musyoka,25,Female,C007,Diploma,sharonmusyokaapp02723@outlook.com
APP02724,Diana,Mwangi,34,Female,C001,Bachelor's,dianamwangiapp02724@yahoo.com
APP02725,Christine,Odhiambo,26,Female,C001,KCSE,christineodhiamboapp02725@yahoo.com
APP02726,Sharon,Mohamed,21,Female,C007,Certificate,sharonmohamedapp02726@gmail.com
APP02727,Hellen,Mwangi,25,Female,C009,Certificate,hellenmwangiapp02727@gmail.com
APP02728,Hellen,Mohamed,31,Female,C009,Diploma,hellenmohamedapp02728@gmail.com
APP02729,Janet,Munyao,24,Female,C007,Certificate,janetmunyaoapp02729@yahoo.com
APP02730,Rose,Ali,28,Female,C001,Bachelor's,rosealiapp02730@gmail.com
APP02731,Zainab,Nyambura,29,Female,C007,Bachelor's,zainabnyamburaapp02731@gmail.com
APP02732,Eunice,Mohamed,20,Female,C007,KCSE,eunicemohamedapp02732@gmail.com
APP02733,Jackline,Njoroge,25,Female,C003,Diploma,jacklinenjorogeapp02733@yahoo.com
APP02734,Halima,Nyongesa,19,Female,C005,KCSE,halimanyongesaapp02734@hotmail.com
APP02735,Esther,Njoroge,21,Female,C001,KCSE,esthernjorogeapp02735@outlook.com
APP02736,Eunice,Nyongesa,31,Female,C001,Master's,eunicenyongesaapp02736@gmail.com
APP02737,Dorcas,Munyao,18,Female,C009,KCSE,dorcasmunyaoapp02737@gmail.com
APP02738,Christine,Nyambura,22,Female,C009,Diploma,christinenyamburaapp02738@outlook.com
APP02739,Diana,Makena,20,Female,C004,KCSE,dianamakenaapp02739@gmail.com
APP02740,Gladys,Musyoka,34,Female,C001,Bachelor's,gladysmusyokaapp02740@gmail.com
APP02741,Charles,Koech,20,Male,C001,KCSE,charleskoechapp02741@gmail.com
APP02742,Mercy,Kamau,26,Female,C003,Certificate,mercykamauapp02742@gmail.com
APP02743,Hellen,Kariuki,22,Female,C001,KCSE,hellenkariukiapp02743@outlook.com
APP02744,Sharon,Koech,24,Female,C009,Certificate,sharonkoechapp02744@gmail.com
APP02745,Eunice,Juma,23,Female,C002,Certificate,eunicejumaapp02745@outlook.com
APP02746,Grace,Koech,20,Female,C007,Certificate,gracekoechapp02746@outlook.com
APP02747,Grace,Juma,19,Female,C009,KCSE,gracejumaapp02747@yahoo.com
APP02748,Brenda,Ndungu,28,Female,C002,Diploma,brendandunguapp02748@outlook.com
APP02749,Edna,Wanjiku,22,Female,C009,KCSE,ednawanjikuapp02749@gmail.com
APP02750,Edna,Wanjiku,18,Female,C003,KCSE,ednawanjikuapp02750@gmail.com
APP02751,Zainab,Juma,22,Female,C008,Diploma,zainabjumaapp02751@gmail.com
APP02752,Amina,Wanjiku,18,Female,C009,KCSE,aminawanjikuapp02752@gmail.com
APP02753,David,Ouma,19,Male,C009,KCSE,davidoumaapp02753@gmail.com
APP02754,Mark,Kamau,23,Male,C006,Certificate,markkamauapp02754@gmail.com
APP02755,Faith,Gitau,25,Female,C008,Certificate,faithgitauapp02755@gmail.com
APP02756,Faith,Ouma,21,Female,C005,KCSE,faithoumaapp02756@yahoo.com
APP02757,Gladys,Maina,26,Female,C004,KCSE,gladysmainaapp02757@gmail.com
APP02758,Purity,Mutua,19,Female,C003,Certificate,puritymutuaapp02758@gmail.com
APP02759,Janet,Otieno,29,Female,C002,Bachelor's,janetotienoapp02759@gmail.com
APP02760,Mary,Odhiambo,23,Female,C001,Diploma,maryodhiamboapp02760@gmail.com
APP02761,Ann,Ouma,19,Female,C001,Diploma,annoumaapp02761@yahoo.com
APP02762,Kelvin,Mwangi,22,Male,C007,KCSE,kelvinmwangiapp02762@gmail.com
APP02763,Lydia,Munyao,22,Female,C008,KCSE,lydiamunyaoapp02763@gmail.com
APP02764,Janet,Chebet,26,Female,C009,Bachelor's,janetchebetapp02764@gmail.com
APP02765,Faith,Koech,22,Female,C007,Diploma,faithkoechapp02765@yahoo.com
APP02766,Caroline,Wambui,35,Female,C003,Bachelor's,carolinewambuiapp02766@gmail.com
APP02767,Beatrice,Abdalla,25,Female,C001,Diploma,beatriceabdallaapp02767@outlook.com
APP02768,Samuel,Rotich,19,Male,C007,KCSE,samuelrotichapp02768@yahoo.com
APP02769,Mark,Kiptoo,22,Male,C008,KCSE,markkiptooapp02769@gmail.com
APP02770,Mercy,Muli,23,Female,C007,Diploma,mercymuliapp02770@gmail.com
APP02771,Janet,Khalfan,19,Female,C001,KCSE,janetkhalfanapp02771@outlook.com
APP02772,Mohamed,Khalfan,22,Male,C009,KCSE,mohamedkhalfanapp02772@yahoo.com
APP02773,Halima,Mwangi,21,Female,C009,KCSE,halimamwangiapp02773@yahoo.com
APP02774,Hellen,Rotich,24,Female,C001,Certificate,hellenrotichapp02774@gmail.com
APP02775,Fatma,Ouma,27,Female,C001,Certificate,fatmaoumaapp02775@gmail.com
APP02776,Lydia,Juma,18,Female,C001,Diploma,lydiajumaapp02776@yahoo.com
APP02777,Mercy,Kiptoo,22,Female,C003,Diploma,mercykiptooapp02777@gmail.com
APP02778,Aisha,Kariuki,26,Female,C008,Diploma,aishakariukiapp02778@outlook.com
APP02779,Beatrice,Wanjiku,29,Female,C008,Master's,beatricewanjikuapp02779@gmail.com
APP02780,Joy,Kiptoo,20,Female,C009,KCSE,joykiptooapp02780@gmail.com
APP02781,Faith,Chebet,20,Female,C008,KCSE,faithchebetapp02781@gmail.com
APP02782,Jackline,Rotich,27,Female,C009,Certificate,jacklinerotichapp02782@yahoo.com
APP02783,Jackline,Ali,33,Female,C005,Bachelor's,jacklinealiapp02783@gmail.com
APP02784,Lydia,Maina,26,Female,C009,Diploma,lydiamainaapp02784@hotmail.com
APP02785,Esther,Ali,20,Female,C002,KCSE,estheraliapp02785@yahoo.com
APP02786,Aisha,Otieno,32,Female,C005,Diploma,aishaotienoapp02786@gmail.com
APP02787,Halima,Kiptoo,26,Female,C007,Certificate,halimakiptooapp02787@hotmail.com
APP02788,Rose,Juma,19,Female,C003,KCSE,rosejumaapp02788@gmail.com
APP02789,Rose,Mutua,27,Female,C007,KCSE,rosemutuaapp02789@gmail.com
APP02790,Esther,Rotich,22,Female,C007,KCSE,estherrotichapp02790@gmail.com
APP02791,Emmanuel,Makena,28,Male,C006,Diploma,emmanuelmakenaapp02791@gmail.com
APP02792,Jackline,Wanjiku,27,Female,C008,KCSE,jacklinewanjikuapp02792@yahoo.com
APP02793,Grace,Kariuki,26,Female,C003,Bachelor's,gracekariukiapp02793@gmail.com
APP02794,Diana,Koech,20,Female,C001,KCSE,dianakoechapp02794@hotmail.com
APP02795,Hellen,Omondi,25,Female,C004,Diploma,hellenomondiapp02795@gmail.com
APP02796,Janet,Rotich,19,Female,C007,Certificate,janetrotichapp02796@gmail.com
APP02797,Rose,Maina,28,Female,C002,Bachelor's,rosemainaapp02797@gmail.com
APP02798,Mary,Muli,18,Female,C008,KCSE,marymuliapp02798@gmail.com
APP02799,Aisha,Odhiambo,23,Female,C004,Diploma,aishaodhiamboapp02799@gmail.com
APP02800,Steve,Juma,25,Male,C007,Certificate,stevejumaapp02800@gmail.com
APP02801,Janet,Abdalla,27,Female,C003,Bachelor's,janetabdallaapp02801@gmail.com
APP02802,Lydia,Nyambura,25,Female,C007,Diploma,lydianyamburaapp02802@yahoo.com
APP02803,Diana,Maina,20,Female,C006,KCSE,dianamainaapp02803@gmail.com
APP02804,Naomi,Kamau,18,Female,C005,KCSE,naomikamauapp02804@gmail.com
APP02805,Halima,Ali,33,Female,C001,Diploma,halimaaliapp02805@outlook.com
APP02806,Lydia,Khalfan,25,Female,C003,KCSE,lydiakhalfanapp02806@gmail.com
APP02807,Ann,Ouma,18,Female,C001,KCSE,annoumaapp02807@outlook.com
APP02808,Aisha,Njoroge,35,Female,C007,Diploma,aishanjorogeapp02808@hotmail.com
APP02809,Eunice,Ndungu,21,Female,C005,KCSE,eunicendunguapp02809@yahoo.com
APP02810,Mary,Kariuki,19,Female,C007,KCSE,marykariukiapp02810@gmail.com
APP02811,Jackline,Otieno,21,Female,C003,KCSE,jacklineotienoapp02811@gmail.com
APP02812,Jackline,Nyongesa,25,Female,C003,Bachelor's,jacklinenyongesaapp02812@gmail.com
APP02813,Joy,Nyambura,30,Female,C009,Diploma,joynyamburaapp02813@hotmail.com
APP02814,Jackline,Rotich,20,Female,C003,Certificate,jacklinerotichapp02814@gmail.com
APP02815,Beatrice,Wambui,22,Female,C008,KCSE,beatricewambuiapp02815@gmail.com
APP02816,Irene,Ouma,23,Female,C003,Diploma,ireneoumaapp02816@gmail.com
APP02817,Halima,Maina,20,Female,C004,KCSE,halimamainaapp02817@yahoo.com
APP02818,Faith,Musyoka,19,Female,C003,KCSE,faithmusyokaapp02818@gmail.com
APP02819,Grace,Mohamed,19,Female,C009,Certificate,gracemohamedapp02819@gmail.com
APP02820,Ann,Wanjiku,19,Female,C003,KCSE,annwanjikuapp02820@yahoo.com
APP02821,Faith,Muli,24,Female,C009,Diploma,faithmuliapp02821@gmail.com
APP02822,Purity,Kiptoo,18,Female,C003,KCSE,puritykiptooapp02822@hotmail.com
APP02823,Zainab,Rotich,25,Female,C007,Diploma,zainabrotichapp02823@gmail.com
APP02824,Janet,Rotich,24,Female,C007,Diploma,janetrotichapp02824@gmail.com
APP02825,Dorcas,Omondi,35,Female,C007,Diploma,dorcasomondiapp02825@gmail.com
APP02826,Sharon,Odhiambo,24,Female,C009,KCSE,sharonodhiamboapp02826@gmail.com
APP02827,Gladys,Omondi,27,Female,C008,Certificate,gladysomondiapp02827@gmail.com
APP02828,Hassan,Njoroge,29,Male,C003,Diploma,hassannjorogeapp02828@gmail.com
APP02829,Janet,Makena,27,Female,C001,Diploma,janetmakenaapp02829@gmail.com
APP02830,Irene,Rotich,22,Female,C001,Diploma,irenerotichapp02830@gmail.com
APP02831,Mercy,Juma,25,Female,C005,Certificate,mercyjumaapp02831@gmail.com
APP02832,Faith,Kamau,22,Female,C004,KCSE,faithkamauapp02832@yahoo.com
APP02833,Amina,Nyambura,26,Female,C009,Diploma,aminanyamburaapp02833@yahoo.com
APP02834,Purity,Kiptoo,18,Female,C008,Certificate,puritykiptooapp02834@gmail.com
APP02835,Aisha,Ouma,26,Female,C004,Diploma,aishaoumaapp02835@gmail.com
APP02836,Mary,Ouma,21,Female,C009,Diploma,maryoumaapp02836@gmail.com
APP02837,Purity,Ali,20,Female,C001,KCSE,purityaliapp02837@yahoo.com
APP02838,Naomi,Kariuki,32,Female,C004,Diploma,naomikariukiapp02838@gmail.com
APP02839,Halima,Muli,34,Female,C001,Bachelor's,halimamuliapp02839@gmail.com
APP02840,Gladys,Juma,20,Female,C001,Certificate,gladysjumaapp02840@outlook.com
APP02841,Jackline,Munyao,24,Female,C001,Certificate,jacklinemunyaoapp02841@gmail.com
APP02842,Zainab,Mwangi,31,Female,C006,Bachelor's,zainabmwangiapp02842@gmail.com
APP02843,Mary,Ouma,20,Female,C002,KCSE,maryoumaapp02843@gmail.com
APP02844,Eunice,Barasa,27,Female,C002,Certificate,eunicebarasaapp02844@gmail.com
APP02845,Janet,Chebet,19,Female,C006,KCSE,janetchebetapp02845@gmail.com
APP02846,Christine,Barasa,22,Female,C002,KCSE,christinebarasaapp02846@yahoo.com
APP02847,Rose,Omondi,20,Female,C007,KCSE,roseomondiapp02847@gmail.com
APP02848,Fatma,Abdalla,33,Female,C002,Bachelor's,fatmaabdallaapp02848@hotmail.com
APP02849,Faith,Ali,23,Female,C002,Diploma,faithaliapp02849@hotmail.com
APP02850,Ann,Nyongesa,27,Female,C007,Certificate,annnyongesaapp02850@gmail.com
APP02851,Zainab,Ali,26,Female,C002,Certificate,zainabaliapp02851@gmail.com
APP02852,Eunice,Koech,23,Female,C007,Certificate,eunicekoechapp02852@gmail.com
APP02853,Grace,Barasa,34,Female,C007,Bachelor's,gracebarasaapp02853@hotmail.com
APP02854,Irene,Chebet,19,Female,C003,KCSE,irenechebetapp02854@hotmail.com
APP02855,Halima,Ali,18,Female,C001,KCSE,halimaaliapp02855@hotmail.com
APP02856,Grace,Kiptoo,27,Female,C002,Diploma,gracekiptooapp02856@gmail.com
APP02857,Kennedy,Makena,23,Male,C003,Diploma,kennedymakenaapp02857@gmail.com
APP02858,Lydia,Gitau,34,Female,C008,Diploma,lydiagitauapp02858@gmail.com
APP02859,Collins,Nyongesa,20,Male,C003,KCSE,collinsnyongesaapp02859@hotmail.com
APP02860,James,Otieno,34,Male,C009,Master's,jamesotienoapp02860@hotmail.com
APP02861,Beatrice,Ndungu,24,Female,C007,Diploma,beatricendunguapp02861@gmail.com
APP02862,Faith,Otieno,25,Female,C003,Certificate,faithotienoapp02862@yahoo.com
APP02863,Esther,Mohamed,22,Female,C007,Diploma,esthermohamedapp02863@gmail.com
APP02864,Diana,Abdalla,20,Female,C007,Certificate,dianaabdallaapp02864@gmail.com
APP02865,Gladys,Odhiambo,21,Female,C007,Diploma,gladysodhiamboapp02865@gmail.com
APP02866,Mary,Musyoka,25,Female,C004,Certificate,marymusyokaapp02866@gmail.com
APP02867,Janet,Odhiambo,20,Female,C006,KCSE,janetodhiamboapp02867@yahoo.com
APP02868,Halima,Koech,24,Female,C002,Diploma,halimakoechapp02868@gmail.com
APP02869,Brian,Wambui,33,Male,C002,Master's,brianwambuiapp02869@gmail.com
APP02870,Paul,Muli,22,Male,C002,KCSE,paulmuliapp02870@hotmail.com
APP02871,Purity,Muli,21,Female,C009,Certificate,puritymuliapp02871@gmail.com
APP02872,Fatma,Kariuki,22,Female,C004,KCSE,fatmakariukiapp02872@yahoo.com
APP02873,Gladys,Nyambura,23,Female,C003,Diploma,gladysnyamburaapp02873@hotmail.com
APP02874,Esther,Musyoka,19,Female,C003,KCSE,esthermusyokaapp02874@gmail.com
APP02875,Edna,Kamau,18,Female,C001,KCSE,ednakamauapp02875@gmail.com
APP02876,Zainab,Maina,21,Female,C001,KCSE,zainabmainaapp02876@gmail.com
APP02877,Irene,Ndungu,27,Female,C001,Diploma,irenendunguapp02877@gmail.com
APP02878,Purity,Munyao,21,Female,C009,Certificate,puritymunyaoapp02878@yahoo.com
APP02879,Jackline,Ali,27,Female,C008,Diploma,jacklinealiapp02879@gmail.com
APP02880,Esther,Mohamed,23,Female,C009,KCSE,esthermohamedapp02880@gmail.com
APP02881,Janet,Munyao,23,Female,C004,KCSE,janetmunyaoapp02881@gmail.com
APP02882,Fatma,Otieno,24,Female,C008,Diploma,fatmaotienoapp02882@gmail.com
APP02883,Ann,Muli,27,Female,C004,Certificate,annmuliapp02883@gmail.com
APP02884,Zainab,Kiptoo,24,Female,C004,Bachelor's,zainabkiptooapp02884@gmail.com
APP02885,Sharon,Mohamed,34,Female,C001,Bachelor's,sharonmohamedapp02885@hotmail.com
APP02886,Esther,Omondi,27,Female,C006,Diploma,estheromondiapp02886@gmail.com
APP02887,Irene,Odhiambo,25,Female,C009,Certificate,ireneodhiamboapp02887@gmail.com
APP02888,Janet,Mohamed,20,Female,C007,KCSE,janetmohamedapp02888@gmail.com
APP02889,Mark,Odhiambo,23,Male,C001,Diploma,markodhiamboapp02889@gmail.com
APP02890,Hellen,Abdalla,19,Female,C002,Certificate,hellenabdallaapp02890@gmail.com
APP02891,Joy,Omondi,25,Female,C001,KCSE,joyomondiapp02891@gmail.com
APP02892,Lydia,Mohamed,26,Female,C009,Certificate,lydiamohamedapp02892@gmail.com
APP02893,Halima,Njoroge,23,Female,C004,KCSE,halimanjorogeapp02893@gmail.com
APP02894,Caroline,Odhiambo,28,Female,C007,Bachelor's,carolineodhiamboapp02894@yahoo.com
APP02895,Peter,Ouma,24,Male,C007,Diploma,peteroumaapp02895@gmail.com
APP02896,Fatma,Maina,26,Female,C003,KCSE,fatmamainaapp02896@outlook.com
APP02897,Amina,Mwangi,22,Female,C001,KCSE,aminamwangiapp02897@gmail.com
APP02898,Sharon,Wambui,24,Female,C001,Certificate,sharonwambuiapp02898@gmail.com
APP02899,Beatrice,Abdalla,20,Female,C009,KCSE,beatriceabdallaapp02899@gmail.com
APP02900,Aisha,Abdalla,22,Female,C008,KCSE,aishaabdallaapp02900@gmail.com
APP02901,Aisha,Otieno,35,Female,C005,Bachelor's,aishaotienoapp02901@gmail.com
APP02902,Halima,Mohamed,21,Female,C003,KCSE,halimamohamedapp02902@gmail.com
APP02903,Lydia,Omondi,29,Female,C001,Bachelor's,lydiaomondiapp02903@gmail.com
APP02904,Rose,Kiptoo,23,Female,C003,Diploma,rosekiptooapp02904@gmail.com
APP02905,Zainab,Koech,27,Female,C004,Diploma,zainabkoechapp02905@gmail.com
APP02906,Eunice,Mutua,18,Female,C008,KCSE,eunicemutuaapp02906@gmail.com
APP02907,Mercy,Gitau,32,Female,C001,Master's,mercygitauapp02907@gmail.com
APP02908,Rose,Kamau,19,Female,C007,KCSE,rosekamauapp02908@gmail.com
APP02909,Fatma,Wanjiku,19,Female,C002,KCSE,fatmawanjikuapp02909@gmail.com
APP02910,Naomi,Mwangi,26,Female,C001,Bachelor's,naomimwangiapp02910@gmail.com
APP02911,Hellen,Kamau,21,Female,C007,Certificate,hellenkamauapp02911@gmail.com
APP02912,Lydia,Rotich,19,Female,C007,KCSE,lydiarotichapp02912@yahoo.com
APP02913,Zainab,Barasa,24,Female,C002,Diploma,zainabbarasaapp02913@gmail.com
APP02914,Amina,Muli,29,Female,C008,Bachelor's,aminamuliapp02914@gmail.com
APP02915,Esther,Otieno,27,Female,C003,Certificate,estherotienoapp02915@gmail.com
APP02916,Purity,Nyambura,29,Female,C001,Master's,puritynyamburaapp02916@gmail.com
APP02917,Collins,Wambui,29,Male,C003,Bachelor's,collinswambuiapp02917@outlook.com
APP02918,Fatma,Chebet,25,Female,C007,Diploma,fatmachebetapp02918@gmail.com
APP02919,Jackline,Mwangi,22,Female,C003,Certificate,jacklinemwangiapp02919@gmail.com
APP02920,Esther,Otieno,22,Female,C002,KCSE,estherotienoapp02920@gmail.com
APP02921,Diana,Munyao,21,Female,C008,KCSE,dianamunyaoapp02921@outlook.com
APP02922,Lydia,Khalfan,19,Female,C003,KCSE,lydiakhalfanapp02922@gmail.com
APP02923,Christine,Njoroge,32,Female,C008,Diploma,christinenjorogeapp02923@gmail.com
APP02924,Eunice,Abdalla,25,Female,C003,Certificate,euniceabdallaapp02924@gmail.com
APP02925,Irene,Munyao,29,Female,C002,Bachelor's,irenemunyaoapp02925@yahoo.com
APP02926,Jackline,Gitau,19,Female,C003,Diploma,jacklinegitauapp02926@gmail.com
APP02927,Irene,Muli,20,Female,C004,KCSE,irenemuliapp02927@gmail.com
APP02928,Caroline,Rotich,20,Female,C006,KCSE,carolinerotichapp02928@gmail.com
APP02929,Mary,Kiptoo,19,Female,C009,KCSE,marykiptooapp02929@gmail.com
APP02930,Naomi,Rotich,19,Female,C008,KCSE,naomirotichapp02930@yahoo.com
APP02931,Purity,Maina,26,Female,C003,Certificate,puritymainaapp02931@gmail.com
APP02932,Caroline,Nyongesa,35,Female,C002,Master's,carolinenyongesaapp02932@gmail.com
APP02933,Hellen,Mohamed,31,Female,C001,Bachelor's,hellenmohamedapp02933@outlook.com
APP02934,Zainab,Muli,18,Female,C005,KCSE,zainabmuliapp02934@gmail.com
APP02935,Brenda,Ndungu,24,Female,C002,KCSE,brendandunguapp02935@yahoo.com
APP02936,Mary,Kiptoo,23,Female,C008,Certificate,marykiptooapp02936@gmail.com
APP02937,Hellen,Ali,31,Female,C003,Master's,hellenaliapp02937@gmail.com
APP02938,Eunice,Omondi,24,Female,C003,KCSE,euniceomondiapp02938@gmail.com
APP02939,Ann,Abdalla,19,Female,C004,Diploma,annabdallaapp02939@gmail.com
APP02940,Edna,Abdalla,26,Female,C007,Diploma,ednaabdallaapp02940@outlook.com
APP02941,Naomi,Juma,25,Female,C007,Certificate,naomijumaapp02941@gmail.com
APP02942,Halima,Juma,21,Female,C008,Certificate,halimajumaapp02942@gmail.com
APP02943,Janet,Rotich,18,Female,C005,KCSE,janetrotichapp02943@gmail.com
APP02944,Mary,Rotich,27,Female,C009,KCSE,maryrotichapp02944@gmail.com
APP02945,Gladys,Ndungu,31,Female,C001,Bachelor's,gladysndunguapp02945@gmail.com
APP02946,Joy,Omondi,18,Female,C008,KCSE,joyomondiapp02946@hotmail.com
APP02947,Purity,Mohamed,28,Female,C004,Diploma,puritymohamedapp02947@gmail.com
APP02948,Ann,Musyoka,25,Female,C008,Certificate,annmusyokaapp02948@gmail.com
APP02949,Brian,Musyoka,19,Male,C001,Diploma,brianmusyokaapp02949@outlook.com
APP02950,Christine,Muli,22,Female,C009,KCSE,christinemuliapp02950@gmail.com
APP02951,Eunice,Mohamed,21,Female,C001,KCSE,eunicemohamedapp02951@outlook.com
APP02952,Steve,Kiptoo,35,Male,C003,Bachelor's,stevekiptooapp02952@gmail.com
APP02953,Dorcas,Barasa,22,Female,C004,Certificate,dorcasbarasaapp02953@yahoo.com
APP02954,Beatrice,Koech,27,Female,C001,Diploma,beatricekoechapp02954@gmail.com
APP02955,Amina,Odhiambo,33,Female,C007,Diploma,aminaodhiamboapp02955@outlook.com
APP02956,Irene,Munyao,24,Female,C008,KCSE,irenemunyaoapp02956@gmail.com
APP02957,Esther,Odhiambo,25,Female,C004,KCSE,estherodhiamboapp02957@gmail.com
APP02958,Beatrice,Wanjiku,26,Female,C001,Diploma,beatricewanjikuapp02958@gmail.com
APP02959,Esther,Munyao,25,Female,C002,Diploma,esthermunyaoapp02959@gmail.com
APP02960,Kevin,Musyoka,26,Male,C006,Certificate,kevinmusyokaapp02960@yahoo.com
APP02961,Rose,Ndungu,20,Female,C004,Certificate,rosendunguapp02961@gmail.com
APP02962,Irene,Ndungu,30,Female,C005,Diploma,irenendunguapp02962@gmail.com
APP02963,Kevin,Munyao,23,Male,C001,Diploma,kevinmunyaoapp02963@gmail.com
APP02964,Sharon,Barasa,21,Female,C008,KCSE,sharonbarasaapp02964@hotmail.com
APP02965,Charles,Nyambura,24,Male,C008,Certificate,charlesnyamburaapp02965@yahoo.com
APP02966,Irene,Nyongesa,18,Female,C009,KCSE,irenenyongesaapp02966@gmail.com
APP02967,Edna,Koech,20,Female,C004,KCSE,ednakoechapp02967@gmail.com
APP02968,Hellen,Abdalla,21,Female,C003,Certificate,hellenabdallaapp02968@gmail.com
APP02969,Hellen,Njoroge,32,Female,C007,Bachelor's,hellennjorogeapp02969@gmail.com
APP02970,Hellen,Ali,22,Female,C009,KCSE,hellenaliapp02970@yahoo.com
APP02971,Diana,Ndungu,22,Female,C001,KCSE,dianandunguapp02971@gmail.com
APP02972,Ann,Omondi,26,Female,C001,Certificate,annomondiapp02972@gmail.com
APP02973,Gladys,Wambui,30,Female,C001,Bachelor's,gladyswambuiapp02973@gmail.com
APP02974,Christine,Njoroge,26,Female,C002,Diploma,christinenjorogeapp02974@hotmail.com
APP02975,Grace,Ali,22,Female,C006,KCSE,gracealiapp02975@outlook.com
APP02976,Naomi,Chebet,25,Female,C007,Diploma,naomichebetapp02976@hotmail.com
APP02977,Rose,Kariuki,22,Female,C005,KCSE,rosekariukiapp02977@gmail.com
APP02978,Fatma,Mwangi,19,Female,C009,KCSE,fatmamwangiapp02978@yahoo.com
APP02979,Jackline,Mwangi,35,Female,C001,Diploma,jacklinemwangiapp02979@gmail.com
APP02980,Hellen,Nyongesa,25,Female,C001,Certificate,hellennyongesaapp02980@gmail.com
APP02981,Eunice,Chebet,20,Female,C007,Certificate,eunicechebetapp02981@outlook.com
APP02982,Eric,Rotich,23,Male,C007,Bachelor's,ericrotichapp02982@gmail.com
APP02983,Diana,Gitau,35,Female,C002,Master's,dianagitauapp02983@yahoo.com
APP02984,Brenda,Rotich,26,Female,C007,Diploma,brendarotichapp02984@hotmail.com
APP02985,Naomi,Makena,21,Female,C002,KCSE,naomimakenaapp02985@gmail.com
APP02986,Aisha,Wanjiku,30,Female,C003,Diploma,aishawanjikuapp02986@gmail.com
APP02987,Janet,Chebet,28,Female,C009,Master's,janetchebetapp02987@yahoo.com
APP02988,Beatrice,Maina,31,Female,C002,Diploma,beatricemainaapp02988@gmail.com
APP02989,Brenda,Rotich,22,Female,C001,KCSE,brendarotichapp02989@yahoo.com
APP02990,Eunice,Barasa,21,Female,C002,Diploma,eunicebarasaapp02990@gmail.com
APP02991,Sharon,Maina,28,Female,C009,Master's,sharonmainaapp02991@gmail.com
APP02992,Beatrice,Barasa,25,Female,C007,Diploma,beatricebarasaapp02992@gmail.com
APP02993,Lydia,Nyambura,26,Female,C003,Certificate,lydianyamburaapp02993@gmail.com
APP02994,Jackline,Wanjiku,20,Female,C003,KCSE,jacklinewanjikuapp02994@gmail.com
APP02995,Dorcas,Nyambura,21,Female,C004,KCSE,dorcasnyamburaapp02995@outlook.com
APP02996,Faith,Ali,25,Female,C001,Certificate,faithaliapp02996@outlook.com
APP02997,Diana,Kiptoo,20,Female,C004,KCSE,dianakiptooapp02997@gmail.com
APP02998,Halima,Kiptoo,20,Female,C002,Certificate,halimakiptooapp02998@gmail.com
APP02999,Fatma,Makena,34,Female,C003,Diploma,fatmamakenaapp02999@gmail.com
APP03000,Purity,Omondi,18,Female,C006,KCSE,purityomondiapp03000@gmail.com
APP03001,Beatrice,Musyoka,20,Female,C009,Diploma,beatricemusyokaapp03001@gmail.com
APP03002,Rose,Juma,27,Female,C001,Diploma,rosejumaapp03002@gmail.com
APP03003,Christine,Rotich,31,Female,C001,Bachelor's,christinerotichapp03003@gmail.com
APP03004,Collins,Koech,23,Male,C007,Certificate,collinskoechapp03004@gmail.com
APP03005,Irene,Mutua,24,Female,C002,Diploma,irenemutuaapp03005@gmail.com
APP03006,Collins,Otieno,19,Male,C004,KCSE,collinsotienoapp03006@gmail.com
APP03007,Halima,Kamau,20,Female,C001,Diploma,halimakamauapp03007@gmail.com
APP03008,Peter,Mutua,33,Male,C004,Bachelor's,petermutuaapp03008@gmail.com
APP03009,Edna,Maina,23,Female,C001,Bachelor's,ednamainaapp03009@gmail.com
APP03010,Purity,Muli,32,Female,C001,Bachelor's,puritymuliapp03010@gmail.com
APP03011,Dorcas,Njoroge,21,Female,C003,KCSE,dorcasnjorogeapp03011@hotmail.com
APP03012,Aisha,Gitau,22,Female,C001,Diploma,aishagitauapp03012@yahoo.com
APP03013,Mercy,Munyao,24,Female,C008,Certificate,mercymunyaoapp03013@gmail.com
APP03014,Patrick,Kamau,18,Male,C008,KCSE,patrickkamauapp03014@yahoo.com
APP03015,Joy,Juma,22,Female,C008,KCSE,joyjumaapp03015@gmail.com
APP03016,Rose,Juma,20,Female,C001,KCSE,rosejumaapp03016@gmail.com
APP03017,Rose,Nyongesa,18,Female,C001,KCSE,rosenyongesaapp03017@gmail.com
APP03018,Sharon,Gitau,20,Female,C007,KCSE,sharongitauapp03018@gmail.com
APP03019,Naomi,Otieno,19,Female,C007,KCSE,naomiotienoapp03019@gmail.com
APP03020,Eunice,Odhiambo,21,Female,C008,Certificate,euniceodhiamboapp03020@gmail.com
APP03021,Aisha,Juma,33,Female,C001,Bachelor's,aishajumaapp03021@gmail.com
APP03022,Mary,Njoroge,31,Female,C008,Bachelor's,marynjorogeapp03022@outlook.com
APP03023,Brenda,Munyao,20,Female,C009,Certificate,brendamunyaoapp03023@gmail.com
APP03024,Grace,Barasa,30,Female,C007,Bachelor's,gracebarasaapp03024@yahoo.com
APP03025,Esther,Mutua,18,Female,C007,KCSE,esthermutuaapp03025@yahoo.com
APP03026,Ann,Wambui,21,Female,C004,Diploma,annwambuiapp03026@gmail.com
APP03027,Dennis,Juma,20,Male,C005,KCSE,dennisjumaapp03027@outlook.com
APP03028,Rose,Njoroge,25,Female,C009,Bachelor's,rosenjorogeapp03028@gmail.com
APP03029,Hellen,Ali,33,Female,C001,Bachelor's,hellenaliapp03029@gmail.com
APP03030,Caroline,Juma,20,Female,C002,Certificate,carolinejumaapp03030@gmail.com
APP03031,Naomi,Nyongesa,26,Female,C003,KCSE,naominyongesaapp03031@gmail.com
APP03032,Hellen,Chebet,20,Female,C006,Certificate,hellenchebetapp03032@gmail.com
APP03033,Ann,Wambui,27,Female,C009,Certificate,annwambuiapp03033@outlook.com
APP03034,Kennedy,Wambui,35,Male,C009,Diploma,kennedywambuiapp03034@outlook.com
APP03035,Naomi,Abdalla,26,Female,C003,KCSE,naomiabdallaapp03035@gmail.com
APP03036,Peter,Ali,22,Male,C001,KCSE,peteraliapp03036@gmail.com
APP03037,Eunice,Koech,32,Female,C005,Bachelor's,eunicekoechapp03037@gmail.com
APP03038,Halima,Koech,22,Female,C007,KCSE,halimakoechapp03038@yahoo.com
APP03039,Halima,Khalfan,33,Female,C003,Bachelor's,halimakhalfanapp03039@gmail.com
APP03040,Dorcas,Musyoka,35,Female,C008,Bachelor's,dorcasmusyokaapp03040@gmail.com
APP03041,Samuel,Wanjiku,19,Male,C008,KCSE,samuelwanjikuapp03041@gmail.com
APP03042,Zainab,Mutua,26,Female,C004,KCSE,zainabmutuaapp03042@gmail.com
APP03043,Patrick,Kiptoo,28,Male,C002,Master's,patrickkiptooapp03043@gmail.com
APP03044,Gladys,Barasa,25,Female,C001,Certificate,gladysbarasaapp03044@yahoo.com
APP03045,Mary,Mutua,27,Female,C001,Bachelor's,marymutuaapp03045@gmail.com
APP03046,Aisha,Kiptoo,33,Female,C001,Master's,aishakiptooapp03046@yahoo.com
APP03047,Faith,Nyambura,24,Female,C005,Diploma,faithnyamburaapp03047@yahoo.com
APP03048,Peter,Nyongesa,35,Male,C003,Bachelor's,peternyongesaapp03048@hotmail.com
APP03049,Hellen,Kariuki,33,Female,C001,Bachelor's,hellenkariukiapp03049@hotmail.com
APP03050,Jackline,Muli,26,Female,C008,Diploma,jacklinemuliapp03050@hotmail.com
APP03051,Amina,Gitau,18,Female,C001,KCSE,aminagitauapp03051@gmail.com
APP03052,Janet,Makena,20,Female,C009,KCSE,janetmakenaapp03052@gmail.com
APP03053,Dorcas,Njoroge,21,Female,C003,KCSE,dorcasnjorogeapp03053@outlook.com
APP03054,Eunice,Makena,34,Female,C007,Diploma,eunicemakenaapp03054@gmail.com
APP03055,Fatma,Khalfan,18,Female,C001,Certificate,fatmakhalfanapp03055@gmail.com
APP03056,Brenda,Njoroge,18,Female,C009,Certificate,brendanjorogeapp03056@gmail.com
APP03057,Gladys,Kariuki,22,Female,C001,KCSE,gladyskariukiapp03057@gmail.com
APP03058,Mercy,Wambui,23,Female,C002,Diploma,mercywambuiapp03058@gmail.com
APP03059,Aisha,Nyongesa,20,Female,C003,KCSE,aishanyongesaapp03059@gmail.com
APP03060,Eunice,Abdalla,19,Female,C008,KCSE,euniceabdallaapp03060@outlook.com
APP03061,Martin,Khalfan,22,Male,C009,KCSE,martinkhalfanapp03061@yahoo.com
APP03062,Mary,Kamau,22,Female,C007,KCSE,marykamauapp03062@gmail.com
APP03063,Amina,Mutua,21,Female,C007,KCSE,aminamutuaapp03063@gmail.com
APP03064,Hassan,Koech,27,Male,C001,KCSE,hassankoechapp03064@yahoo.com
APP03065,Ann,Nyongesa,26,Female,C007,Certificate,annnyongesaapp03065@gmail.com
APP03066,Esther,Mwangi,21,Female,C007,Certificate,esthermwangiapp03066@gmail.com
APP03067,Joy,Kamau,26,Female,C006,Diploma,joykamauapp03067@yahoo.com
APP03068,Brenda,Ali,25,Female,C004,Certificate,brendaaliapp03068@outlook.com
APP03069,Hellen,Musyoka,26,Female,C008,Diploma,hellenmusyokaapp03069@gmail.com
APP03070,Esther,Ouma,18,Female,C007,KCSE,estheroumaapp03070@gmail.com
APP03071,Rose,Gitau,35,Female,C002,Bachelor's,rosegitauapp03071@gmail.com
APP03072,Esther,Omondi,26,Female,C003,KCSE,estheromondiapp03072@gmail.com
APP03073,Mary,Abdalla,24,Female,C006,Certificate,maryabdallaapp03073@gmail.com
APP03074,Beatrice,Khalfan,22,Female,C008,KCSE,beatricekhalfanapp03074@outlook.com
APP03075,Faith,Kamau,30,Female,C008,Diploma,faithkamauapp03075@gmail.com
APP03076,Caroline,Njoroge,26,Female,C007,Certificate,carolinenjorogeapp03076@yahoo.com
APP03077,Lydia,Kariuki,18,Female,C003,KCSE,lydiakariukiapp03077@outlook.com
APP03078,Steve,Kamau,27,Male,C008,Certificate,stevekamauapp03078@gmail.com
APP03079,Caroline,Koech,30,Female,C004,Diploma,carolinekoechapp03079@gmail.com
APP03080,Hellen,Kamau,22,Female,C009,KCSE,hellenkamauapp03080@gmail.com
APP03081,Brenda,Khalfan,28,Female,C001,Master's,brendakhalfanapp03081@gmail.com
APP03082,Hellen,Rotich,19,Female,C003,KCSE,hellenrotichapp03082@gmail.com
APP03083,Ann,Kamau,26,Female,C001,Certificate,annkamauapp03083@gmail.com
APP03084,Gladys,Abdalla,28,Female,C001,Diploma,gladysabdallaapp03084@yahoo.com
APP03085,Gladys,Wanjiku,27,Female,C007,Bachelor's,gladyswanjikuapp03085@outlook.com
APP03086,Faith,Nyambura,25,Female,C008,Diploma,faithnyamburaapp03086@outlook.com
APP03087,Esther,Mohamed,21,Female,C007,Diploma,esthermohamedapp03087@gmail.com
APP03088,Zainab,Ouma,19,Female,C003,Certificate,zainaboumaapp03088@gmail.com
APP03089,Brian,Kariuki,34,Male,C004,Bachelor's,briankariukiapp03089@gmail.com
APP03090,Amina,Maina,29,Female,C004,Diploma,aminamainaapp03090@hotmail.com
APP03091,Amina,Kariuki,25,Female,C009,Certificate,aminakariukiapp03091@yahoo.com
APP03092,Beatrice,Kiptoo,24,Female,C007,Diploma,beatricekiptooapp03092@gmail.com
APP03093,Eunice,Ndungu,25,Female,C001,Diploma,eunicendunguapp03093@gmail.com
APP03094,Halima,Musyoka,20,Female,C009,Certificate,halimamusyokaapp03094@hotmail.com
APP03095,Lydia,Barasa,21,Female,C002,KCSE,lydiabarasaapp03095@gmail.com
APP03096,Peter,Kariuki,25,Male,C003,Diploma,peterkariukiapp03096@yahoo.com
APP03097,Paul,Odhiambo,26,Male,C007,KCSE,paulodhiamboapp03097@gmail.com
APP03098,Hellen,Musyoka,21,Female,C007,KCSE,hellenmusyokaapp03098@gmail.com
APP03099,Grace,Gitau,20,Female,C006,KCSE,gracegitauapp03099@gmail.com
APP03100,Edna,Kamau,22,Female,C008,KCSE,ednakamauapp03100@gmail.com
APP03101,Hellen,Mohamed,22,Female,C006,Diploma,hellenmohamedapp03101@gmail.com
APP03102,Joy,Ali,25,Female,C001,Diploma,joyaliapp03102@gmail.com
APP03103,Purity,Makena,21,Female,C007,Diploma,puritymakenaapp03103@yahoo.com
APP03104,Rose,Khalfan,19,Female,C005,KCSE,rosekhalfanapp03104@gmail.com
APP03105,Faith,Juma,27,Female,C003,Certificate,faithjumaapp03105@gmail.com
APP03106,Grace,Kiptoo,35,Female,C002,Bachelor's,gracekiptooapp03106@gmail.com
APP03107,Naomi,Makena,29,Female,C001,Master's,naomimakenaapp03107@gmail.com
APP03108,Naomi,Muli,20,Female,C009,KCSE,naomimuliapp03108@gmail.com
APP03109,Hellen,Mohamed,21,Female,C004,KCSE,hellenmohamedapp03109@gmail.com
APP03110,Sharon,Nyongesa,20,Female,C001,KCSE,sharonnyongesaapp03110@gmail.com
APP03111,Gladys,Mutua,24,Female,C001,Bachelor's,gladysmutuaapp03111@gmail.com
APP03112,Hassan,Odhiambo,19,Male,C009,KCSE,hassanodhiamboapp03112@yahoo.com
APP03113,Sharon,Wanjiku,27,Female,C003,Diploma,sharonwanjikuapp03113@gmail.com
APP03114,Halima,Munyao,18,Female,C005,Diploma,halimamunyaoapp03114@gmail.com
APP03115,Halima,Omondi,19,Female,C003,KCSE,halimaomondiapp03115@hotmail.com
APP03116,Brenda,Gitau,19,Female,C001,KCSE,brendagitauapp03116@gmail.com
APP03117,Aisha,Nyambura,31,Female,C007,Bachelor's,aishanyamburaapp03117@gmail.com
APP03118,Joy,Odhiambo,20,Female,C005,KCSE,joyodhiamboapp03118@gmail.com
APP03119,Aisha,Mutua,19,Female,C008,KCSE,aishamutuaapp03119@outlook.com
APP03120,Lydia,Gitau,25,Female,C009,Diploma,lydiagitauapp03120@gmail.com
APP03121,Amina,Barasa,33,Female,C008,Diploma,aminabarasaapp03121@gmail.com
APP03122,Diana,Makena,24,Female,C007,Diploma,dianamakenaapp03122@yahoo.com
APP03123,Esther,Wambui,20,Female,C001,KCSE,estherwambuiapp03123@outlook.com
APP03124,Lydia,Mohamed,28,Female,C007,Master's,lydiamohamedapp03124@gmail.com
APP03125,Naomi,Rotich,18,Female,C006,KCSE,naomirotichapp03125@yahoo.com
APP03126,Beatrice,Omondi,20,Female,C007,KCSE,beatriceomondiapp03126@gmail.com
APP03127,Lydia,Makena,33,Female,C006,Bachelor's,lydiamakenaapp03127@yahoo.com
APP03128,Zainab,Otieno,21,Female,C008,KCSE,zainabotienoapp03128@gmail.com
APP03129,Faith,Makena,25,Female,C008,Diploma,faithmakenaapp03129@yahoo.com
APP03130,Gladys,Nyambura,27,Female,C003,Diploma,gladysnyamburaapp03130@hotmail.com
APP03131,Janet,Juma,18,Female,C008,KCSE,janetjumaapp03131@gmail.com
APP03132,Hassan,Kamau,22,Male,C009,KCSE,hassankamauapp03132@gmail.com
APP03133,Gladys,Wambui,24,Female,C003,Certificate,gladyswambuiapp03133@gmail.com
APP03134,Halima,Kamau,21,Female,C009,Diploma,halimakamauapp03134@gmail.com
APP03135,Janet,Mwangi,20,Female,C007,KCSE,janetmwangiapp03135@yahoo.com
APP03136,Halima,Ouma,29,Female,C009,Master's,halimaoumaapp03136@gmail.com
APP03137,Irene,Maina,20,Female,C006,KCSE,irenemainaapp03137@gmail.com
APP03138,Brenda,Gitau,27,Female,C001,Diploma,brendagitauapp03138@hotmail.com
APP03139,Halima,Njoroge,18,Female,C007,KCSE,halimanjorogeapp03139@yahoo.com
APP03140,Dennis,Mohamed,18,Male,C002,KCSE,dennismohamedapp03140@gmail.com
APP03141,Zainab,Kiptoo,24,Female,C006,Diploma,zainabkiptooapp03141@gmail.com
APP03142,Fatma,Kiptoo,31,Female,C007,Bachelor's,fatmakiptooapp03142@gmail.com
APP03143,Ann,Muli,21,Female,C008,KCSE,annmuliapp03143@gmail.com
APP03144,Sharon,Kiptoo,34,Female,C001,Bachelor's,sharonkiptooapp03144@gmail.com
APP03145,Aisha,Makena,25,Female,C001,Certificate,aishamakenaapp03145@hotmail.com
APP03146,Mercy,Wanjiku,28,Female,C009,Bachelor's,mercywanjikuapp03146@yahoo.com
APP03147,Irene,Koech,27,Female,C001,Certificate,irenekoechapp03147@gmail.com
APP03148,Grace,Wambui,27,Female,C007,Diploma,gracewambuiapp03148@gmail.com
APP03149,Esther,Maina,26,Female,C006,KCSE,esthermainaapp03149@gmail.com
APP03150,Hellen,Rotich,19,Female,C001,Certificate,hellenrotichapp03150@gmail.com
APP03151,Brenda,Odhiambo,18,Female,C008,KCSE,brendaodhiamboapp03151@gmail.com
APP03152,Fatma,Ali,20,Female,C007,Diploma,fatmaaliapp03152@gmail.com
APP03153,Janet,Mutua,22,Female,C004,Diploma,janetmutuaapp03153@gmail.com
APP03154,Hellen,Ouma,18,Female,C005,KCSE,hellenoumaapp03154@gmail.com
APP03155,Kennedy,Rotich,23,Male,C008,Certificate,kennedyrotichapp03155@gmail.com
APP03156,Janet,Wambui,34,Female,C007,Diploma,janetwambuiapp03156@gmail.com
APP03157,Brenda,Njoroge,25,Female,C005,KCSE,brendanjorogeapp03157@yahoo.com
APP03158,Edna,Ndungu,26,Female,C008,Diploma,ednandunguapp03158@gmail.com
APP03159,Dorcas,Ouma,20,Female,C002,Diploma,dorcasoumaapp03159@gmail.com
APP03160,Irene,Odhiambo,21,Female,C001,Certificate,ireneodhiamboapp03160@gmail.com
APP03161,Jackline,Abdalla,27,Female,C006,Certificate,jacklineabdallaapp03161@gmail.com
APP03162,Amina,Muli,22,Female,C003,KCSE,aminamuliapp03162@yahoo.com
APP03163,Janet,Rotich,19,Female,C006,Certificate,janetrotichapp03163@gmail.com
APP03164,Jackline,Abdalla,20,Female,C007,KCSE,jacklineabdallaapp03164@gmail.com
APP03165,Eunice,Odhiambo,33,Female,C005,Master's,euniceodhiamboapp03165@gmail.com
APP03166,Dorcas,Chebet,29,Female,C005,Master's,dorcaschebetapp03166@gmail.com
APP03167,Joy,Otieno,22,Female,C007,KCSE,joyotienoapp03167@gmail.com
APP03168,Gladys,Ndungu,22,Female,C008,KCSE,gladysndunguapp03168@gmail.com
APP03169,Hellen,Odhiambo,31,Female,C007,Bachelor's,hellenodhiamboapp03169@yahoo.com
APP03170,Naomi,Ali,20,Female,C005,KCSE,naomialiapp03170@gmail.com
APP03171,Mercy,Njoroge,24,Female,C002,KCSE,mercynjorogeapp03171@gmail.com
APP03172,Irene,Kariuki,30,Female,C001,Bachelor's,irenekariukiapp03172@yahoo.com
APP03173,Mary,Barasa,27,Female,C002,Certificate,marybarasaapp03173@gmail.com
APP03174,Irene,Rotich,20,Female,C001,KCSE,irenerotichapp03174@gmail.com
APP03175,Purity,Njoroge,18,Female,C004,Certificate,puritynjorogeapp03175@gmail.com
APP03176,Joy,Ndungu,22,Female,C002,KCSE,joyndunguapp03176@gmail.com
APP03177,Ann,Omondi,24,Female,C004,Diploma,annomondiapp03177@outlook.com
APP03178,Naomi,Nyongesa,35,Female,C001,Bachelor's,naominyongesaapp03178@gmail.com
APP03179,Zainab,Juma,24,Female,C002,Diploma,zainabjumaapp03179@gmail.com
APP03180,Christine,Musyoka,20,Female,C007,KCSE,christinemusyokaapp03180@gmail.com
APP03181,Diana,Omondi,35,Female,C001,Bachelor's,dianaomondiapp03181@gmail.com
APP03182,Grace,Otieno,25,Female,C003,Certificate,graceotienoapp03182@gmail.com
APP03183,Amina,Khalfan,22,Female,C001,KCSE,aminakhalfanapp03183@gmail.com
APP03184,Edna,Mohamed,18,Female,C008,KCSE,ednamohamedapp03184@gmail.com
APP03185,Ali,Kiptoo,32,Male,C006,Diploma,alikiptooapp03185@yahoo.com
APP03186,Hellen,Kiptoo,18,Female,C004,KCSE,hellenkiptooapp03186@gmail.com
APP03187,Eunice,Koech,18,Female,C007,Certificate,eunicekoechapp03187@yahoo.com
APP03188,Dorcas,Maina,26,Female,C001,KCSE,dorcasmainaapp03188@gmail.com
APP03189,Dorcas,Omondi,19,Female,C009,Certificate,dorcasomondiapp03189@outlook.com
APP03190,Ann,Munyao,19,Female,C003,Certificate,annmunyaoapp03190@yahoo.com
APP03191,Janet,Barasa,19,Female,C009,Certificate,janetbarasaapp03191@gmail.com
APP03192,Jackline,Wanjiku,18,Female,C002,KCSE,jacklinewanjikuapp03192@gmail.com
APP03193,Halima,Koech,21,Female,C003,KCSE,halimakoechapp03193@hotmail.com
APP03194,Hellen,Wanjiku,19,Female,C007,KCSE,hellenwanjikuapp03194@hotmail.com
APP03195,Brenda,Maina,25,Female,C007,Diploma,brendamainaapp03195@gmail.com
APP03196,Mercy,Nyambura,27,Female,C003,Diploma,mercynyamburaapp03196@gmail.com
APP03197,Lydia,Ndungu,27,Female,C002,KCSE,lydiandunguapp03197@gmail.com
APP03198,Diana,Mwangi,19,Female,C005,KCSE,dianamwangiapp03198@gmail.com
APP03199,Zainab,Nyambura,18,Female,C002,Diploma,zainabnyamburaapp03199@gmail.com
APP03200,Hellen,Kariuki,32,Female,C009,Bachelor's,hellenkariukiapp03200@gmail.com
APP03201,Ann,Musyoka,24,Female,C009,Certificate,annmusyokaapp03201@gmail.com
APP03202,Janet,Gitau,22,Female,C003,KCSE,janetgitauapp03202@yahoo.com
APP03203,Grace,Musyoka,30,Female,C006,Bachelor's,gracemusyokaapp03203@gmail.com
APP03204,Gladys,Barasa,22,Female,C004,KCSE,gladysbarasaapp03204@gmail.com
APP03205,Diana,Juma,24,Female,C008,Diploma,dianajumaapp03205@gmail.com
APP03206,Amina,Chebet,28,Female,C001,Bachelor's,aminachebetapp03206@yahoo.com
APP03207,Patrick,Juma,20,Male,C008,KCSE,patrickjumaapp03207@gmail.com
APP03208,Halima,Kiptoo,26,Female,C002,Certificate,halimakiptooapp03208@gmail.com
APP03209,Aisha,Muli,22,Female,C008,KCSE,aishamuliapp03209@gmail.com
APP03210,Esther,Kiptoo,26,Female,C009,Diploma,estherkiptooapp03210@gmail.com
APP03211,Collins,Khalfan,32,Male,C006,Bachelor's,collinskhalfanapp03211@gmail.com
APP03212,Brenda,Otieno,35,Female,C007,Diploma,brendaotienoapp03212@gmail.com
APP03213,Joy,Wambui,30,Female,C003,Master's,joywambuiapp03213@gmail.com
APP03214,Mercy,Ouma,18,Female,C007,Certificate,mercyoumaapp03214@gmail.com
APP03215,Brenda,Munyao,27,Female,C008,Diploma,brendamunyaoapp03215@gmail.com
APP03216,Amina,Nyongesa,31,Female,C001,Bachelor's,aminanyongesaapp03216@hotmail.com
APP03217,Amina,Kiptoo,21,Female,C001,KCSE,aminakiptooapp03217@gmail.com
APP03218,Ann,Makena,19,Female,C009,Diploma,annmakenaapp03218@yahoo.com
APP03219,Brenda,Khalfan,23,Female,C001,Diploma,brendakhalfanapp03219@gmail.com
APP03220,Purity,Koech,19,Female,C001,KCSE,puritykoechapp03220@gmail.com
APP03221,Brian,Kiptoo,20,Male,C005,KCSE,briankiptooapp03221@gmail.com
APP03222,Diana,Musyoka,29,Female,C003,Bachelor's,dianamusyokaapp03222@gmail.com
APP03223,Kennedy,Ouma,33,Male,C002,Diploma,kennedyoumaapp03223@gmail.com
APP03224,Irene,Njoroge,32,Female,C002,Diploma,irenenjorogeapp03224@yahoo.com
APP03225,Eric,Juma,34,Male,C004,Master's,ericjumaapp03225@gmail.com
APP03226,Naomi,Muli,21,Female,C003,KCSE,naomimuliapp03226@gmail.com
APP03227,Gladys,Juma,27,Female,C001,Bachelor's,gladysjumaapp03227@gmail.com
APP03228,Brenda,Barasa,23,Female,C006,Diploma,brendabarasaapp03228@gmail.com
APP03229,Dorcas,Juma,21,Female,C002,KCSE,dorcasjumaapp03229@gmail.com
APP03230,Beatrice,Wanjiku,26,Female,C009,Diploma,beatricewanjikuapp03230@gmail.com
APP03231,Fatma,Koech,18,Female,C009,KCSE,fatmakoechapp03231@gmail.com
APP03232,Diana,Odhiambo,21,Female,C006,KCSE,dianaodhiamboapp03232@outlook.com
APP03233,David,Nyongesa,19,Male,C007,KCSE,davidnyongesaapp03233@gmail.com
APP03234,Naomi,Kiptoo,26,Female,C001,Diploma,naomikiptooapp03234@gmail.com
APP03235,Esther,Kiptoo,18,Female,C007,KCSE,estherkiptooapp03235@yahoo.com
APP03236,Dorcas,Ouma,20,Female,C001,KCSE,dorcasoumaapp03236@gmail.com
APP03237,Janet,Maina,19,Female,C007,KCSE,janetmainaapp03237@yahoo.com
APP03238,Zainab,Nyongesa,20,Female,C001,KCSE,zainabnyongesaapp03238@gmail.com
APP03239,Fatma,Khalfan,24,Female,C008,Certificate,fatmakhalfanapp03239@gmail.com
APP03240,Ann,Njoroge,20,Female,C004,KCSE,annnjorogeapp03240@gmail.com
APP03241,Purity,Rotich,19,Female,C008,KCSE,purityrotichapp03241@yahoo.com
APP03242,Esther,Koech,24,Female,C008,Diploma,estherkoechapp03242@gmail.com
APP03243,Rose,Musyoka,29,Female,C005,Diploma,rosemusyokaapp03243@yahoo.com
APP03244,Amina,Nyambura,29,Female,C001,Bachelor's,aminanyamburaapp03244@gmail.com
APP03245,Fatma,Mutua,27,Female,C007,KCSE,fatmamutuaapp03245@outlook.com
APP03246,Amina,Omondi,19,Female,C004,KCSE,aminaomondiapp03246@hotmail.com
APP03247,Aisha,Khalfan,28,Female,C001,Master's,aishakhalfanapp03247@gmail.com
APP03248,Grace,Ouma,35,Female,C001,Diploma,graceoumaapp03248@gmail.com
APP03249,Lydia,Kamau,18,Female,C005,Certificate,lydiakamauapp03249@gmail.com
APP03250,Janet,Wambui,20,Female,C008,KCSE,janetwambuiapp03250@gmail.com
APP03251,Edna,Wambui,26,Female,C003,KCSE,ednawambuiapp03251@gmail.com
APP03252,Hellen,Wanjiku,21,Female,C007,Certificate,hellenwanjikuapp03252@gmail.com
APP03253,Esther,Kiptoo,20,Female,C008,Diploma,estherkiptooapp03253@gmail.com
APP03254,Caroline,Musyoka,27,Female,C001,Certificate,carolinemusyokaapp03254@yahoo.com
APP03255,Christine,Njoroge,23,Female,C001,Certificate,christinenjorogeapp03255@gmail.com
APP03256,Lydia,Nyambura,20,Female,C007,Certificate,lydianyamburaapp03256@outlook.com
APP03257,Amina,Njoroge,27,Female,C007,Diploma,aminanjorogeapp03257@gmail.com
APP03258,Diana,Otieno,21,Female,C002,KCSE,dianaotienoapp03258@gmail.com
APP03259,Samuel,Kariuki,20,Male,C007,Certificate,samuelkariukiapp03259@gmail.com
APP03260,Beatrice,Ali,22,Female,C008,KCSE,beatricealiapp03260@yahoo.com
APP03261,Zainab,Wambui,24,Female,C003,Diploma,zainabwambuiapp03261@gmail.com
APP03262,Kevin,Maina,22,Male,C002,KCSE,kevinmainaapp03262@outlook.com
APP03263,Jackline,Ali,20,Female,C001,KCSE,jacklinealiapp03263@gmail.com
APP03264,Collins,Ali,22,Male,C009,Diploma,collinsaliapp03264@gmail.com
APP03265,Gladys,Omondi,21,Female,C002,KCSE,gladysomondiapp03265@gmail.com
APP03266,Kelvin,Chebet,18,Male,C001,KCSE,kelvinchebetapp03266@gmail.com
APP03267,Ann,Chebet,35,Female,C003,Bachelor's,annchebetapp03267@gmail.com
APP03268,Hellen,Chebet,19,Female,C007,Certificate,hellenchebetapp03268@gmail.com
APP03269,Jackline,Wambui,24,Female,C007,Certificate,jacklinewambuiapp03269@yahoo.com
APP03270,Charles,Kariuki,27,Male,C008,KCSE,charleskariukiapp03270@outlook.com
APP03271,Ann,Maina,35,Female,C007,Bachelor's,annmainaapp03271@gmail.com
APP03272,Caroline,Mohamed,18,Female,C008,Certificate,carolinemohamedapp03272@gmail.com
APP03273,Hellen,Kariuki,33,Female,C006,Diploma,hellenkariukiapp03273@gmail.com
APP03274,Irene,Ali,19,Female,C004,KCSE,irenealiapp03274@outlook.com
APP03275,Mark,Rotich,29,Male,C008,Bachelor's,markrotichapp03275@gmail.com
APP03276,Fatma,Ndungu,22,Female,C002,Certificate,fatmandunguapp03276@gmail.com
APP03277,Gladys,Kiptoo,25,Female,C004,KCSE,gladyskiptooapp03277@hotmail.com
APP03278,Fatma,Makena,19,Female,C007,KCSE,fatmamakenaapp03278@gmail.com
APP03279,Irene,Kiptoo,18,Female,C009,KCSE,irenekiptooapp03279@yahoo.com
APP03280,Faith,Odhiambo,31,Female,C005,Bachelor's,faithodhiamboapp03280@gmail.com
APP03281,Esther,Ouma,30,Female,C007,Bachelor's,estheroumaapp03281@hotmail.com
APP03282,Amina,Kamau,20,Female,C003,KCSE,aminakamauapp03282@hotmail.com
APP03283,Janet,Nyambura,22,Female,C007,Diploma,janetnyamburaapp03283@gmail.com
APP03284,Caroline,Nyongesa,27,Female,C002,Diploma,carolinenyongesaapp03284@gmail.com
APP03285,Fatma,Ndungu,35,Female,C007,Bachelor's,fatmandunguapp03285@gmail.com
APP03286,Edna,Wambui,18,Female,C002,Certificate,ednawambuiapp03286@gmail.com
APP03287,Grace,Njoroge,19,Female,C001,KCSE,gracenjorogeapp03287@yahoo.com
APP03288,Kelvin,Omondi,34,Male,C008,Bachelor's,kelvinomondiapp03288@gmail.com
APP03289,Brenda,Mohamed,23,Female,C003,Bachelor's,brendamohamedapp03289@outlook.com
APP03290,Diana,Njoroge,20,Female,C007,Certificate,diananjorogeapp03290@outlook.com
APP03291,Collins,Wambui,24,Male,C002,Certificate,collinswambuiapp03291@hotmail.com
APP03292,Mercy,Maina,30,Female,C003,Master's,mercymainaapp03292@hotmail.com
APP03293,Fatma,Ali,23,Female,C008,KCSE,fatmaaliapp03293@outlook.com
APP03294,Victor,Abdalla,22,Male,C008,KCSE,victorabdallaapp03294@gmail.com
APP03295,Halima,Abdalla,25,Female,C007,Bachelor's,halimaabdallaapp03295@gmail.com
APP03296,Christine,Gitau,32,Female,C009,Bachelor's,christinegitauapp03296@gmail.com
APP03297,Ann,Makena,27,Female,C001,Certificate,annmakenaapp03297@outlook.com
APP03298,John,Ali,24,Male,C007,Diploma,johnaliapp03298@gmail.com
APP03299,Joy,Koech,19,Female,C008,KCSE,joykoechapp03299@gmail.com
APP03300,Eunice,Mutua,18,Female,C007,KCSE,eunicemutuaapp03300@gmail.com
APP03301,Janet,Abdalla,18,Female,C002,Diploma,janetabdallaapp03301@gmail.com
APP03302,Purity,Kariuki,21,Female,C008,KCSE,puritykariukiapp03302@yahoo.com
APP03303,Aisha,Njoroge,26,Female,C001,Diploma,aishanjorogeapp03303@yahoo.com
APP03304,Gladys,Rotich,25,Female,C009,KCSE,gladysrotichapp03304@outlook.com
APP03305,Zainab,Kamau,19,Female,C001,KCSE,zainabkamauapp03305@hotmail.com
APP03306,Amina,Muli,18,Female,C007,KCSE,aminamuliapp03306@yahoo.com
APP03307,Joy,Nyambura,28,Female,C006,Bachelor's,joynyamburaapp03307@gmail.com
APP03308,Mark,Barasa,35,Male,C009,Diploma,markbarasaapp03308@hotmail.com
APP03309,Esther,Maina,25,Female,C002,Diploma,esthermainaapp03309@gmail.com
APP03310,Edna,Nyongesa,25,Female,C009,KCSE,ednanyongesaapp03310@gmail.com
APP03311,Purity,Juma,25,Female,C007,Certificate,purityjumaapp03311@gmail.com
APP03312,Zainab,Muli,18,Female,C001,KCSE,zainabmuliapp03312@gmail.com
APP03313,Halima,Muli,19,Female,C006,KCSE,halimamuliapp03313@yahoo.com
APP03314,Emmanuel,Otieno,18,Male,C009,KCSE,emmanuelotienoapp03314@yahoo.com
APP03315,Peter,Nyongesa,27,Male,C003,KCSE,peternyongesaapp03315@gmail.com
APP03316,Christine,Khalfan,35,Female,C002,Master's,christinekhalfanapp03316@gmail.com
APP03317,Mary,Kamau,32,Female,C004,Bachelor's,marykamauapp03317@gmail.com
APP03318,Caroline,Odhiambo,24,Female,C003,Certificate,carolineodhiamboapp03318@gmail.com
APP03319,Amina,Munyao,31,Female,C001,Bachelor's,aminamunyaoapp03319@gmail.com
APP03320,Mary,Mwangi,35,Female,C007,Bachelor's,marymwangiapp03320@gmail.com
APP03321,Mary,Njoroge,23,Female,C005,KCSE,marynjorogeapp03321@gmail.com
APP03322,Purity,Musyoka,25,Female,C008,Certificate,puritymusyokaapp03322@gmail.com
APP03323,Hellen,Abdalla,19,Female,C002,KCSE,hellenabdallaapp03323@gmail.com
APP03324,Edna,Maina,23,Female,C001,Certificate,ednamainaapp03324@gmail.com
APP03325,Caroline,Juma,28,Female,C009,Master's,carolinejumaapp03325@gmail.com
APP03326,Zainab,Chebet,22,Female,C003,KCSE,zainabchebetapp03326@gmail.com
APP03327,Daniel,Juma,24,Male,C003,Diploma,danieljumaapp03327@outlook.com
APP03328,Zainab,Mutua,30,Female,C003,Bachelor's,zainabmutuaapp03328@gmail.com
APP03329,Ann,Ouma,20,Female,C007,Certificate,annoumaapp03329@hotmail.com
APP03330,Jackline,Ouma,35,Female,C006,Diploma,jacklineoumaapp03330@yahoo.com
APP03331,Jackline,Njoroge,25,Female,C003,Certificate,jacklinenjorogeapp03331@gmail.com
APP03332,Ann,Barasa,29,Female,C009,Bachelor's,annbarasaapp03332@gmail.com
APP03333,Janet,Khalfan,19,Female,C007,KCSE,janetkhalfanapp03333@yahoo.com
APP03334,Christine,Ndungu,25,Female,C003,Diploma,christinendunguapp03334@yahoo.com
APP03335,Lydia,Barasa,35,Female,C001,Bachelor's,lydiabarasaapp03335@gmail.com
APP03336,Edna,Juma,27,Female,C002,Diploma,ednajumaapp03336@gmail.com
APP03337,Naomi,Gitau,20,Female,C006,Diploma,naomigitauapp03337@gmail.com
APP03338,Fatma,Chebet,19,Female,C007,KCSE,fatmachebetapp03338@gmail.com
APP03339,Hellen,Ali,27,Female,C007,KCSE,hellenaliapp03339@gmail.com
APP03340,Edna,Njoroge,30,Female,C009,Bachelor's,ednanjorogeapp03340@gmail.com
APP03341,Gladys,Munyao,24,Female,C002,Diploma,gladysmunyaoapp03341@gmail.com
APP03342,Joy,Nyambura,22,Female,C008,KCSE,joynyamburaapp03342@yahoo.com
APP03343,Faith,Kiptoo,29,Female,C003,Diploma,faithkiptooapp03343@yahoo.com
APP03344,Janet,Maina,22,Female,C003,KCSE,janetmainaapp03344@gmail.com
APP03345,Purity,Wambui,25,Female,C007,KCSE,puritywambuiapp03345@gmail.com
APP03346,Beatrice,Rotich,27,Female,C006,Diploma,beatricerotichapp03346@yahoo.com
APP03347,Steve,Otieno,19,Male,C002,KCSE,steveotienoapp03347@yahoo.com
APP03348,Brenda,Abdalla,19,Female,C001,KCSE,brendaabdallaapp03348@gmail.com
APP03349,Brenda,Kiptoo,20,Female,C001,KCSE,brendakiptooapp03349@gmail.com
APP03350,Gladys,Makena,35,Female,C001,Master's,gladysmakenaapp03350@gmail.com
APP03351,Irene,Munyao,26,Female,C002,Certificate,irenemunyaoapp03351@gmail.com
APP03352,Halima,Rotich,19,Female,C007,KCSE,halimarotichapp03352@gmail.com
APP03353,Dorcas,Mwangi,35,Female,C007,Bachelor's,dorcasmwangiapp03353@gmail.com
APP03354,Fatma,Kiptoo,26,Female,C003,KCSE,fatmakiptooapp03354@gmail.com
APP03355,Naomi,Njoroge,22,Female,C005,KCSE,naominjorogeapp03355@gmail.com
APP03356,Eunice,Kiptoo,28,Female,C001,Bachelor's,eunicekiptooapp03356@gmail.com
APP03357,Eunice,Juma,27,Female,C001,Diploma,eunicejumaapp03357@outlook.com
APP03358,Caroline,Barasa,33,Female,C007,Diploma,carolinebarasaapp03358@hotmail.com
APP03359,Brenda,Odhiambo,28,Female,C002,Master's,brendaodhiamboapp03359@gmail.com
APP03360,Gladys,Nyongesa,22,Female,C003,KCSE,gladysnyongesaapp03360@outlook.com
APP03361,Fatma,Maina,18,Female,C003,Certificate,fatmamainaapp03361@gmail.com
APP03362,Fatma,Makena,18,Female,C008,KCSE,fatmamakenaapp03362@gmail.com
APP03363,Dorcas,Chebet,25,Female,C001,KCSE,dorcaschebetapp03363@gmail.com
APP03364,Dorcas,Mohamed,27,Female,C001,Diploma,dorcasmohamedapp03364@gmail.com
APP03365,Irene,Njoroge,19,Female,C003,KCSE,irenenjorogeapp03365@gmail.com
APP03366,Caroline,Mutua,29,Female,C007,Bachelor's,carolinemutuaapp03366@gmail.com
APP03367,Aisha,Ouma,19,Female,C002,KCSE,aishaoumaapp03367@gmail.com
APP03368,Caroline,Odhiambo,29,Female,C001,Bachelor's,carolineodhiamboapp03368@gmail.com
APP03369,Eunice,Odhiambo,25,Female,C009,Diploma,euniceodhiamboapp03369@gmail.com
APP03370,Hassan,Njoroge,24,Male,C007,Certificate,hassannjorogeapp03370@gmail.com
APP03371,Purity,Juma,19,Female,C007,KCSE,purityjumaapp03371@yahoo.com
APP03372,Dorcas,Barasa,21,Female,C002,Certificate,dorcasbarasaapp03372@gmail.com
APP03373,Brenda,Nyambura,19,Female,C008,Certificate,brendanyamburaapp03373@outlook.com
APP03374,Esther,Ouma,25,Female,C001,KCSE,estheroumaapp03374@gmail.com
APP03375,Gladys,Khalfan,23,Female,C007,Certificate,gladyskhalfanapp03375@outlook.com
APP03376,Dennis,Makena,21,Male,C002,Certificate,dennismakenaapp03376@gmail.com
APP03377,Collins,Mutua,24,Male,C003,Certificate,collinsmutuaapp03377@gmail.com
APP03378,Caroline,Kiptoo,33,Female,C002,Master's,carolinekiptooapp03378@gmail.com
APP03379,Jackline,Mwangi,22,Female,C004,KCSE,jacklinemwangiapp03379@gmail.com
APP03380,Hellen,Chebet,26,Female,C005,Certificate,hellenchebetapp03380@outlook.com
APP03381,Joy,Ouma,22,Female,C007,KCSE,joyoumaapp03381@gmail.com
APP03382,Faith,Barasa,20,Female,C007,KCSE,faithbarasaapp03382@gmail.com
APP03383,Dorcas,Koech,19,Female,C007,Certificate,dorcaskoechapp03383@yahoo.com
APP03384,Grace,Ouma,20,Female,C005,KCSE,graceoumaapp03384@gmail.com
APP03385,Diana,Omondi,26,Female,C007,Certificate,dianaomondiapp03385@gmail.com
APP03386,Mary,Ouma,27,Female,C008,Certificate,maryoumaapp03386@hotmail.com
APP03387,Jackline,Chebet,24,Female,C001,Certificate,jacklinechebetapp03387@gmail.com
APP03388,Amina,Mohamed,35,Female,C003,Master's,aminamohamedapp03388@outlook.com
APP03389,Lydia,Nyongesa,26,Female,C005,KCSE,lydianyongesaapp03389@yahoo.com
APP03390,Caroline,Kiptoo,34,Female,C003,Master's,carolinekiptooapp03390@gmail.com
APP03391,Diana,Wanjiku,33,Female,C009,Bachelor's,dianawanjikuapp03391@yahoo.com
APP03392,Halima,Wambui,26,Female,C008,Certificate,halimawambuiapp03392@gmail.com
APP03393,Rose,Wambui,23,Female,C007,Certificate,rosewambuiapp03393@hotmail.com
APP03394,Joseph,Juma,32,Male,C008,Bachelor's,josephjumaapp03394@gmail.com
APP03395,Fatma,Omondi,26,Female,C001,Bachelor's,fatmaomondiapp03395@gmail.com
APP03396,Dorcas,Kamau,19,Female,C004,KCSE,dorcaskamauapp03396@gmail.com
APP03397,Faith,Koech,23,Female,C009,Certificate,faithkoechapp03397@gmail.com
APP03398,Aisha,Ouma,30,Female,C009,Bachelor's,aishaoumaapp03398@yahoo.com
APP03399,Christine,Mwangi,23,Female,C001,Certificate,christinemwangiapp03399@gmail.com
APP03400,Caroline,Gitau,22,Female,C004,KCSE,carolinegitauapp03400@gmail.com
APP03401,Dorcas,Juma,26,Female,C008,Diploma,dorcasjumaapp03401@gmail.com
APP03402,Ann,Ouma,21,Female,C002,KCSE,annoumaapp03402@gmail.com
APP03403,Kelvin,Ouma,25,Male,C009,Certificate,kelvinoumaapp03403@gmail.com
APP03404,Peter,Mutua,26,Male,C008,Bachelor's,petermutuaapp03404@gmail.com
APP03405,Joy,Munyao,27,Female,C007,Certificate,joymunyaoapp03405@yahoo.com
APP03406,Hellen,Juma,24,Female,C008,KCSE,hellenjumaapp03406@gmail.com
APP03407,Caroline,Nyambura,26,Female,C007,Bachelor's,carolinenyamburaapp03407@hotmail.com
APP03408,Eunice,Gitau,26,Female,C007,Diploma,eunicegitauapp03408@yahoo.com
APP03409,Hellen,Gitau,34,Female,C006,Bachelor's,hellengitauapp03409@gmail.com
APP03410,Dorcas,Juma,31,Female,C004,Master's,dorcasjumaapp03410@yahoo.com
APP03411,Caroline,Kiptoo,32,Female,C001,Bachelor's,carolinekiptooapp03411@gmail.com
APP03412,Brenda,Mohamed,26,Female,C001,Diploma,brendamohamedapp03412@gmail.com
APP03413,Janet,Njoroge,20,Female,C007,KCSE,janetnjorogeapp03413@yahoo.com
APP03414,Irene,Munyao,25,Female,C003,Certificate,irenemunyaoapp03414@gmail.com
APP03415,Grace,Rotich,26,Female,C001,Diploma,gracerotichapp03415@yahoo.com
APP03416,Lydia,Kariuki,25,Female,C001,Diploma,lydiakariukiapp03416@gmail.com
APP03417,Esther,Kiptoo,30,Female,C007,Bachelor's,estherkiptooapp03417@gmail.com
APP03418,Fatma,Njoroge,26,Female,C006,Certificate,fatmanjorogeapp03418@gmail.com
APP03419,Mohamed,Mutua,20,Male,C007,KCSE,mohamedmutuaapp03419@outlook.com
APP03420,Esther,Nyongesa,27,Female,C002,Diploma,esthernyongesaapp03420@gmail.com
APP03421,Rose,Juma,20,Female,C001,KCSE,rosejumaapp03421@outlook.com
APP03422,Grace,Omondi,21,Female,C003,KCSE,graceomondiapp03422@gmail.com
APP03423,Caroline,Musyoka,20,Female,C006,Certificate,carolinemusyokaapp03423@outlook.com
APP03424,Gladys,Mohamed,26,Female,C005,Diploma,gladysmohamedapp03424@yahoo.com
APP03425,Caroline,Wanjiku,25,Female,C007,Certificate,carolinewanjikuapp03425@gmail.com
APP03426,Sharon,Munyao,31,Female,C001,Bachelor's,sharonmunyaoapp03426@yahoo.com
APP03427,Irene,Odhiambo,25,Female,C008,Certificate,ireneodhiamboapp03427@gmail.com
APP03428,Mary,Ndungu,24,Female,C001,Certificate,maryndunguapp03428@gmail.com
APP03429,Rose,Otieno,24,Female,C002,KCSE,roseotienoapp03429@outlook.com
APP03430,Ann,Gitau,18,Female,C005,KCSE,anngitauapp03430@outlook.com
APP03431,Gladys,Juma,20,Female,C002,Diploma,gladysjumaapp03431@yahoo.com
APP03432,Faith,Gitau,31,Female,C001,Bachelor's,faithgitauapp03432@gmail.com
APP03433,Sharon,Wanjiku,25,Female,C001,Certificate,sharonwanjikuapp03433@gmail.com
APP03434,Lydia,Njoroge,18,Female,C001,Certificate,lydianjorogeapp03434@gmail.com
APP03435,Ann,Abdalla,21,Female,C005,Certificate,annabdallaapp03435@gmail.com
APP03436,Beatrice,Koech,18,Female,C007,KCSE,beatricekoechapp03436@gmail.com
APP03437,Amina,Kamau,25,Female,C009,KCSE,aminakamauapp03437@yahoo.com
APP03438,Fatma,Koech,26,Female,C007,KCSE,fatmakoechapp03438@gmail.com
APP03439,Grace,Musyoka,33,Female,C001,Bachelor's,gracemusyokaapp03439@yahoo.com
APP03440,Brenda,Rotich,19,Female,C004,KCSE,brendarotichapp03440@gmail.com
APP03441,Halima,Maina,31,Female,C004,Bachelor's,halimamainaapp03441@gmail.com
APP03442,Joy,Maina,18,Female,C006,KCSE,joymainaapp03442@gmail.com
APP03443,Joy,Muli,24,Female,C004,Certificate,joymuliapp03443@outlook.com
APP03444,Zainab,Khalfan,23,Female,C004,KCSE,zainabkhalfanapp03444@yahoo.com
APP03445,Caroline,Kariuki,20,Female,C007,KCSE,carolinekariukiapp03445@gmail.com
APP03446,Rose,Mutua,22,Female,C007,Certificate,rosemutuaapp03446@gmail.com
APP03447,Janet,Koech,22,Female,C009,KCSE,janetkoechapp03447@gmail.com
APP03448,Lydia,Maina,30,Female,C001,Bachelor's,lydiamainaapp03448@yahoo.com
APP03449,Martin,Otieno,25,Male,C003,Bachelor's,martinotienoapp03449@yahoo.com
APP03450,Brenda,Mutua,34,Female,C005,Diploma,brendamutuaapp03450@hotmail.com
APP03451,Janet,Kamau,23,Female,C001,Certificate,janetkamauapp03451@yahoo.com
APP03452,Mary,Chebet,33,Female,C002,Master's,marychebetapp03452@gmail.com
APP03453,Mary,Kamau,26,Female,C009,KCSE,marykamauapp03453@gmail.com
APP03454,Beatrice,Muli,20,Female,C003,Diploma,beatricemuliapp03454@yahoo.com
APP03455,Joy,Barasa,19,Female,C001,KCSE,joybarasaapp03455@gmail.com
APP03456,Aisha,Mutua,25,Female,C006,Diploma,aishamutuaapp03456@gmail.com
APP03457,Naomi,Kariuki,32,Female,C001,Diploma,naomikariukiapp03457@gmail.com
APP03458,Janet,Odhiambo,23,Female,C003,KCSE,janetodhiamboapp03458@gmail.com
APP03459,Zainab,Juma,19,Female,C008,KCSE,zainabjumaapp03459@yahoo.com
APP03460,Brenda,Maina,19,Female,C009,KCSE,brendamainaapp03460@outlook.com
APP03461,Esther,Otieno,19,Female,C007,KCSE,estherotienoapp03461@gmail.com
APP03462,Aisha,Otieno,24,Female,C006,Certificate,aishaotienoapp03462@yahoo.com
APP03463,Mercy,Barasa,20,Female,C007,Certificate,mercybarasaapp03463@gmail.com
APP03464,Esther,Ndungu,29,Female,C006,Diploma,estherndunguapp03464@gmail.com
APP03465,Diana,Juma,23,Female,C003,Bachelor's,dianajumaapp03465@gmail.com
APP03466,Jackline,Odhiambo,25,Female,C003,Diploma,jacklineodhiamboapp03466@gmail.com
APP03467,Dorcas,Ouma,31,Female,C001,Bachelor's,dorcasoumaapp03467@gmail.com
APP03468,Lydia,Odhiambo,25,Female,C006,Diploma,lydiaodhiamboapp03468@yahoo.com
APP03469,Janet,Makena,20,Female,C007,KCSE,janetmakenaapp03469@gmail.com
APP03470,Zainab,Juma,22,Female,C003,Certificate,zainabjumaapp03470@yahoo.com
APP03471,Diana,Munyao,24,Female,C003,Certificate,dianamunyaoapp03471@yahoo.com
APP03472,Naomi,Wanjiku,18,Female,C001,KCSE,naomiwanjikuapp03472@gmail.com
APP03473,Kelvin,Khalfan,20,Male,C001,Diploma,kelvinkhalfanapp03473@gmail.com
APP03474,Amina,Abdalla,26,Female,C007,Diploma,aminaabdallaapp03474@gmail.com
APP03475,Amina,Maina,25,Female,C002,Bachelor's,aminamainaapp03475@yahoo.com
APP03476,Dorcas,Wanjiku,30,Female,C006,Bachelor's,dorcaswanjikuapp03476@outlook.com
APP03477,Caroline,Nyongesa,21,Female,C001,KCSE,carolinenyongesaapp03477@outlook.com
APP03478,Hellen,Gitau,26,Female,C004,Certificate,hellengitauapp03478@yahoo.com
APP03479,Aisha,Ali,34,Female,C006,Bachelor's,aishaaliapp03479@gmail.com
APP03480,Halima,Abdalla,28,Female,C005,Bachelor's,halimaabdallaapp03480@outlook.com
APP03481,Peter,Gitau,22,Male,C008,KCSE,petergitauapp03481@gmail.com
APP03482,Halima,Munyao,30,Female,C005,Diploma,halimamunyaoapp03482@gmail.com
APP03483,Peter,Ali,25,Male,C009,Diploma,peteraliapp03483@yahoo.com
APP03484,Halima,Kiptoo,23,Female,C001,Diploma,halimakiptooapp03484@gmail.com
APP03485,Joy,Juma,21,Female,C007,KCSE,joyjumaapp03485@hotmail.com
APP03486,Gladys,Wanjiku,24,Female,C007,Diploma,gladyswanjikuapp03486@gmail.com
APP03487,Janet,Wanjiku,20,Female,C001,KCSE,janetwanjikuapp03487@gmail.com
APP03488,Mohamed,Odhiambo,20,Male,C002,KCSE,mohamedodhiamboapp03488@gmail.com
APP03489,Joy,Mwangi,21,Female,C004,KCSE,joymwangiapp03489@yahoo.com
APP03490,Beatrice,Gitau,18,Female,C008,KCSE,beatricegitauapp03490@gmail.com
APP03491,Caroline,Omondi,22,Female,C007,KCSE,carolineomondiapp03491@gmail.com
APP03492,Purity,Njoroge,29,Female,C007,Diploma,puritynjorogeapp03492@gmail.com
APP03493,Irene,Munyao,25,Female,C009,Certificate,irenemunyaoapp03493@gmail.com
APP03494,Daniel,Chebet,31,Male,C002,Diploma,danielchebetapp03494@gmail.com
APP03495,Jackline,Omondi,24,Female,C007,Certificate,jacklineomondiapp03495@gmail.com
APP03496,Sharon,Chebet,34,Female,C009,Diploma,sharonchebetapp03496@gmail.com
APP03497,Gladys,Khalfan,19,Female,C001,Certificate,gladyskhalfanapp03497@gmail.com
APP03498,Halima,Abdalla,22,Female,C006,KCSE,halimaabdallaapp03498@gmail.com
APP03499,Fatma,Abdalla,26,Female,C008,KCSE,fatmaabdallaapp03499@gmail.com
APP03500,Caroline,Wambui,20,Female,C006,KCSE,carolinewambuiapp03500@gmail.com
APP03501,Irene,Gitau,22,Female,C003,Diploma,irenegitauapp03501@hotmail.com
APP03502,Diana,Munyao,20,Female,C001,KCSE,dianamunyaoapp03502@gmail.com
APP03503,Joseph,Rotich,20,Male,C001,KCSE,josephrotichapp03503@gmail.com
APP03504,Ann,Barasa,23,Female,C008,Certificate,annbarasaapp03504@yahoo.com
APP03505,Brenda,Omondi,34,Female,C002,Bachelor's,brendaomondiapp03505@gmail.com
APP03506,Faith,Munyao,25,Female,C001,Diploma,faithmunyaoapp03506@yahoo.com
APP03507,Caroline,Abdalla,18,Female,C008,Diploma,carolineabdallaapp03507@gmail.com
APP03508,Halima,Nyongesa,32,Female,C009,Bachelor's,halimanyongesaapp03508@gmail.com
APP03509,Esther,Koech,24,Female,C002,Certificate,estherkoechapp03509@yahoo.com
APP03510,Lydia,Nyongesa,20,Female,C007,KCSE,lydianyongesaapp03510@gmail.com
APP03511,Brenda,Kiptoo,27,Female,C002,KCSE,brendakiptooapp03511@gmail.com
APP03512,Gladys,Barasa,30,Female,C004,Diploma,gladysbarasaapp03512@hotmail.com
APP03513,Hellen,Maina,21,Female,C003,KCSE,hellenmainaapp03513@gmail.com
APP03514,Hassan,Ouma,21,Male,C001,KCSE,hassanoumaapp03514@gmail.com
APP03515,Esther,Makena,19,Female,C001,Diploma,esthermakenaapp03515@gmail.com
APP03516,Zainab,Mutua,30,Female,C002,Bachelor's,zainabmutuaapp03516@gmail.com
APP03517,Joy,Musyoka,20,Female,C007,Certificate,joymusyokaapp03517@gmail.com
APP03518,Naomi,Kariuki,24,Female,C004,Bachelor's,naomikariukiapp03518@gmail.com
APP03519,Naomi,Koech,22,Female,C002,Certificate,naomikoechapp03519@yahoo.com
APP03520,Aisha,Khalfan,23,Female,C005,KCSE,aishakhalfanapp03520@gmail.com
APP03521,Sharon,Ndungu,19,Female,C001,KCSE,sharonndunguapp03521@gmail.com
APP03522,Hellen,Wambui,21,Female,C006,KCSE,hellenwambuiapp03522@gmail.com
APP03523,Lydia,Makena,26,Female,C009,Diploma,lydiamakenaapp03523@gmail.com
APP03524,Mercy,Gitau,21,Female,C003,KCSE,mercygitauapp03524@gmail.com
APP03525,Ann,Mohamed,21,Female,C008,KCSE,annmohamedapp03525@outlook.com
APP03526,Eunice,Abdalla,27,Female,C007,Bachelor's,euniceabdallaapp03526@gmail.com
APP03527,Aisha,Gitau,24,Female,C001,KCSE,aishagitauapp03527@hotmail.com
APP03528,Lydia,Musyoka,18,Female,C009,Certificate,lydiamusyokaapp03528@gmail.com
APP03529,Purity,Barasa,24,Female,C009,Certificate,puritybarasaapp03529@gmail.com
APP03530,Victor,Kamau,19,Male,C008,Certificate,victorkamauapp03530@yahoo.com
APP03531,Ann,Muli,34,Female,C002,Bachelor's,annmuliapp03531@gmail.com
APP03532,Jackline,Maina,19,Female,C003,KCSE,jacklinemainaapp03532@gmail.com
APP03533,Eunice,Wambui,28,Female,C009,Bachelor's,eunicewambuiapp03533@gmail.com
APP03534,Brian,Rotich,22,Male,C003,Diploma,brianrotichapp03534@gmail.com
APP03535,Edna,Wambui,20,Female,C008,KCSE,ednawambuiapp03535@gmail.com
APP03536,Grace,Omondi,22,Female,C001,KCSE,graceomondiapp03536@gmail.com
APP03537,Esther,Khalfan,34,Female,C003,Diploma,estherkhalfanapp03537@gmail.com
APP03538,Rose,Otieno,21,Female,C001,KCSE,roseotienoapp03538@gmail.com
APP03539,Collins,Abdalla,23,Male,C001,Diploma,collinsabdallaapp03539@yahoo.com
APP03540,Aisha,Otieno,34,Female,C009,Diploma,aishaotienoapp03540@gmail.com
APP03541,Christine,Omondi,22,Female,C003,Certificate,christineomondiapp03541@yahoo.com
APP03542,Jackline,Mwangi,25,Female,C003,Bachelor's,jacklinemwangiapp03542@gmail.com
APP03543,Hassan,Barasa,20,Male,C004,KCSE,hassanbarasaapp03543@gmail.com
APP03544,Irene,Ouma,33,Female,C004,Bachelor's,ireneoumaapp03544@gmail.com
APP03545,Gladys,Barasa,30,Female,C003,Diploma,gladysbarasaapp03545@gmail.com
APP03546,Kevin,Mwangi,25,Male,C001,Diploma,kevinmwangiapp03546@yahoo.com
APP03547,Beatrice,Abdalla,21,Female,C001,KCSE,beatriceabdallaapp03547@outlook.com
APP03548,Purity,Nyambura,31,Female,C003,Bachelor's,puritynyamburaapp03548@outlook.com
APP03549,Purity,Musyoka,33,Female,C009,Bachelor's,puritymusyokaapp03549@gmail.com
APP03550,Faith,Gitau,33,Female,C003,Bachelor's,faithgitauapp03550@outlook.com
APP03551,Christine,Njoroge,22,Female,C003,KCSE,christinenjorogeapp03551@gmail.com
APP03552,Brenda,Njoroge,19,Female,C003,KCSE,brendanjorogeapp03552@gmail.com
APP03553,Janet,Mutua,22,Female,C001,KCSE,janetmutuaapp03553@gmail.com
APP03554,Lydia,Khalfan,28,Female,C002,Diploma,lydiakhalfanapp03554@gmail.com
APP03555,Joy,Nyambura,27,Female,C001,Diploma,joynyamburaapp03555@gmail.com
APP03556,Jackline,Ouma,30,Female,C001,Diploma,jacklineoumaapp03556@gmail.com
APP03557,Sharon,Muli,28,Female,C004,Bachelor's,sharonmuliapp03557@gmail.com
APP03558,Sharon,Ali,19,Female,C004,Diploma,sharonaliapp03558@gmail.com
APP03559,Caroline,Maina,19,Female,C001,KCSE,carolinemainaapp03559@gmail.com
APP03560,Beatrice,Ouma,23,Female,C004,Certificate,beatriceoumaapp03560@hotmail.com
APP03561,Faith,Barasa,18,Female,C001,Certificate,faithbarasaapp03561@gmail.com
APP03562,Dorcas,Nyambura,31,Female,C005,Master's,dorcasnyamburaapp03562@gmail.com
APP03563,Janet,Barasa,24,Female,C001,KCSE,janetbarasaapp03563@gmail.com
APP03564,Charles,Khalfan,22,Male,C007,KCSE,charleskhalfanapp03564@yahoo.com
APP03565,Irene,Abdalla,24,Female,C009,KCSE,ireneabdallaapp03565@gmail.com
APP03566,Brenda,Musyoka,24,Female,C001,Bachelor's,brendamusyokaapp03566@outlook.com
APP03567,Purity,Abdalla,33,Female,C001,Bachelor's,purityabdallaapp03567@gmail.com
APP03568,Lydia,Wambui,20,Female,C003,Certificate,lydiawambuiapp03568@gmail.com
APP03569,Fatma,Njoroge,25,Female,C008,Diploma,fatmanjorogeapp03569@outlook.com
APP03570,Joy,Odhiambo,34,Female,C003,Bachelor's,joyodhiamboapp03570@gmail.com
APP03571,Rose,Ali,18,Female,C001,KCSE,rosealiapp03571@gmail.com
APP03572,Janet,Wanjiku,19,Female,C001,KCSE,janetwanjikuapp03572@gmail.com
APP03573,Halima,Barasa,26,Female,C001,Diploma,halimabarasaapp03573@yahoo.com
APP03574,Gladys,Kariuki,29,Female,C001,Bachelor's,gladyskariukiapp03574@gmail.com
APP03575,Aisha,Koech,26,Female,C009,Diploma,aishakoechapp03575@gmail.com
APP03576,Eric,Khalfan,22,Male,C003,Certificate,erickhalfanapp03576@outlook.com
APP03577,Naomi,Njoroge,20,Female,C003,KCSE,naominjorogeapp03577@yahoo.com
APP03578,Zainab,Khalfan,22,Female,C006,Diploma,zainabkhalfanapp03578@gmail.com
APP03579,Christine,Musyoka,18,Female,C003,Certificate,christinemusyokaapp03579@gmail.com
APP03580,Lydia,Muli,18,Female,C008,KCSE,lydiamuliapp03580@gmail.com
APP03581,Diana,Kariuki,22,Female,C009,KCSE,dianakariukiapp03581@gmail.com
APP03582,Caroline,Kariuki,33,Female,C009,Bachelor's,carolinekariukiapp03582@gmail.com
APP03583,Naomi,Kamau,25,Female,C003,Certificate,naomikamauapp03583@gmail.com
APP03584,Purity,Munyao,28,Female,C001,Master's,puritymunyaoapp03584@yahoo.com
APP03585,Beatrice,Munyao,21,Female,C001,KCSE,beatricemunyaoapp03585@gmail.com
APP03586,Beatrice,Njoroge,20,Female,C001,Diploma,beatricenjorogeapp03586@gmail.com
APP03587,Fatma,Koech,19,Female,C001,KCSE,fatmakoechapp03587@gmail.com
APP03588,Joy,Wanjiku,19,Female,C004,Certificate,joywanjikuapp03588@gmail.com
APP03589,Sharon,Nyambura,34,Female,C001,Bachelor's,sharonnyamburaapp03589@gmail.com
APP03590,Beatrice,Juma,19,Female,C009,KCSE,beatricejumaapp03590@gmail.com
APP03591,Aisha,Ouma,31,Female,C001,Bachelor's,aishaoumaapp03591@yahoo.com
APP03592,Eunice,Barasa,29,Female,C009,Master's,eunicebarasaapp03592@yahoo.com
APP03593,Caroline,Abdalla,22,Female,C009,KCSE,carolineabdallaapp03593@gmail.com
APP03594,Diana,Njoroge,20,Female,C007,Certificate,diananjorogeapp03594@gmail.com
APP03595,Halima,Gitau,25,Female,C001,Diploma,halimagitauapp03595@gmail.com
APP03596,Eunice,Kiptoo,20,Female,C002,KCSE,eunicekiptooapp03596@gmail.com
APP03597,Amina,Khalfan,21,Female,C009,KCSE,aminakhalfanapp03597@gmail.com
APP03598,Lydia,Wambui,34,Female,C008,Diploma,lydiawambuiapp03598@gmail.com
APP03599,Lydia,Rotich,30,Female,C009,Bachelor's,lydiarotichapp03599@gmail.com
APP03600,Mark,Ouma,24,Male,C003,Certificate,markoumaapp03600@yahoo.com
APP03601,Dorcas,Omondi,21,Female,C004,Certificate,dorcasomondiapp03601@gmail.com
APP03602,Caroline,Makena,23,Female,C006,Diploma,carolinemakenaapp03602@hotmail.com
APP03603,John,Rotich,19,Male,C002,Certificate,johnrotichapp03603@gmail.com
APP03604,Christine,Juma,33,Female,C008,Bachelor's,christinejumaapp03604@gmail.com
APP03605,Grace,Njoroge,22,Female,C001,KCSE,gracenjorogeapp03605@yahoo.com
APP03606,Christine,Barasa,34,Female,C001,Bachelor's,christinebarasaapp03606@gmail.com
APP03607,Edna,Nyambura,31,Female,C006,Bachelor's,ednanyamburaapp03607@gmail.com
APP03608,Diana,Omondi,25,Female,C003,Certificate,dianaomondiapp03608@gmail.com
APP03609,Edna,Ali,20,Female,C008,Certificate,ednaaliapp03609@gmail.com
APP03610,Zainab,Wambui,27,Female,C008,Diploma,zainabwambuiapp03610@hotmail.com
APP03611,Hellen,Ouma,27,Female,C007,Certificate,hellenoumaapp03611@gmail.com
APP03612,Jackline,Nyambura,21,Female,C004,KCSE,jacklinenyamburaapp03612@gmail.com
APP03613,Jackline,Rotich,19,Female,C001,KCSE,jacklinerotichapp03613@gmail.com
APP03614,Sharon,Munyao,26,Female,C001,Diploma,sharonmunyaoapp03614@gmail.com
APP03615,Fatma,Mwangi,22,Female,C007,KCSE,fatmamwangiapp03615@gmail.com
APP03616,Faith,Kamau,24,Female,C009,Certificate,faithkamauapp03616@gmail.com
APP03617,Esther,Koech,29,Female,C007,Bachelor's,estherkoechapp03617@outlook.com
APP03618,Purity,Makena,19,Female,C007,KCSE,puritymakenaapp03618@yahoo.com
APP03619,Irene,Omondi,23,Female,C006,Bachelor's,ireneomondiapp03619@outlook.com
APP03620,Edna,Ali,26,Female,C004,Diploma,ednaaliapp03620@hotmail.com
APP03621,Fatma,Chebet,26,Female,C008,Certificate,fatmachebetapp03621@outlook.com
APP03622,Mary,Nyongesa,26,Female,C003,KCSE,marynyongesaapp03622@gmail.com
APP03623,Grace,Otieno,18,Female,C007,KCSE,graceotienoapp03623@yahoo.com
APP03624,Naomi,Kamau,19,Female,C003,Certificate,naomikamauapp03624@outlook.com
APP03625,Grace,Koech,18,Female,C009,Diploma,gracekoechapp03625@gmail.com
APP03626,Sharon,Koech,30,Female,C004,Diploma,sharonkoechapp03626@gmail.com
APP03627,Eunice,Koech,28,Female,C008,Diploma,eunicekoechapp03627@yahoo.com
APP03628,Joy,Muli,30,Female,C002,Diploma,joymuliapp03628@gmail.com
APP03629,Grace,Munyao,18,Female,C003,Diploma,gracemunyaoapp03629@hotmail.com
APP03630,Aisha,Ouma,26,Female,C005,Certificate,aishaoumaapp03630@gmail.com
APP03631,Fatma,Muli,19,Female,C001,Certificate,fatmamuliapp03631@yahoo.com
APP03632,Janet,Odhiambo,35,Female,C003,Diploma,janetodhiamboapp03632@gmail.com
APP03633,Joy,Munyao,29,Female,C009,Diploma,joymunyaoapp03633@gmail.com
APP03634,Caroline,Omondi,29,Female,C005,Bachelor's,carolineomondiapp03634@gmail.com
APP03635,Fatma,Juma,19,Female,C005,KCSE,fatmajumaapp03635@gmail.com
APP03636,Janet,Wambui,20,Female,C005,KCSE,janetwambuiapp03636@gmail.com
APP03637,Jackline,Mutua,24,Female,C008,KCSE,jacklinemutuaapp03637@outlook.com
APP03638,Faith,Mutua,26,Female,C006,Certificate,faithmutuaapp03638@outlook.com
APP03639,Joy,Odhiambo,25,Female,C002,KCSE,joyodhiamboapp03639@yahoo.com
APP03640,Lydia,Wanjiku,21,Female,C001,KCSE,lydiawanjikuapp03640@gmail.com
APP03641,Caroline,Rotich,32,Female,C007,Diploma,carolinerotichapp03641@gmail.com
APP03642,Purity,Khalfan,24,Female,C006,Certificate,puritykhalfanapp03642@yahoo.com
APP03643,Mercy,Munyao,18,Female,C008,KCSE,mercymunyaoapp03643@gmail.com
APP03644,Eunice,Njoroge,18,Female,C002,Certificate,eunicenjorogeapp03644@gmail.com
APP03645,Peter,Mwangi,24,Male,C005,Certificate,petermwangiapp03645@gmail.com
APP03646,Christine,Barasa,31,Female,C008,Bachelor's,christinebarasaapp03646@outlook.com
APP03647,Gladys,Kariuki,19,Female,C007,Certificate,gladyskariukiapp03647@gmail.com
APP03648,Aisha,Wanjiku,20,Female,C009,KCSE,aishawanjikuapp03648@yahoo.com
APP03649,Naomi,Khalfan,26,Female,C007,Certificate,naomikhalfanapp03649@gmail.com
APP03650,Faith,Kamau,30,Female,C008,Diploma,faithkamauapp03650@gmail.com
APP03651,Grace,Ndungu,18,Female,C002,Diploma,gracendunguapp03651@gmail.com
APP03652,Beatrice,Njoroge,27,Female,C009,Diploma,beatricenjorogeapp03652@gmail.com
APP03653,Rose,Odhiambo,19,Female,C002,KCSE,roseodhiamboapp03653@gmail.com
APP03654,James,Ndungu,31,Male,C002,Bachelor's,jamesndunguapp03654@gmail.com
APP03655,Caroline,Rotich,27,Female,C002,KCSE,carolinerotichapp03655@gmail.com
APP03656,Rose,Maina,18,Female,C002,KCSE,rosemainaapp03656@gmail.com
APP03657,Amina,Ndungu,28,Female,C008,Diploma,aminandunguapp03657@gmail.com
APP03658,Naomi,Rotich,22,Female,C004,KCSE,naomirotichapp03658@gmail.com
APP03659,Ann,Ouma,21,Female,C009,Certificate,annoumaapp03659@gmail.com
APP03660,Fatma,Ali,21,Female,C002,KCSE,fatmaaliapp03660@gmail.com
APP03661,Naomi,Ouma,19,Female,C008,KCSE,naomioumaapp03661@gmail.com
APP03662,Mark,Kiptoo,24,Male,C009,Diploma,markkiptooapp03662@gmail.com
APP03663,Fatma,Omondi,24,Female,C007,KCSE,fatmaomondiapp03663@gmail.com
APP03664,Ann,Njoroge,26,Female,C008,KCSE,annnjorogeapp03664@gmail.com
APP03665,Grace,Nyongesa,31,Female,C001,Master's,gracenyongesaapp03665@gmail.com
APP03666,Kennedy,Rotich,24,Male,C009,Certificate,kennedyrotichapp03666@outlook.com
APP03667,Fatma,Koech,20,Female,C003,Certificate,fatmakoechapp03667@gmail.com
APP03668,Faith,Rotich,33,Female,C001,Bachelor's,faithrotichapp03668@gmail.com
APP03669,Eunice,Odhiambo,18,Female,C004,KCSE,euniceodhiamboapp03669@gmail.com
APP03670,Esther,Ndungu,19,Female,C009,Certificate,estherndunguapp03670@gmail.com
APP03671,Faith,Wanjiku,25,Female,C003,Certificate,faithwanjikuapp03671@yahoo.com
APP03672,Diana,Juma,24,Female,C006,KCSE,dianajumaapp03672@gmail.com
APP03673,Gladys,Abdalla,19,Female,C008,Certificate,gladysabdallaapp03673@yahoo.com
APP03674,Purity,Makena,18,Female,C007,KCSE,puritymakenaapp03674@gmail.com
APP03675,Irene,Otieno,35,Female,C007,Bachelor's,ireneotienoapp03675@gmail.com
APP03676,Rose,Kariuki,18,Female,C008,Certificate,rosekariukiapp03676@gmail.com
APP03677,Brenda,Ali,26,Female,C007,Bachelor's,brendaaliapp03677@gmail.com
APP03678,Irene,Barasa,23,Female,C003,Certificate,irenebarasaapp03678@gmail.com
APP03679,Irene,Chebet,20,Female,C009,Certificate,irenechebetapp03679@gmail.com
APP03680,Hellen,Muli,18,Female,C003,KCSE,hellenmuliapp03680@gmail.com
APP03681,Edna,Njoroge,19,Female,C003,KCSE,ednanjorogeapp03681@gmail.com
APP03682,Caroline,Odhiambo,20,Female,C002,KCSE,carolineodhiamboapp03682@gmail.com
APP03683,Zainab,Wanjiku,21,Female,C004,Certificate,zainabwanjikuapp03683@outlook.com
APP03684,Esther,Chebet,19,Female,C008,KCSE,estherchebetapp03684@hotmail.com
APP03685,Lydia,Rotich,19,Female,C009,KCSE,lydiarotichapp03685@hotmail.com
APP03686,Esther,Mwangi,26,Female,C003,KCSE,esthermwangiapp03686@hotmail.com
APP03687,Joseph,Omondi,19,Male,C007,Certificate,josephomondiapp03687@gmail.com
APP03688,Hellen,Khalfan,25,Female,C002,Diploma,hellenkhalfanapp03688@gmail.com
APP03689,Janet,Ali,20,Female,C002,Certificate,janetaliapp03689@outlook.com
APP03690,Irene,Wambui,21,Female,C004,KCSE,irenewambuiapp03690@gmail.com
APP03691,Brenda,Ouma,26,Female,C008,Diploma,brendaoumaapp03691@hotmail.com
APP03692,Kevin,Koech,25,Male,C004,Diploma,kevinkoechapp03692@outlook.com
APP03693,Caroline,Khalfan,22,Female,C005,KCSE,carolinekhalfanapp03693@gmail.com
APP03694,Mary,Muli,21,Female,C002,KCSE,marymuliapp03694@outlook.com
APP03695,Rose,Maina,26,Female,C001,Diploma,rosemainaapp03695@gmail.com
APP03696,John,Ouma,19,Male,C009,Certificate,johnoumaapp03696@yahoo.com
APP03697,Victor,Juma,23,Male,C005,Certificate,victorjumaapp03697@gmail.com
APP03698,Samuel,Ouma,19,Male,C009,KCSE,samueloumaapp03698@gmail.com
APP03699,Janet,Maina,26,Female,C001,KCSE,janetmainaapp03699@gmail.com
APP03700,Beatrice,Nyongesa,29,Female,C001,Diploma,beatricenyongesaapp03700@yahoo.com
APP03701,Dennis,Otieno,19,Male,C009,KCSE,dennisotienoapp03701@gmail.com
APP03702,Brian,Nyambura,35,Male,C008,Bachelor's,briannyamburaapp03702@gmail.com
APP03703,Edna,Koech,26,Female,C008,Certificate,ednakoechapp03703@gmail.com
APP03704,Janet,Musyoka,22,Female,C007,KCSE,janetmusyokaapp03704@gmail.com
APP03705,Brenda,Munyao,22,Female,C003,KCSE,brendamunyaoapp03705@gmail.com
APP03706,Sharon,Ali,33,Female,C007,Bachelor's,sharonaliapp03706@gmail.com
APP03707,Irene,Wambui,32,Female,C001,Bachelor's,irenewambuiapp03707@gmail.com
APP03708,Halima,Rotich,27,Female,C001,Diploma,halimarotichapp03708@gmail.com
APP03709,Naomi,Gitau,18,Female,C001,KCSE,naomigitauapp03709@gmail.com
APP03710,Naomi,Mwangi,28,Female,C009,Bachelor's,naomimwangiapp03710@gmail.com
APP03711,Christine,Mohamed,25,Female,C008,Diploma,christinemohamedapp03711@gmail.com
APP03712,Sharon,Juma,24,Female,C003,KCSE,sharonjumaapp03712@yahoo.com
APP03713,Victor,Kariuki,22,Male,C007,KCSE,victorkariukiapp03713@gmail.com
APP03714,Sharon,Odhiambo,27,Female,C005,Diploma,sharonodhiamboapp03714@gmail.com
APP03715,Amina,Njoroge,22,Female,C004,KCSE,aminanjorogeapp03715@gmail.com
APP03716,Irene,Muli,18,Female,C003,KCSE,irenemuliapp03716@yahoo.com
APP03717,Amina,Kamau,20,Female,C007,Diploma,aminakamauapp03717@gmail.com
APP03718,Aisha,Rotich,19,Female,C007,KCSE,aisharotichapp03718@gmail.com
APP03719,Lydia,Rotich,34,Female,C001,Master's,lydiarotichapp03719@gmail.com
APP03720,Fatma,Kariuki,20,Female,C004,KCSE,fatmakariukiapp03720@outlook.com
APP03721,Aisha,Maina,20,Female,C001,Certificate,aishamainaapp03721@gmail.com
APP03722,Aisha,Mwangi,24,Female,C008,Diploma,aishamwangiapp03722@gmail.com
APP03723,Dorcas,Wambui,24,Female,C001,Certificate,dorcaswambuiapp03723@gmail.com
APP03724,Emmanuel,Musyoka,25,Male,C009,Certificate,emmanuelmusyokaapp03724@gmail.com
APP03725,Halima,Gitau,26,Female,C007,Diploma,halimagitauapp03725@gmail.com
APP03726,Edna,Ali,19,Female,C004,Diploma,ednaaliapp03726@gmail.com
APP03727,Edna,Munyao,25,Female,C002,Certificate,ednamunyaoapp03727@yahoo.com
APP03728,Zainab,Koech,19,Female,C001,KCSE,zainabkoechapp03728@gmail.com
APP03729,Jackline,Munyao,20,Female,C002,KCSE,jacklinemunyaoapp03729@gmail.com
APP03730,Rose,Nyambura,33,Female,C001,Diploma,rosenyamburaapp03730@outlook.com
APP03731,Naomi,Omondi,35,Female,C002,Bachelor's,naomiomondiapp03731@gmail.com
APP03732,Faith,Juma,21,Female,C002,KCSE,faithjumaapp03732@gmail.com
APP03733,Edna,Rotich,25,Female,C001,Diploma,ednarotichapp03733@gmail.com
APP03734,Naomi,Ndungu,24,Female,C003,Certificate,naomindunguapp03734@gmail.com
APP03735,Hellen,Chebet,23,Female,C007,Diploma,hellenchebetapp03735@gmail.com
APP03736,Caroline,Wanjiku,35,Female,C001,Bachelor's,carolinewanjikuapp03736@gmail.com
APP03737,Zainab,Nyongesa,26,Female,C002,Diploma,zainabnyongesaapp03737@gmail.com
APP03738,Lydia,Khalfan,25,Female,C007,Certificate,lydiakhalfanapp03738@gmail.com
APP03739,Grace,Ali,20,Female,C008,KCSE,gracealiapp03739@gmail.com
APP03740,Christine,Koech,27,Female,C007,Certificate,christinekoechapp03740@gmail.com
APP03741,Ann,Munyao,25,Female,C003,Bachelor's,annmunyaoapp03741@gmail.com
APP03742,Beatrice,Khalfan,20,Female,C004,KCSE,beatricekhalfanapp03742@gmail.com
APP03743,Irene,Nyongesa,22,Female,C009,KCSE,irenenyongesaapp03743@outlook.com
APP03744,Rose,Ali,27,Female,C006,Certificate,rosealiapp03744@outlook.com
APP03745,Hellen,Otieno,25,Female,C009,Certificate,hellenotienoapp03745@gmail.com
APP03746,Dorcas,Munyao,28,Female,C007,Master's,dorcasmunyaoapp03746@gmail.com
APP03747,Mohamed,Nyongesa,21,Male,C001,KCSE,mohamednyongesaapp03747@gmail.com
APP03748,Beatrice,Mohamed,18,Female,C003,Diploma,beatricemohamedapp03748@gmail.com
APP03749,Rose,Kamau,25,Female,C006,KCSE,rosekamauapp03749@outlook.com
APP03750,Jackline,Gitau,34,Female,C001,Bachelor's,jacklinegitauapp03750@gmail.com
APP03751,Edna,Kariuki,22,Female,C007,Diploma,ednakariukiapp03751@gmail.com
APP03752,Naomi,Gitau,22,Female,C005,KCSE,naomigitauapp03752@hotmail.com
APP03753,Mercy,Musyoka,23,Female,C001,Certificate,mercymusyokaapp03753@yahoo.com
APP03754,Caroline,Ali,22,Female,C008,KCSE,carolinealiapp03754@hotmail.com
APP03755,Charles,Musyoka,33,Male,C007,Bachelor's,charlesmusyokaapp03755@gmail.com
APP03756,Aisha,Barasa,28,Female,C009,Diploma,aishabarasaapp03756@outlook.com
APP03757,Mercy,Kariuki,34,Female,C003,Bachelor's,mercykariukiapp03757@yahoo.com
APP03758,Mercy,Abdalla,21,Female,C007,Diploma,mercyabdallaapp03758@hotmail.com
APP03759,Gladys,Ouma,18,Female,C005,KCSE,gladysoumaapp03759@gmail.com
APP03760,Beatrice,Gitau,22,Female,C002,KCSE,beatricegitauapp03760@hotmail.com
APP03761,Jackline,Ndungu,26,Female,C003,KCSE,jacklinendunguapp03761@gmail.com
APP03762,Mary,Kariuki,29,Female,C006,Master's,marykariukiapp03762@gmail.com
APP03763,Naomi,Munyao,27,Female,C007,Certificate,naomimunyaoapp03763@outlook.com
APP03764,Faith,Makena,26,Female,C007,Certificate,faithmakenaapp03764@outlook.com
APP03765,Hellen,Mutua,18,Female,C009,KCSE,hellenmutuaapp03765@outlook.com
APP03766,Purity,Kamau,29,Female,C001,Bachelor's,puritykamauapp03766@outlook.com
APP03767,Rose,Rotich,27,Female,C008,Diploma,roserotichapp03767@gmail.com
APP03768,Patrick,Otieno,24,Male,C001,Certificate,patrickotienoapp03768@gmail.com
APP03769,Faith,Otieno,27,Female,C006,Certificate,faithotienoapp03769@gmail.com
APP03770,Zainab,Odhiambo,18,Female,C009,Certificate,zainabodhiamboapp03770@gmail.com
APP03771,Irene,Otieno,27,Female,C009,KCSE,ireneotienoapp03771@gmail.com
APP03772,Ann,Wanjiku,19,Female,C004,KCSE,annwanjikuapp03772@gmail.com
APP03773,Lydia,Otieno,26,Female,C001,KCSE,lydiaotienoapp03773@gmail.com
APP03774,Joy,Mutua,33,Female,C007,Bachelor's,joymutuaapp03774@yahoo.com
APP03775,Grace,Ndungu,19,Female,C004,KCSE,gracendunguapp03775@gmail.com
APP03776,Mercy,Nyambura,27,Female,C001,Bachelor's,mercynyamburaapp03776@gmail.com
APP03777,Halima,Otieno,35,Female,C005,Bachelor's,halimaotienoapp03777@gmail.com
APP03778,Hellen,Barasa,29,Female,C001,Bachelor's,hellenbarasaapp03778@gmail.com
APP03779,Naomi,Makena,24,Female,C008,Diploma,naomimakenaapp03779@yahoo.com
APP03780,Mercy,Wanjiku,25,Female,C003,Certificate,mercywanjikuapp03780@outlook.com
APP03781,Ann,Abdalla,22,Female,C005,KCSE,annabdallaapp03781@yahoo.com
APP03782,Rose,Mohamed,35,Female,C003,Bachelor's,rosemohamedapp03782@outlook.com
APP03783,Irene,Rotich,34,Female,C008,Master's,irenerotichapp03783@yahoo.com
APP03784,Eunice,Makena,23,Female,C004,Diploma,eunicemakenaapp03784@yahoo.com
APP03785,Zainab,Makena,18,Female,C005,KCSE,zainabmakenaapp03785@gmail.com
APP03786,Esther,Ali,18,Female,C001,KCSE,estheraliapp03786@gmail.com
APP03787,Beatrice,Barasa,22,Female,C002,KCSE,beatricebarasaapp03787@hotmail.com
APP03788,Sharon,Mutua,19,Female,C005,Certificate,sharonmutuaapp03788@gmail.com
APP03789,Mary,Kiptoo,26,Female,C001,Certificate,marykiptooapp03789@outlook.com
APP03790,Grace,Mutua,20,Female,C003,Diploma,gracemutuaapp03790@gmail.com
APP03791,Diana,Khalfan,32,Female,C009,Bachelor's,dianakhalfanapp03791@gmail.com
APP03792,Esther,Khalfan,21,Female,C007,KCSE,estherkhalfanapp03792@gmail.com
APP03793,Eunice,Makena,19,Female,C001,KCSE,eunicemakenaapp03793@yahoo.com
APP03794,Beatrice,Mohamed,31,Female,C003,Master's,beatricemohamedapp03794@gmail.com
APP03795,Purity,Wambui,26,Female,C004,Certificate,puritywambuiapp03795@yahoo.com
APP03796,Hellen,Wanjiku,26,Female,C005,Diploma,hellenwanjikuapp03796@gmail.com
APP03797,Naomi,Nyongesa,30,Female,C002,Bachelor's,naominyongesaapp03797@hotmail.com
APP03798,Mark,Kiptoo,22,Male,C008,KCSE,markkiptooapp03798@gmail.com
APP03799,Edna,Otieno,20,Female,C006,KCSE,ednaotienoapp03799@gmail.com
APP03800,James,Mohamed,25,Male,C002,Diploma,jamesmohamedapp03800@yahoo.com
APP03801,Edna,Maina,22,Female,C001,KCSE,ednamainaapp03801@gmail.com
APP03802,Eunice,Musyoka,23,Female,C001,Diploma,eunicemusyokaapp03802@gmail.com
APP03803,Purity,Ali,28,Female,C007,Diploma,purityaliapp03803@gmail.com
APP03804,Faith,Muli,24,Female,C006,Certificate,faithmuliapp03804@gmail.com
APP03805,Hellen,Otieno,31,Female,C008,Bachelor's,hellenotienoapp03805@hotmail.com
APP03806,Zainab,Abdalla,28,Female,C003,Bachelor's,zainababdallaapp03806@gmail.com
APP03807,Rose,Muli,25,Female,C005,Diploma,rosemuliapp03807@gmail.com
APP03808,Mary,Abdalla,18,Female,C007,KCSE,maryabdallaapp03808@gmail.com
APP03809,Esther,Wambui,33,Female,C008,Master's,estherwambuiapp03809@gmail.com
APP03810,Collins,Otieno,28,Male,C001,Bachelor's,collinsotienoapp03810@gmail.com
APP03811,Kennedy,Mohamed,20,Male,C008,KCSE,kennedymohamedapp03811@gmail.com
APP03812,Ali,Makena,24,Male,C001,Certificate,alimakenaapp03812@outlook.com
APP03813,Beatrice,Otieno,25,Female,C001,Certificate,beatriceotienoapp03813@yahoo.com
APP03814,Ann,Makena,26,Female,C002,Certificate,annmakenaapp03814@gmail.com
APP03815,Joy,Khalfan,29,Female,C001,Diploma,joykhalfanapp03815@gmail.com
APP03816,Grace,Ouma,20,Female,C001,KCSE,graceoumaapp03816@gmail.com
APP03817,Mary,Ali,26,Female,C002,Diploma,maryaliapp03817@gmail.com
APP03818,Brenda,Ouma,18,Female,C004,Diploma,brendaoumaapp03818@gmail.com
APP03819,Aisha,Otieno,23,Female,C007,Diploma,aishaotienoapp03819@gmail.com
APP03820,Irene,Gitau,25,Female,C006,KCSE,irenegitauapp03820@gmail.com
APP03821,Jackline,Makena,33,Female,C005,Bachelor's,jacklinemakenaapp03821@gmail.com
APP03822,Christine,Khalfan,21,Female,C002,KCSE,christinekhalfanapp03822@gmail.com
APP03823,Ali,Mwangi,19,Male,C008,Certificate,alimwangiapp03823@yahoo.com
APP03824,Sharon,Ouma,24,Female,C007,Diploma,sharonoumaapp03824@gmail.com
APP03825,David,Otieno,21,Male,C009,KCSE,davidotienoapp03825@yahoo.com
APP03826,Gladys,Musyoka,30,Female,C009,Bachelor's,gladysmusyokaapp03826@gmail.com
APP03827,Zainab,Khalfan,23,Female,C004,Diploma,zainabkhalfanapp03827@gmail.com
APP03828,Naomi,Omondi,21,Female,C001,KCSE,naomiomondiapp03828@gmail.com
APP03829,Lydia,Kariuki,22,Female,C002,KCSE,lydiakariukiapp03829@gmail.com
APP03830,Sharon,Ndungu,32,Female,C002,Master's,sharonndunguapp03830@gmail.com
APP03831,Sharon,Mohamed,18,Female,C001,Certificate,sharonmohamedapp03831@gmail.com
APP03832,Joy,Odhiambo,31,Female,C007,Bachelor's,joyodhiamboapp03832@gmail.com
APP03833,Faith,Koech,19,Female,C007,KCSE,faithkoechapp03833@gmail.com
APP03834,Lydia,Nyambura,24,Female,C001,Certificate,lydianyamburaapp03834@gmail.com
APP03835,Janet,Musyoka,20,Female,C008,KCSE,janetmusyokaapp03835@outlook.com
APP03836,Collins,Wambui,22,Male,C007,KCSE,collinswambuiapp03836@yahoo.com
APP03837,Joy,Abdalla,27,Female,C001,KCSE,joyabdallaapp03837@gmail.com
APP03838,Naomi,Njoroge,22,Female,C006,Diploma,naominjorogeapp03838@gmail.com
APP03839,Mary,Wanjiku,24,Female,C007,Diploma,marywanjikuapp03839@gmail.com
APP03840,Sharon,Gitau,29,Female,C001,Bachelor's,sharongitauapp03840@gmail.com
APP03841,Mary,Rotich,28,Female,C003,Diploma,maryrotichapp03841@yahoo.com
APP03842,Beatrice,Muli,26,Female,C007,Diploma,beatricemuliapp03842@yahoo.com
APP03843,Edna,Mohamed,26,Female,C004,KCSE,ednamohamedapp03843@gmail.com
APP03844,Jackline,Kamau,26,Female,C009,Bachelor's,jacklinekamauapp03844@gmail.com
APP03845,Lydia,Makena,34,Female,C001,Diploma,lydiamakenaapp03845@gmail.com
APP03846,Sharon,Kamau,27,Female,C006,KCSE,sharonkamauapp03846@gmail.com
APP03847,Mary,Otieno,21,Female,C008,Certificate,maryotienoapp03847@yahoo.com
APP03848,Zainab,Rotich,34,Female,C008,Diploma,zainabrotichapp03848@gmail.com
APP03849,Zainab,Kiptoo,24,Female,C002,Diploma,zainabkiptooapp03849@gmail.com
APP03850,Eunice,Wambui,26,Female,C006,Diploma,eunicewambuiapp03850@gmail.com
APP03851,Aisha,Kamau,23,Female,C001,Diploma,aishakamauapp03851@gmail.com
APP03852,Naomi,Nyongesa,23,Female,C004,Bachelor's,naominyongesaapp03852@gmail.com
APP03853,Mercy,Wambui,33,Female,C007,Bachelor's,mercywambuiapp03853@yahoo.com
APP03854,Fatma,Otieno,20,Female,C002,KCSE,fatmaotienoapp03854@yahoo.com
APP03855,Gladys,Ali,20,Female,C008,Certificate,gladysaliapp03855@gmail.com
APP03856,Beatrice,Barasa,23,Female,C003,Diploma,beatricebarasaapp03856@gmail.com
APP03857,Amina,Ndungu,21,Female,C001,KCSE,aminandunguapp03857@yahoo.com
APP03858,Christine,Maina,35,Female,C005,Bachelor's,christinemainaapp03858@outlook.com
APP03859,Eunice,Wanjiku,18,Female,C001,KCSE,eunicewanjikuapp03859@gmail.com
APP03860,Ann,Abdalla,20,Female,C003,KCSE,annabdallaapp03860@gmail.com
APP03861,Martin,Omondi,25,Male,C002,KCSE,martinomondiapp03861@gmail.com
APP03862,Ann,Maina,24,Female,C007,Certificate,annmainaapp03862@yahoo.com
APP03863,Fatma,Ndungu,21,Female,C007,KCSE,fatmandunguapp03863@gmail.com
APP03864,Janet,Wambui,26,Female,C003,Certificate,janetwambuiapp03864@gmail.com
APP03865,Charles,Makena,28,Male,C007,Diploma,charlesmakenaapp03865@gmail.com
APP03866,Mary,Koech,30,Female,C008,Diploma,marykoechapp03866@gmail.com
APP03867,Dorcas,Musyoka,22,Female,C004,Certificate,dorcasmusyokaapp03867@gmail.com
APP03868,Collins,Gitau,28,Male,C004,Bachelor's,collinsgitauapp03868@outlook.com
APP03869,Eunice,Abdalla,29,Female,C007,Bachelor's,euniceabdallaapp03869@gmail.com
APP03870,Eunice,Nyongesa,25,Female,C009,Diploma,eunicenyongesaapp03870@gmail.com
APP03871,Dorcas,Njoroge,21,Female,C007,KCSE,dorcasnjorogeapp03871@gmail.com
APP03872,Irene,Mutua,35,Female,C003,Diploma,irenemutuaapp03872@gmail.com
APP03873,Edna,Otieno,22,Female,C009,KCSE,ednaotienoapp03873@gmail.com
APP03874,Rose,Makena,33,Female,C003,Bachelor's,rosemakenaapp03874@gmail.com
APP03875,Mercy,Mohamed,25,Female,C008,Certificate,mercymohamedapp03875@gmail.com
APP03876,Joy,Munyao,19,Female,C008,KCSE,joymunyaoapp03876@hotmail.com
APP03877,Rose,Makena,19,Female,C006,KCSE,rosemakenaapp03877@gmail.com
APP03878,Mary,Mohamed,21,Female,C009,Certificate,marymohamedapp03878@gmail.com
APP03879,Beatrice,Wambui,19,Female,C007,KCSE,beatricewambuiapp03879@yahoo.com
APP03880,Aisha,Munyao,34,Female,C009,Diploma,aishamunyaoapp03880@gmail.com
APP03881,Patrick,Abdalla,27,Male,C008,Certificate,patrickabdallaapp03881@gmail.com
APP03882,Grace,Ouma,24,Female,C002,Diploma,graceoumaapp03882@gmail.com
APP03883,Faith,Muli,22,Female,C003,KCSE,faithmuliapp03883@gmail.com
APP03884,Eunice,Barasa,27,Female,C009,Diploma,eunicebarasaapp03884@gmail.com
APP03885,Naomi,Wambui,28,Female,C004,Bachelor's,naomiwambuiapp03885@gmail.com
APP03886,Esther,Muli,27,Female,C002,Diploma,esthermuliapp03886@gmail.com
APP03887,Irene,Ali,25,Female,C008,Diploma,irenealiapp03887@outlook.com
APP03888,Kelvin,Abdalla,21,Male,C007,Certificate,kelvinabdallaapp03888@yahoo.com
APP03889,Jackline,Barasa,22,Female,C001,Certificate,jacklinebarasaapp03889@hotmail.com
APP03890,Steve,Ndungu,27,Male,C006,KCSE,stevendunguapp03890@gmail.com
APP03891,Hellen,Makena,23,Female,C008,Certificate,hellenmakenaapp03891@gmail.com
APP03892,Edna,Mutua,27,Female,C003,Diploma,ednamutuaapp03892@gmail.com
APP03893,Ann,Ali,35,Female,C006,Bachelor's,annaliapp03893@outlook.com
APP03894,Eunice,Barasa,20,Female,C009,KCSE,eunicebarasaapp03894@yahoo.com
APP03895,Zainab,Kiptoo,18,Female,C009,Certificate,zainabkiptooapp03895@outlook.com
APP03896,Dorcas,Mwangi,24,Female,C007,Bachelor's,dorcasmwangiapp03896@gmail.com
APP03897,Ann,Otieno,21,Female,C003,KCSE,annotienoapp03897@gmail.com
APP03898,John,Ouma,32,Male,C009,Master's,johnoumaapp03898@gmail.com
APP03899,Brenda,Muli,24,Female,C008,Bachelor's,brendamuliapp03899@gmail.com
APP03900,Grace,Juma,19,Female,C002,KCSE,gracejumaapp03900@outlook.com
APP03901,Hassan,Mwangi,22,Male,C007,KCSE,hassanmwangiapp03901@yahoo.com
APP03902,Sharon,Mwangi,28,Female,C004,Bachelor's,sharonmwangiapp03902@gmail.com
APP03903,Grace,Nyongesa,33,Female,C005,Bachelor's,gracenyongesaapp03903@gmail.com
APP03904,Ann,Otieno,20,Female,C002,KCSE,annotienoapp03904@yahoo.com
APP03905,Mary,Maina,21,Female,C005,KCSE,marymainaapp03905@yahoo.com
APP03906,Eric,Ouma,31,Male,C003,Bachelor's,ericoumaapp03906@gmail.com
APP03907,Rose,Rotich,22,Female,C002,KCSE,roserotichapp03907@gmail.com
APP03908,Beatrice,Barasa,24,Female,C001,Bachelor's,beatricebarasaapp03908@gmail.com
APP03909,Patrick,Barasa,27,Male,C001,KCSE,patrickbarasaapp03909@gmail.com
APP03910,Irene,Juma,34,Female,C003,Bachelor's,irenejumaapp03910@gmail.com
APP03911,Zainab,Koech,20,Female,C004,KCSE,zainabkoechapp03911@gmail.com
APP03912,John,Ndungu,19,Male,C003,Diploma,johnndunguapp03912@yahoo.com
APP03913,Eunice,Juma,26,Female,C001,Bachelor's,eunicejumaapp03913@gmail.com
APP03914,Brenda,Juma,25,Female,C006,Certificate,brendajumaapp03914@gmail.com
APP03915,Ann,Khalfan,20,Female,C003,KCSE,annkhalfanapp03915@gmail.com
APP03916,Lydia,Omondi,23,Female,C002,KCSE,lydiaomondiapp03916@gmail.com
APP03917,Diana,Nyongesa,26,Female,C008,Diploma,diananyongesaapp03917@gmail.com
APP03918,Patrick,Ouma,20,Male,C009,KCSE,patrickoumaapp03918@gmail.com
APP03919,Halima,Juma,18,Female,C002,KCSE,halimajumaapp03919@gmail.com
APP03920,Sharon,Maina,33,Female,C008,Bachelor's,sharonmainaapp03920@yahoo.com
APP03921,Fatma,Mohamed,27,Female,C009,Diploma,fatmamohamedapp03921@yahoo.com
APP03922,Mercy,Nyongesa,19,Female,C001,KCSE,mercynyongesaapp03922@gmail.com
APP03923,Irene,Nyambura,33,Female,C002,Bachelor's,irenenyamburaapp03923@gmail.com
APP03924,Caroline,Makena,26,Female,C005,Certificate,carolinemakenaapp03924@gmail.com
APP03925,Jackline,Mwangi,19,Female,C007,KCSE,jacklinemwangiapp03925@gmail.com
APP03926,Brenda,Abdalla,20,Female,C002,KCSE,brendaabdallaapp03926@gmail.com
APP03927,Gladys,Barasa,19,Female,C006,KCSE,gladysbarasaapp03927@gmail.com
APP03928,Eunice,Maina,23,Female,C007,KCSE,eunicemainaapp03928@gmail.com
APP03929,Dorcas,Wanjiku,18,Female,C003,KCSE,dorcaswanjikuapp03929@hotmail.com
APP03930,Mary,Barasa,32,Female,C006,Bachelor's,marybarasaapp03930@gmail.com
APP03931,Joseph,Abdalla,25,Male,C007,Bachelor's,josephabdallaapp03931@gmail.com
APP03932,Faith,Nyongesa,18,Female,C001,KCSE,faithnyongesaapp03932@gmail.com
APP03933,Paul,Wambui,22,Male,C003,Certificate,paulwambuiapp03933@gmail.com
APP03934,Samuel,Musyoka,19,Male,C001,KCSE,samuelmusyokaapp03934@gmail.com
APP03935,Aisha,Kamau,29,Female,C002,Diploma,aishakamauapp03935@gmail.com
APP03936,Faith,Munyao,20,Female,C004,KCSE,faithmunyaoapp03936@gmail.com
APP03937,Daniel,Ouma,21,Male,C008,Certificate,danieloumaapp03937@gmail.com
APP03938,Rose,Njoroge,19,Female,C002,Certificate,rosenjorogeapp03938@gmail.com
APP03939,Beatrice,Abdalla,34,Female,C009,Bachelor's,beatriceabdallaapp03939@gmail.com
APP03940,Faith,Abdalla,23,Female,C003,KCSE,faithabdallaapp03940@gmail.com
APP03941,Sharon,Musyoka,22,Female,C007,KCSE,sharonmusyokaapp03941@gmail.com
APP03942,Irene,Kamau,33,Female,C007,Bachelor's,irenekamauapp03942@gmail.com
APP03943,Zainab,Ndungu,35,Female,C008,Bachelor's,zainabndunguapp03943@gmail.com
APP03944,Aisha,Ouma,24,Female,C004,Diploma,aishaoumaapp03944@hotmail.com
APP03945,Ann,Wambui,32,Female,C009,Bachelor's,annwambuiapp03945@gmail.com
APP03946,Halima,Makena,19,Female,C007,Diploma,halimamakenaapp03946@gmail.com
APP03947,Zainab,Otieno,21,Female,C008,KCSE,zainabotienoapp03947@outlook.com
APP03948,Jackline,Ouma,21,Female,C001,KCSE,jacklineoumaapp03948@gmail.com
APP03949,Faith,Odhiambo,21,Female,C001,KCSE,faithodhiamboapp03949@yahoo.com
APP03950,Beatrice,Chebet,18,Female,C007,KCSE,beatricechebetapp03950@gmail.com
APP03951,Edna,Ali,34,Female,C002,Master's,ednaaliapp03951@gmail.com
APP03952,Esther,Koech,21,Female,C002,KCSE,estherkoechapp03952@gmail.com
APP03953,Eunice,Gitau,30,Female,C008,Bachelor's,eunicegitauapp03953@outlook.com
APP03954,Halima,Munyao,25,Female,C006,Certificate,halimamunyaoapp03954@gmail.com
APP03955,Joy,Mohamed,21,Female,C006,KCSE,joymohamedapp03955@yahoo.com
APP03956,Gladys,Juma,21,Female,C003,KCSE,gladysjumaapp03956@gmail.com
APP03957,Eunice,Musyoka,32,Female,C002,Diploma,eunicemusyokaapp03957@gmail.com
APP03958,Mercy,Ndungu,27,Female,C002,KCSE,mercyndunguapp03958@gmail.com
APP03959,Janet,Njoroge,33,Female,C004,Bachelor's,janetnjorogeapp03959@gmail.com
APP03960,Brenda,Njoroge,20,Female,C007,Certificate,brendanjorogeapp03960@gmail.com
APP03961,Mark,Musyoka,20,Male,C002,KCSE,markmusyokaapp03961@gmail.com
APP03962,Grace,Chebet,25,Female,C001,Certificate,gracechebetapp03962@gmail.com
APP03963,Edna,Juma,19,Female,C002,KCSE,ednajumaapp03963@gmail.com
APP03964,Mercy,Kariuki,23,Female,C007,Diploma,mercykariukiapp03964@yahoo.com
APP03965,Faith,Kariuki,21,Female,C004,Certificate,faithkariukiapp03965@outlook.com
APP03966,Halima,Wambui,24,Female,C001,Diploma,halimawambuiapp03966@gmail.com
APP03967,Dorcas,Nyambura,19,Female,C001,KCSE,dorcasnyamburaapp03967@gmail.com
APP03968,Diana,Nyongesa,18,Female,C004,KCSE,diananyongesaapp03968@gmail.com
APP03969,Halima,Rotich,24,Female,C003,KCSE,halimarotichapp03969@gmail.com
APP03970,Hellen,Mwangi,23,Female,C001,Diploma,hellenmwangiapp03970@gmail.com
APP03971,Jackline,Munyao,21,Female,C007,KCSE,jacklinemunyaoapp03971@gmail.com
APP03972,Diana,Ouma,35,Female,C002,Bachelor's,dianaoumaapp03972@gmail.com
APP03973,Edna,Rotich,27,Female,C006,Diploma,ednarotichapp03973@hotmail.com
APP03974,Edna,Maina,32,Female,C007,Master's,ednamainaapp03974@gmail.com
APP03975,Rose,Mohamed,26,Female,C007,KCSE,rosemohamedapp03975@outlook.com
APP03976,Lydia,Barasa,20,Female,C001,KCSE,lydiabarasaapp03976@yahoo.com
APP03977,Dorcas,Juma,30,Female,C009,Bachelor's,dorcasjumaapp03977@gmail.com
APP03978,Brenda,Ndungu,23,Female,C006,Diploma,brendandunguapp03978@outlook.com
APP03979,Irene,Chebet,24,Female,C001,Certificate,irenechebetapp03979@gmail.com
APP03980,Aisha,Kamau,29,Female,C002,Bachelor's,aishakamauapp03980@hotmail.com
APP03981,Mary,Njoroge,26,Female,C001,Diploma,marynjorogeapp03981@gmail.com
APP03982,Esther,Omondi,32,Female,C006,Master's,estheromondiapp03982@gmail.com
APP03983,Christine,Wambui,25,Female,C006,Certificate,christinewambuiapp03983@gmail.com
APP03984,Gladys,Kamau,19,Female,C002,KCSE,gladyskamauapp03984@gmail.com
APP03985,Fatma,Koech,28,Female,C003,Bachelor's,fatmakoechapp03985@gmail.com
APP03986,Zainab,Omondi,24,Female,C007,KCSE,zainabomondiapp03986@gmail.com
APP03987,Mercy,Maina,26,Female,C004,KCSE,mercymainaapp03987@outlook.com
APP03988,Jackline,Munyao,27,Female,C004,Diploma,jacklinemunyaoapp03988@yahoo.com
APP03989,John,Mutua,20,Male,C009,KCSE,johnmutuaapp03989@gmail.com
APP03990,Caroline,Omondi,24,Female,C001,Diploma,carolineomondiapp03990@gmail.com
APP03991,Mercy,Nyongesa,20,Female,C001,Certificate,mercynyongesaapp03991@gmail.com
APP03992,Mary,Musyoka,20,Female,C001,Diploma,marymusyokaapp03992@gmail.com
APP03993,Martin,Mutua,27,Male,C008,KCSE,martinmutuaapp03993@gmail.com
APP03994,Mary,Ouma,27,Female,C003,Bachelor's,maryoumaapp03994@gmail.com
APP03995,Grace,Munyao,20,Female,C008,KCSE,gracemunyaoapp03995@outlook.com
APP03996,Victor,Musyoka,20,Male,C002,Diploma,victormusyokaapp03996@outlook.com
APP03997,Brenda,Musyoka,30,Female,C008,Bachelor's,brendamusyokaapp03997@outlook.com
APP03998,Caroline,Musyoka,23,Female,C001,Certificate,carolinemusyokaapp03998@gmail.com
APP03999,Hellen,Juma,25,Female,C005,Diploma,hellenjumaapp03999@gmail.com
APP04000,Mercy,Khalfan,23,Female,C001,Certificate,mercykhalfanapp04000@gmail.com
APP04001,Grace,Mwangi,26,Female,C008,Diploma,gracemwangiapp04001@gmail.com
APP04002,Joy,Juma,19,Female,C007,KCSE,joyjumaapp04002@outlook.com
APP04003,Lydia,Rotich,24,Female,C004,Diploma,lydiarotichapp04003@gmail.com
APP04004,Brenda,Ouma,22,Female,C007,KCSE,brendaoumaapp04004@gmail.com
APP04005,Edna,Omondi,22,Female,C003,KCSE,ednaomondiapp04005@yahoo.com
APP04006,Grace,Nyongesa,20,Female,C007,KCSE,gracenyongesaapp04006@gmail.com
APP04007,Ann,Ali,31,Female,C001,Master's,annaliapp04007@gmail.com
APP04008,Fatma,Muli,35,Female,C003,Bachelor's,fatmamuliapp04008@outlook.com
APP04009,Amina,Omondi,26,Female,C001,Diploma,aminaomondiapp04009@hotmail.com
APP04010,Irene,Muli,31,Female,C003,Bachelor's,irenemuliapp04010@outlook.com
APP04011,Charles,Khalfan,20,Male,C001,Certificate,charleskhalfanapp04011@gmail.com
APP04012,Caroline,Odhiambo,24,Female,C008,Certificate,carolineodhiamboapp04012@gmail.com
APP04013,Amina,Khalfan,27,Female,C007,Certificate,aminakhalfanapp04013@hotmail.com
APP04014,Dorcas,Otieno,28,Female,C007,Bachelor's,dorcasotienoapp04014@gmail.com
APP04015,Brian,Musyoka,22,Male,C005,KCSE,brianmusyokaapp04015@gmail.com
APP04016,Edna,Gitau,18,Female,C008,Certificate,ednagitauapp04016@gmail.com
APP04017,Purity,Omondi,19,Female,C006,KCSE,purityomondiapp04017@hotmail.com
APP04018,Rose,Otieno,34,Female,C005,Bachelor's,roseotienoapp04018@outlook.com
APP04019,Lydia,Nyambura,24,Female,C009,Diploma,lydianyamburaapp04019@gmail.com
APP04020,Gladys,Omondi,26,Female,C007,Diploma,gladysomondiapp04020@gmail.com
APP04021,Eunice,Rotich,27,Female,C003,Certificate,eunicerotichapp04021@gmail.com
APP04022,Jackline,Maina,34,Female,C001,Bachelor's,jacklinemainaapp04022@gmail.com
APP04023,Naomi,Odhiambo,21,Female,C003,KCSE,naomiodhiamboapp04023@outlook.com
APP04024,Joy,Rotich,24,Female,C007,KCSE,joyrotichapp04024@gmail.com
APP04025,Purity,Ali,26,Female,C002,Certificate,purityaliapp04025@yahoo.com
APP04026,Beatrice,Wambui,21,Female,C003,KCSE,beatricewambuiapp04026@gmail.com
APP04027,Dennis,Chebet,20,Male,C008,KCSE,dennischebetapp04027@gmail.com
APP04028,Beatrice,Wambui,21,Female,C003,KCSE,beatricewambuiapp04028@gmail.com
APP04029,Jackline,Mwangi,25,Female,C005,Certificate,jacklinemwangiapp04029@gmail.com
APP04030,Ann,Ndungu,21,Female,C009,KCSE,annndunguapp04030@outlook.com
APP04031,Purity,Odhiambo,18,Female,C002,Certificate,purityodhiamboapp04031@gmail.com
APP04032,Dorcas,Kamau,24,Female,C001,KCSE,dorcaskamauapp04032@gmail.com
APP04033,Faith,Nyambura,20,Female,C001,KCSE,faithnyamburaapp04033@gmail.com
APP04034,Faith,Omondi,23,Female,C006,Diploma,faithomondiapp04034@yahoo.com
APP04035,Irene,Gitau,24,Female,C009,KCSE,irenegitauapp04035@gmail.com
APP04036,Halima,Mohamed,18,Female,C001,KCSE,halimamohamedapp04036@hotmail.com
APP04037,Irene,Muli,24,Female,C008,KCSE,irenemuliapp04037@gmail.com
APP04038,Janet,Munyao,30,Female,C002,Bachelor's,janetmunyaoapp04038@gmail.com
APP04039,Hellen,Barasa,23,Female,C001,Bachelor's,hellenbarasaapp04039@gmail.com
APP04040,Jackline,Kamau,21,Female,C004,Diploma,jacklinekamauapp04040@gmail.com
APP04041,Eunice,Kiptoo,22,Female,C003,KCSE,eunicekiptooapp04041@outlook.com
APP04042,Diana,Khalfan,29,Female,C003,Bachelor's,dianakhalfanapp04042@yahoo.com
APP04043,Rose,Abdalla,35,Female,C006,Master's,roseabdallaapp04043@gmail.com
APP04044,Esther,Barasa,20,Female,C009,KCSE,estherbarasaapp04044@gmail.com
APP04045,Naomi,Mutua,20,Female,C005,KCSE,naomimutuaapp04045@gmail.com
APP04046,Eunice,Gitau,22,Female,C008,KCSE,eunicegitauapp04046@gmail.com
APP04047,Halima,Wanjiku,26,Female,C009,Certificate,halimawanjikuapp04047@gmail.com
APP04048,Janet,Musyoka,32,Female,C006,Master's,janetmusyokaapp04048@gmail.com
APP04049,Dorcas,Juma,23,Female,C009,Certificate,dorcasjumaapp04049@gmail.com
APP04050,Caroline,Makena,18,Female,C006,KCSE,carolinemakenaapp04050@gmail.com
APP04051,Halima,Musyoka,26,Female,C007,KCSE,halimamusyokaapp04051@gmail.com
APP04052,Eunice,Njoroge,26,Female,C008,Certificate,eunicenjorogeapp04052@yahoo.com
APP04053,Naomi,Barasa,32,Female,C006,Bachelor's,naomibarasaapp04053@yahoo.com
APP04054,Esther,Mohamed,28,Female,C009,Bachelor's,esthermohamedapp04054@yahoo.com
APP04055,Faith,Khalfan,21,Female,C002,KCSE,faithkhalfanapp04055@gmail.com
APP04056,Edna,Musyoka,30,Female,C001,Diploma,ednamusyokaapp04056@gmail.com
APP04057,Brenda,Odhiambo,22,Female,C007,Certificate,brendaodhiamboapp04057@gmail.com
APP04058,Hassan,Rotich,21,Male,C005,KCSE,hassanrotichapp04058@gmail.com
APP04059,Caroline,Mohamed,18,Female,C007,Certificate,carolinemohamedapp04059@yahoo.com
APP04060,Zainab,Otieno,20,Female,C004,Diploma,zainabotienoapp04060@gmail.com
APP04061,Lydia,Abdalla,26,Female,C007,KCSE,lydiaabdallaapp04061@gmail.com
APP04062,Purity,Gitau,27,Female,C002,Diploma,puritygitauapp04062@outlook.com
APP04063,Mercy,Kariuki,27,Female,C004,Certificate,mercykariukiapp04063@hotmail.com
APP04064,Mary,Nyongesa,19,Female,C003,KCSE,marynyongesaapp04064@outlook.com
APP04065,Janet,Kamau,26,Female,C003,Diploma,janetkamauapp04065@yahoo.com
APP04066,Joy,Wambui,30,Female,C007,Bachelor's,joywambuiapp04066@gmail.com
APP04067,Purity,Odhiambo,25,Female,C008,Certificate,purityodhiamboapp04067@gmail.com
APP04068,Dorcas,Kamau,23,Female,C002,Certificate,dorcaskamauapp04068@gmail.com
APP04069,Mary,Mwangi,18,Female,C002,KCSE,marymwangiapp04069@gmail.com
APP04070,Aisha,Wambui,21,Female,C003,KCSE,aishawambuiapp04070@yahoo.com
APP04071,Mohamed,Kamau,21,Male,C006,KCSE,mohamedkamauapp04071@gmail.com
APP04072,Irene,Mohamed,19,Female,C009,KCSE,irenemohamedapp04072@gmail.com
APP04073,Zainab,Munyao,23,Female,C005,Diploma,zainabmunyaoapp04073@gmail.com
APP04074,Ann,Rotich,27,Female,C007,Certificate,annrotichapp04074@gmail.com
APP04075,Caroline,Njoroge,18,Female,C007,KCSE,carolinenjorogeapp04075@gmail.com
APP04076,Mercy,Odhiambo,35,Female,C008,Bachelor's,mercyodhiamboapp04076@yahoo.com
APP04077,Edna,Makena,25,Female,C004,Certificate,ednamakenaapp04077@outlook.com
APP04078,Mercy,Maina,28,Female,C004,Bachelor's,mercymainaapp04078@yahoo.com
APP04079,Amina,Ali,20,Female,C002,KCSE,aminaaliapp04079@yahoo.com
APP04080,Ann,Nyongesa,21,Female,C009,KCSE,annnyongesaapp04080@gmail.com
APP04081,Gladys,Musyoka,23,Female,C001,Certificate,gladysmusyokaapp04081@gmail.com
APP04082,Amina,Mwangi,29,Female,C002,Bachelor's,aminamwangiapp04082@gmail.com
APP04083,Lydia,Ndungu,33,Female,C008,Bachelor's,lydiandunguapp04083@gmail.com
APP04084,Christine,Wambui,19,Female,C003,Diploma,christinewambuiapp04084@gmail.com
APP04085,Zainab,Wambui,27,Female,C002,Certificate,zainabwambuiapp04085@yahoo.com
APP04086,Brenda,Juma,19,Female,C007,KCSE,brendajumaapp04086@gmail.com
APP04087,Caroline,Nyambura,33,Female,C008,Bachelor's,carolinenyamburaapp04087@gmail.com
APP04088,Gladys,Juma,25,Female,C007,Certificate,gladysjumaapp04088@gmail.com
APP04089,Faith,Maina,35,Female,C008,Diploma,faithmainaapp04089@yahoo.com
APP04090,Janet,Mutua,30,Female,C001,Diploma,janetmutuaapp04090@yahoo.com
APP04091,Daniel,Kariuki,25,Male,C002,Certificate,danielkariukiapp04091@gmail.com
APP04092,Lydia,Khalfan,23,Female,C004,Bachelor's,lydiakhalfanapp04092@gmail.com
APP04093,Fatma,Mutua,31,Female,C008,Bachelor's,fatmamutuaapp04093@hotmail.com
APP04094,Aisha,Chebet,21,Female,C001,KCSE,aishachebetapp04094@hotmail.com
APP04095,Naomi,Barasa,24,Female,C004,Certificate,naomibarasaapp04095@gmail.com
APP04096,Eunice,Khalfan,23,Female,C007,Bachelor's,eunicekhalfanapp04096@gmail.com
APP04097,Gladys,Barasa,19,Female,C009,KCSE,gladysbarasaapp04097@yahoo.com
APP04098,Halima,Nyambura,34,Female,C008,Diploma,halimanyamburaapp04098@gmail.com
APP04099,Grace,Makena,20,Female,C004,KCSE,gracemakenaapp04099@gmail.com
APP04100,Gladys,Mwangi,35,Female,C003,Master's,gladysmwangiapp04100@yahoo.com
APP04101,Halima,Gitau,19,Female,C003,KCSE,halimagitauapp04101@gmail.com
APP04102,Fatma,Odhiambo,29,Female,C007,Master's,fatmaodhiamboapp04102@hotmail.com
APP04103,Edna,Khalfan,22,Female,C001,KCSE,ednakhalfanapp04103@outlook.com
APP04104,Edna,Kariuki,27,Female,C005,KCSE,ednakariukiapp04104@gmail.com
APP04105,Mercy,Maina,27,Female,C009,Certificate,mercymainaapp04105@outlook.com
APP04106,Diana,Nyongesa,18,Female,C001,Diploma,diananyongesaapp04106@gmail.com
APP04107,Amina,Otieno,25,Female,C004,Certificate,aminaotienoapp04107@yahoo.com
APP04108,Zainab,Rotich,22,Female,C003,Certificate,zainabrotichapp04108@gmail.com
APP04109,Janet,Mohamed,18,Female,C007,Diploma,janetmohamedapp04109@gmail.com
APP04110,Lydia,Omondi,22,Female,C009,Certificate,lydiaomondiapp04110@gmail.com
APP04111,Brenda,Otieno,27,Female,C003,Certificate,brendaotienoapp04111@yahoo.com
APP04112,Jackline,Ali,26,Female,C003,Diploma,jacklinealiapp04112@gmail.com
APP04113,Caroline,Wanjiku,26,Female,C007,Certificate,carolinewanjikuapp04113@hotmail.com
APP04114,Lydia,Muli,23,Female,C006,Diploma,lydiamuliapp04114@gmail.com
APP04115,Beatrice,Mutua,24,Female,C003,Diploma,beatricemutuaapp04115@outlook.com
APP04116,Hellen,Mwangi,34,Female,C008,Master's,hellenmwangiapp04116@gmail.com
APP04117,Caroline,Ali,22,Female,C009,Diploma,carolinealiapp04117@gmail.com
APP04118,Esther,Muli,25,Female,C007,KCSE,esthermuliapp04118@gmail.com
APP04119,Sharon,Rotich,18,Female,C002,KCSE,sharonrotichapp04119@gmail.com
APP04120,Mary,Ouma,22,Female,C003,Certificate,maryoumaapp04120@yahoo.com
APP04121,Edna,Odhiambo,24,Female,C009,Certificate,ednaodhiamboapp04121@yahoo.com
APP04122,Eunice,Ouma,27,Female,C003,Certificate,euniceoumaapp04122@hotmail.com
APP04123,Hassan,Odhiambo,20,Male,C001,KCSE,hassanodhiamboapp04123@gmail.com
APP04124,Esther,Chebet,32,Female,C009,Bachelor's,estherchebetapp04124@gmail.com
APP04125,Sharon,Kamau,24,Female,C006,Certificate,sharonkamauapp04125@gmail.com
APP04126,Mary,Mohamed,29,Female,C003,Bachelor's,marymohamedapp04126@gmail.com
APP04127,Halima,Mwangi,25,Female,C009,Bachelor's,halimamwangiapp04127@gmail.com
APP04128,Zainab,Wambui,26,Female,C007,Diploma,zainabwambuiapp04128@outlook.com
APP04129,Mary,Rotich,20,Female,C007,KCSE,maryrotichapp04129@gmail.com
APP04130,Paul,Otieno,18,Male,C002,KCSE,paulotienoapp04130@gmail.com
APP04131,Faith,Otieno,18,Female,C006,KCSE,faithotienoapp04131@outlook.com
APP04132,Faith,Abdalla,27,Female,C003,Diploma,faithabdallaapp04132@yahoo.com
APP04133,Sharon,Maina,21,Female,C002,KCSE,sharonmainaapp04133@outlook.com
APP04134,Sharon,Nyongesa,21,Female,C003,KCSE,sharonnyongesaapp04134@gmail.com
APP04135,Rose,Kamau,19,Female,C001,KCSE,rosekamauapp04135@gmail.com
APP04136,Jackline,Maina,30,Female,C003,Bachelor's,jacklinemainaapp04136@gmail.com
APP04137,Eunice,Ouma,22,Female,C004,KCSE,euniceoumaapp04137@gmail.com
APP04138,Esther,Kariuki,34,Female,C006,Master's,estherkariukiapp04138@outlook.com
APP04139,Kelvin,Wanjiku,24,Male,C001,Diploma,kelvinwanjikuapp04139@gmail.com
APP04140,Brian,Nyongesa,30,Male,C005,Bachelor's,briannyongesaapp04140@gmail.com
APP04141,Halima,Barasa,26,Female,C001,Diploma,halimabarasaapp04141@yahoo.com
APP04142,Brenda,Mutua,24,Female,C001,Diploma,brendamutuaapp04142@gmail.com
APP04143,Irene,Ali,25,Female,C003,KCSE,irenealiapp04143@gmail.com
APP04144,Grace,Juma,25,Female,C001,KCSE,gracejumaapp04144@gmail.com
APP04145,Esther,Mutua,19,Female,C005,Certificate,esthermutuaapp04145@yahoo.com
APP04146,Christine,Kiptoo,26,Female,C007,KCSE,christinekiptooapp04146@yahoo.com
APP04147,Grace,Muli,25,Female,C008,KCSE,gracemuliapp04147@gmail.com
APP04148,Caroline,Makena,21,Female,C002,KCSE,carolinemakenaapp04148@gmail.com
APP04149,Naomi,Rotich,32,Female,C009,Diploma,naomirotichapp04149@gmail.com
APP04150,Grace,Munyao,27,Female,C006,Bachelor's,gracemunyaoapp04150@gmail.com
APP04151,Naomi,Koech,23,Female,C002,Diploma,naomikoechapp04151@gmail.com
APP04152,Mercy,Ndungu,26,Female,C007,Diploma,mercyndunguapp04152@hotmail.com
APP04153,Lydia,Rotich,20,Female,C008,KCSE,lydiarotichapp04153@gmail.com
APP04154,Dorcas,Nyambura,21,Female,C007,Certificate,dorcasnyamburaapp04154@outlook.com
APP04155,Lydia,Khalfan,24,Female,C003,Certificate,lydiakhalfanapp04155@gmail.com
APP04156,Aisha,Odhiambo,31,Female,C009,Bachelor's,aishaodhiamboapp04156@gmail.com
APP04157,Faith,Ouma,23,Female,C003,Certificate,faithoumaapp04157@hotmail.com
APP04158,Caroline,Kariuki,25,Female,C006,KCSE,carolinekariukiapp04158@gmail.com
APP04159,Diana,Mohamed,35,Female,C007,Diploma,dianamohamedapp04159@gmail.com
APP04160,Edna,Omondi,35,Female,C006,Bachelor's,ednaomondiapp04160@gmail.com
APP04161,Sharon,Kariuki,26,Female,C009,Diploma,sharonkariukiapp04161@gmail.com
APP04162,Amina,Gitau,29,Female,C003,Bachelor's,aminagitauapp04162@outlook.com
APP04163,Naomi,Chebet,20,Female,C001,Diploma,naomichebetapp04163@outlook.com
APP04164,Brenda,Ndungu,24,Female,C001,Diploma,brendandunguapp04164@gmail.com
APP04165,Joy,Ouma,23,Female,C002,KCSE,joyoumaapp04165@gmail.com
APP04166,Fatma,Kamau,21,Female,C008,Diploma,fatmakamauapp04166@gmail.com
APP04167,Zainab,Omondi,18,Female,C001,Diploma,zainabomondiapp04167@gmail.com
APP04168,Aisha,Kiptoo,18,Female,C001,KCSE,aishakiptooapp04168@hotmail.com
APP04169,Irene,Odhiambo,19,Female,C007,KCSE,ireneodhiamboapp04169@gmail.com
APP04170,Esther,Odhiambo,24,Female,C003,Bachelor's,estherodhiamboapp04170@gmail.com
APP04171,Dorcas,Muli,21,Female,C003,KCSE,dorcasmuliapp04171@gmail.com
APP04172,Eunice,Wambui,21,Female,C003,KCSE,eunicewambuiapp04172@gmail.com
APP04173,Zainab,Ali,22,Female,C001,KCSE,zainabaliapp04173@hotmail.com
APP04174,Aisha,Wanjiku,29,Female,C003,Diploma,aishawanjikuapp04174@gmail.com
APP04175,Janet,Kariuki,24,Female,C008,Certificate,janetkariukiapp04175@gmail.com
APP04176,Brenda,Njoroge,33,Female,C001,Bachelor's,brendanjorogeapp04176@gmail.com
APP04177,Grace,Nyongesa,24,Female,C009,Bachelor's,gracenyongesaapp04177@gmail.com
APP04178,Rose,Ndungu,21,Female,C007,KCSE,rosendunguapp04178@yahoo.com
APP04179,Faith,Rotich,21,Female,C006,KCSE,faithrotichapp04179@gmail.com
APP04180,Peter,Nyambura,31,Male,C005,Bachelor's,peternyamburaapp04180@gmail.com
APP04181,Irene,Kamau,27,Female,C008,Diploma,irenekamauapp04181@gmail.com
APP04182,Joseph,Wanjiku,27,Male,C002,Certificate,josephwanjikuapp04182@gmail.com
APP04183,Kelvin,Otieno,31,Male,C008,Bachelor's,kelvinotienoapp04183@gmail.com
APP04184,Eunice,Barasa,21,Female,C008,Certificate,eunicebarasaapp04184@gmail.com
APP04185,Sharon,Njoroge,26,Female,C003,Diploma,sharonnjorogeapp04185@gmail.com
APP04186,Rose,Otieno,19,Female,C003,Diploma,roseotienoapp04186@gmail.com
APP04187,Faith,Mohamed,21,Female,C009,KCSE,faithmohamedapp04187@yahoo.com
APP04188,Fatma,Juma,21,Female,C006,KCSE,fatmajumaapp04188@outlook.com
APP04189,Eunice,Ouma,27,Female,C005,Diploma,euniceoumaapp04189@gmail.com
APP04190,Ann,Barasa,26,Female,C002,KCSE,annbarasaapp04190@yahoo.com
APP04191,Eunice,Musyoka,26,Female,C007,Diploma,eunicemusyokaapp04191@gmail.com
APP04192,Christine,Barasa,21,Female,C005,KCSE,christinebarasaapp04192@gmail.com
APP04193,Lydia,Mohamed,22,Female,C007,KCSE,lydiamohamedapp04193@gmail.com
APP04194,Mercy,Nyambura,23,Female,C004,KCSE,mercynyamburaapp04194@gmail.com
APP04195,Janet,Barasa,21,Female,C002,Certificate,janetbarasaapp04195@outlook.com
APP04196,Brian,Makena,22,Male,C006,KCSE,brianmakenaapp04196@gmail.com
APP04197,Faith,Koech,21,Female,C007,KCSE,faithkoechapp04197@gmail.com
APP04198,Collins,Munyao,20,Male,C007,KCSE,collinsmunyaoapp04198@outlook.com
APP04199,Grace,Abdalla,35,Female,C007,Bachelor's,graceabdallaapp04199@gmail.com
APP04200,Mercy,Chebet,32,Female,C005,Bachelor's,mercychebetapp04200@gmail.com
APP04201,Lydia,Wambui,30,Female,C001,Bachelor's,lydiawambuiapp04201@gmail.com
APP04202,Hellen,Chebet,35,Female,C001,Bachelor's,hellenchebetapp04202@gmail.com
APP04203,Beatrice,Koech,20,Female,C007,KCSE,beatricekoechapp04203@outlook.com
APP04204,Joy,Kiptoo,21,Female,C004,KCSE,joykiptooapp04204@yahoo.com
APP04205,Diana,Njoroge,26,Female,C005,Diploma,diananjorogeapp04205@yahoo.com
APP04206,Hellen,Koech,19,Female,C008,Certificate,hellenkoechapp04206@outlook.com
APP04207,Zainab,Wanjiku,19,Female,C006,KCSE,zainabwanjikuapp04207@yahoo.com
APP04208,Lydia,Abdalla,18,Female,C007,KCSE,lydiaabdallaapp04208@outlook.com
APP04209,Mary,Omondi,27,Female,C008,Certificate,maryomondiapp04209@gmail.com
APP04210,Brenda,Koech,26,Female,C001,Certificate,brendakoechapp04210@gmail.com
APP04211,Gladys,Odhiambo,22,Female,C008,KCSE,gladysodhiamboapp04211@gmail.com
APP04212,Beatrice,Ndungu,25,Female,C005,KCSE,beatricendunguapp04212@gmail.com
APP04213,Ann,Kamau,32,Female,C006,Diploma,annkamauapp04213@yahoo.com
APP04214,Grace,Muli,25,Female,C001,Diploma,gracemuliapp04214@yahoo.com
APP04215,Collins,Musyoka,23,Male,C008,Diploma,collinsmusyokaapp04215@gmail.com
APP04216,Halima,Makena,21,Female,C003,KCSE,halimamakenaapp04216@gmail.com
APP04217,Naomi,Munyao,27,Female,C009,Certificate,naomimunyaoapp04217@yahoo.com
APP04218,Jackline,Ali,20,Female,C004,Diploma,jacklinealiapp04218@gmail.com
APP04219,Naomi,Ali,29,Female,C003,Diploma,naomialiapp04219@gmail.com
APP04220,Dorcas,Barasa,18,Female,C001,Diploma,dorcasbarasaapp04220@gmail.com
APP04221,Gladys,Juma,25,Female,C001,Certificate,gladysjumaapp04221@outlook.com
APP04222,Dorcas,Munyao,18,Female,C009,Certificate,dorcasmunyaoapp04222@hotmail.com
APP04223,Irene,Khalfan,20,Female,C007,KCSE,irenekhalfanapp04223@gmail.com
APP04224,Brenda,Barasa,27,Female,C001,Certificate,brendabarasaapp04224@gmail.com
APP04225,Zainab,Ali,21,Female,C001,Certificate,zainabaliapp04225@outlook.com
APP04226,Daniel,Munyao,33,Male,C004,Master's,danielmunyaoapp04226@gmail.com
APP04227,Esther,Kiptoo,27,Female,C007,Diploma,estherkiptooapp04227@yahoo.com
APP04228,James,Koech,24,Male,C001,KCSE,jameskoechapp04228@gmail.com
APP04229,Zainab,Chebet,18,Female,C008,KCSE,zainabchebetapp04229@yahoo.com
APP04230,Jackline,Mwangi,24,Female,C003,KCSE,jacklinemwangiapp04230@gmail.com
APP04231,Mary,Chebet,24,Female,C001,Certificate,marychebetapp04231@gmail.com
APP04232,Edna,Otieno,18,Female,C007,KCSE,ednaotienoapp04232@gmail.com
APP04233,Esther,Barasa,21,Female,C001,KCSE,estherbarasaapp04233@gmail.com
APP04234,Faith,Chebet,18,Female,C001,Certificate,faithchebetapp04234@gmail.com
APP04235,Naomi,Muli,18,Female,C007,KCSE,naomimuliapp04235@gmail.com
APP04236,Caroline,Makena,35,Female,C001,Bachelor's,carolinemakenaapp04236@gmail.com
APP04237,Sharon,Ouma,21,Female,C009,Diploma,sharonoumaapp04237@gmail.com
APP04238,Brenda,Munyao,27,Female,C007,Certificate,brendamunyaoapp04238@yahoo.com
APP04239,Hellen,Maina,23,Female,C007,Diploma,hellenmainaapp04239@gmail.com
APP04240,Zainab,Juma,20,Female,C008,Certificate,zainabjumaapp04240@gmail.com
APP04241,Halima,Rotich,29,Female,C008,Bachelor's,halimarotichapp04241@gmail.com
APP04242,Christine,Khalfan,26,Female,C004,Bachelor's,christinekhalfanapp04242@gmail.com
APP04243,Gladys,Muli,27,Female,C008,Diploma,gladysmuliapp04243@gmail.com
APP04244,Purity,Wanjiku,25,Female,C009,Certificate,puritywanjikuapp04244@outlook.com
APP04245,Aisha,Abdalla,27,Female,C001,KCSE,aishaabdallaapp04245@outlook.com
APP04246,Dennis,Odhiambo,28,Male,C001,Diploma,dennisodhiamboapp04246@gmail.com
APP04247,Faith,Nyambura,18,Female,C007,KCSE,faithnyamburaapp04247@gmail.com
APP04248,Fatma,Mohamed,19,Female,C005,KCSE,fatmamohamedapp04248@outlook.com
APP04249,Eunice,Juma,27,Female,C007,Diploma,eunicejumaapp04249@outlook.com
APP04250,David,Otieno,33,Male,C006,Diploma,davidotienoapp04250@gmail.com
APP04251,Janet,Omondi,19,Female,C001,KCSE,janetomondiapp04251@yahoo.com
APP04252,Brenda,Wambui,35,Female,C007,Bachelor's,brendawambuiapp04252@yahoo.com
APP04253,Edna,Nyambura,30,Female,C003,Bachelor's,ednanyamburaapp04253@gmail.com
APP04254,Dorcas,Barasa,22,Female,C003,Certificate,dorcasbarasaapp04254@outlook.com
APP04255,John,Koech,33,Male,C006,Bachelor's,johnkoechapp04255@hotmail.com
APP04256,Mary,Makena,32,Female,C004,Bachelor's,marymakenaapp04256@gmail.com
APP04257,Beatrice,Juma,23,Female,C009,Diploma,beatricejumaapp04257@gmail.com
APP04258,Sharon,Nyambura,20,Female,C007,Certificate,sharonnyamburaapp04258@outlook.com
APP04259,Joy,Ali,27,Female,C003,Diploma,joyaliapp04259@gmail.com
APP04260,Dorcas,Ali,30,Female,C008,Master's,dorcasaliapp04260@gmail.com
APP04261,Martin,Mutua,24,Male,C008,KCSE,martinmutuaapp04261@gmail.com
APP04262,Mohamed,Njoroge,23,Male,C007,Diploma,mohamednjorogeapp04262@gmail.com
APP04263,Mercy,Ndungu,26,Female,C004,Bachelor's,mercyndunguapp04263@gmail.com
APP04264,Halima,Rotich,22,Female,C002,KCSE,halimarotichapp04264@gmail.com
APP04265,Patrick,Abdalla,19,Male,C006,KCSE,patrickabdallaapp04265@gmail.com
APP04266,Ann,Otieno,27,Female,C001,KCSE,annotienoapp04266@gmail.com
APP04267,Brenda,Odhiambo,25,Female,C001,Diploma,brendaodhiamboapp04267@gmail.com
APP04268,Irene,Musyoka,23,Female,C007,KCSE,irenemusyokaapp04268@gmail.com
APP04269,Halima,Musyoka,20,Female,C007,KCSE,halimamusyokaapp04269@gmail.com
APP04270,Halima,Gitau,22,Female,C001,KCSE,halimagitauapp04270@gmail.com
APP04271,Fatma,Ouma,22,Female,C007,KCSE,fatmaoumaapp04271@gmail.com
APP04272,Gladys,Kamau,27,Female,C008,Certificate,gladyskamauapp04272@gmail.com
APP04273,Aisha,Nyambura,21,Female,C006,KCSE,aishanyamburaapp04273@gmail.com
APP04274,Purity,Muli,26,Female,C008,Diploma,puritymuliapp04274@hotmail.com
APP04275,Naomi,Khalfan,35,Female,C002,Bachelor's,naomikhalfanapp04275@gmail.com
APP04276,Faith,Koech,18,Female,C006,KCSE,faithkoechapp04276@gmail.com
APP04277,Amina,Maina,21,Female,C002,KCSE,aminamainaapp04277@gmail.com
APP04278,Faith,Kamau,20,Female,C001,KCSE,faithkamauapp04278@outlook.com
APP04279,Grace,Makena,22,Female,C007,KCSE,gracemakenaapp04279@outlook.com
APP04280,Hellen,Munyao,21,Female,C003,Diploma,hellenmunyaoapp04280@gmail.com
APP04281,Amina,Mutua,35,Female,C007,Master's,aminamutuaapp04281@gmail.com
APP04282,Rose,Koech,27,Female,C004,Diploma,rosekoechapp04282@gmail.com
APP04283,Aisha,Mohamed,34,Female,C009,Bachelor's,aishamohamedapp04283@outlook.com
APP04284,Brenda,Wanjiku,18,Female,C002,KCSE,brendawanjikuapp04284@outlook.com
APP04285,Faith,Kariuki,35,Female,C001,Master's,faithkariukiapp04285@gmail.com
APP04286,Faith,Mohamed,20,Female,C003,KCSE,faithmohamedapp04286@yahoo.com
APP04287,Mercy,Munyao,19,Female,C005,KCSE,mercymunyaoapp04287@hotmail.com
APP04288,Ann,Abdalla,19,Female,C004,KCSE,annabdallaapp04288@gmail.com
APP04289,Eunice,Juma,21,Female,C006,KCSE,eunicejumaapp04289@outlook.com
APP04290,Jackline,Musyoka,20,Female,C007,KCSE,jacklinemusyokaapp04290@gmail.com
APP04291,Purity,Odhiambo,22,Female,C003,Certificate,purityodhiamboapp04291@gmail.com
APP04292,Jackline,Mwangi,25,Female,C003,Diploma,jacklinemwangiapp04292@gmail.com
APP04293,Aisha,Mwangi,25,Female,C004,Diploma,aishamwangiapp04293@gmail.com
APP04294,Amina,Nyongesa,18,Female,C007,KCSE,aminanyongesaapp04294@yahoo.com
APP04295,Irene,Ndungu,20,Female,C009,Certificate,irenendunguapp04295@yahoo.com
APP04296,Ali,Khalfan,19,Male,C001,Certificate,alikhalfanapp04296@gmail.com
APP04297,Collins,Muli,34,Male,C003,Diploma,collinsmuliapp04297@gmail.com
APP04298,Fatma,Omondi,25,Female,C009,Certificate,fatmaomondiapp04298@gmail.com
APP04299,Mohamed,Mutua,19,Male,C007,KCSE,mohamedmutuaapp04299@gmail.com
APP04300,Caroline,Odhiambo,19,Female,C005,KCSE,carolineodhiamboapp04300@gmail.com
APP04301,Jackline,Kamau,33,Female,C001,Bachelor's,jacklinekamauapp04301@gmail.com
APP04302,Naomi,Muli,24,Female,C002,KCSE,naomimuliapp04302@gmail.com
APP04303,Dennis,Makena,21,Male,C007,KCSE,dennismakenaapp04303@gmail.com
APP04304,Caroline,Kamau,27,Female,C007,Diploma,carolinekamauapp04304@outlook.com
APP04305,Gladys,Wanjiku,21,Female,C009,Certificate,gladyswanjikuapp04305@outlook.com
APP04306,Aisha,Njoroge,27,Female,C006,Certificate,aishanjorogeapp04306@gmail.com
APP04307,John,Munyao,20,Male,C002,KCSE,johnmunyaoapp04307@gmail.com
APP04308,Naomi,Nyongesa,33,Female,C009,Bachelor's,naominyongesaapp04308@gmail.com
APP04309,Faith,Kamau,26,Female,C007,KCSE,faithkamauapp04309@gmail.com
APP04310,Esther,Otieno,21,Female,C008,Certificate,estherotienoapp04310@yahoo.com
APP04311,Halima,Musyoka,20,Female,C006,KCSE,halimamusyokaapp04311@yahoo.com
APP04312,Amina,Khalfan,25,Female,C001,Diploma,aminakhalfanapp04312@gmail.com
APP04313,Purity,Otieno,34,Female,C002,Diploma,purityotienoapp04313@gmail.com
APP04314,Faith,Koech,23,Female,C009,Certificate,faithkoechapp04314@gmail.com
APP04315,Zainab,Nyambura,20,Female,C006,KCSE,zainabnyamburaapp04315@gmail.com
APP04316,Dorcas,Muli,18,Female,C001,KCSE,dorcasmuliapp04316@gmail.com
APP04317,Christine,Mutua,23,Female,C002,KCSE,christinemutuaapp04317@yahoo.com
APP04318,Mark,Nyongesa,27,Male,C002,Certificate,marknyongesaapp04318@gmail.com
APP04319,Amina,Abdalla,19,Female,C007,KCSE,aminaabdallaapp04319@gmail.com
APP04320,Martin,Juma,20,Male,C008,Diploma,martinjumaapp04320@gmail.com
APP04321,Ann,Ali,23,Female,C002,KCSE,annaliapp04321@yahoo.com
APP04322,Ann,Muli,23,Female,C005,Diploma,annmuliapp04322@yahoo.com
APP04323,Joy,Makena,21,Female,C003,KCSE,joymakenaapp04323@gmail.com
APP04324,Amina,Barasa,19,Female,C007,KCSE,aminabarasaapp04324@outlook.com
APP04325,Diana,Maina,27,Female,C001,Certificate,dianamainaapp04325@yahoo.com
APP04326,Irene,Rotich,23,Female,C008,KCSE,irenerotichapp04326@gmail.com
APP04327,Sharon,Rotich,24,Female,C005,Diploma,sharonrotichapp04327@gmail.com
APP04328,Brenda,Abdalla,27,Female,C009,KCSE,brendaabdallaapp04328@yahoo.com
APP04329,Steve,Otieno,22,Male,C001,KCSE,steveotienoapp04329@gmail.com
APP04330,Irene,Nyongesa,25,Female,C007,Bachelor's,irenenyongesaapp04330@outlook.com
APP04331,Mary,Juma,34,Female,C005,Bachelor's,maryjumaapp04331@yahoo.com
APP04332,Jackline,Juma,26,Female,C005,KCSE,jacklinejumaapp04332@yahoo.com
APP04333,Brian,Gitau,28,Male,C008,Bachelor's,briangitauapp04333@gmail.com
APP04334,Zainab,Khalfan,18,Female,C002,Certificate,zainabkhalfanapp04334@gmail.com
APP04335,Purity,Omondi,19,Female,C003,KCSE,purityomondiapp04335@gmail.com
APP04336,Purity,Omondi,24,Female,C008,Diploma,purityomondiapp04336@hotmail.com
APP04337,Grace,Juma,20,Female,C007,KCSE,gracejumaapp04337@gmail.com
APP04338,Brenda,Abdalla,34,Female,C002,Bachelor's,brendaabdallaapp04338@gmail.com
APP04339,Rose,Gitau,35,Female,C006,Diploma,rosegitauapp04339@hotmail.com
APP04340,Esther,Abdalla,22,Female,C001,KCSE,estherabdallaapp04340@gmail.com
APP04341,Rose,Mwangi,25,Female,C001,Certificate,rosemwangiapp04341@yahoo.com
APP04342,Naomi,Makena,20,Female,C001,Certificate,naomimakenaapp04342@gmail.com
APP04343,Caroline,Kariuki,18,Female,C002,KCSE,carolinekariukiapp04343@hotmail.com
APP04344,Gladys,Mohamed,25,Female,C001,Certificate,gladysmohamedapp04344@gmail.com
APP04345,Halima,Gitau,20,Female,C005,KCSE,halimagitauapp04345@gmail.com
APP04346,Purity,Koech,25,Female,C009,KCSE,puritykoechapp04346@yahoo.com
APP04347,Dennis,Abdalla,21,Male,C008,KCSE,dennisabdallaapp04347@gmail.com
APP04348,Diana,Juma,22,Female,C004,KCSE,dianajumaapp04348@gmail.com
APP04349,Zainab,Otieno,26,Female,C009,Diploma,zainabotienoapp04349@yahoo.com
APP04350,Gladys,Omondi,27,Female,C009,Certificate,gladysomondiapp04350@yahoo.com
APP04351,Dennis,Kiptoo,23,Male,C002,KCSE,denniskiptooapp04351@yahoo.com
APP04352,Beatrice,Njoroge,24,Female,C004,Diploma,beatricenjorogeapp04352@gmail.com
APP04353,Janet,Nyongesa,28,Female,C001,Bachelor's,janetnyongesaapp04353@gmail.com
APP04354,Joy,Koech,29,Female,C001,Bachelor's,joykoechapp04354@gmail.com
APP04355,Hellen,Rotich,34,Female,C007,Bachelor's,hellenrotichapp04355@gmail.com
APP04356,Caroline,Koech,19,Female,C008,KCSE,carolinekoechapp04356@yahoo.com
APP04357,Kennedy,Maina,35,Male,C009,Master's,kennedymainaapp04357@gmail.com
APP04358,Gladys,Munyao,23,Female,C008,KCSE,gladysmunyaoapp04358@gmail.com
APP04359,Rose,Wanjiku,27,Female,C001,Certificate,rosewanjikuapp04359@gmail.com
APP04360,Eunice,Makena,22,Female,C003,KCSE,eunicemakenaapp04360@gmail.com
APP04361,Brenda,Mohamed,26,Female,C009,Certificate,brendamohamedapp04361@gmail.com
APP04362,Mercy,Nyongesa,23,Female,C001,Diploma,mercynyongesaapp04362@gmail.com
APP04363,Halima,Ali,23,Female,C003,Bachelor's,halimaaliapp04363@gmail.com
APP04364,Purity,Kariuki,21,Female,C001,KCSE,puritykariukiapp04364@gmail.com
APP04365,Gladys,Nyongesa,22,Female,C002,Certificate,gladysnyongesaapp04365@yahoo.com
APP04366,Grace,Rotich,23,Female,C007,KCSE,gracerotichapp04366@gmail.com
APP04367,Christine,Ouma,25,Female,C001,Certificate,christineoumaapp04367@gmail.com
APP04368,Rose,Barasa,26,Female,C001,Certificate,rosebarasaapp04368@gmail.com
APP04369,Sharon,Muli,22,Female,C009,Diploma,sharonmuliapp04369@outlook.com
APP04370,Mary,Odhiambo,24,Female,C007,Bachelor's,maryodhiamboapp04370@gmail.com
APP04371,Zainab,Maina,19,Female,C003,Certificate,zainabmainaapp04371@hotmail.com
APP04372,Dorcas,Wanjiku,26,Female,C007,Diploma,dorcaswanjikuapp04372@gmail.com
APP04373,Christine,Kamau,22,Female,C007,KCSE,christinekamauapp04373@gmail.com
APP04374,Christine,Mwangi,26,Female,C002,Certificate,christinemwangiapp04374@gmail.com
APP04375,Mercy,Gitau,18,Female,C007,KCSE,mercygitauapp04375@gmail.com
APP04376,Kennedy,Wanjiku,20,Male,C001,KCSE,kennedywanjikuapp04376@gmail.com
APP04377,Christine,Khalfan,24,Female,C003,KCSE,christinekhalfanapp04377@gmail.com
APP04378,Halima,Muli,23,Female,C002,Diploma,halimamuliapp04378@gmail.com
APP04379,Mohamed,Wambui,20,Male,C007,KCSE,mohamedwambuiapp04379@gmail.com
APP04380,Mercy,Abdalla,33,Female,C008,Bachelor's,mercyabdallaapp04380@gmail.com
APP04381,Gladys,Chebet,25,Female,C001,Diploma,gladyschebetapp04381@gmail.com
APP04382,Diana,Mutua,22,Female,C007,KCSE,dianamutuaapp04382@yahoo.com
APP04383,Diana,Abdalla,20,Female,C007,Certificate,dianaabdallaapp04383@gmail.com
APP04384,Edna,Khalfan,27,Female,C001,Diploma,ednakhalfanapp04384@hotmail.com
APP04385,Purity,Khalfan,27,Female,C003,Certificate,puritykhalfanapp04385@gmail.com
APP04386,Beatrice,Barasa,26,Female,C009,Bachelor's,beatricebarasaapp04386@outlook.com
APP04387,Fatma,Nyambura,21,Female,C003,KCSE,fatmanyamburaapp04387@gmail.com
APP04388,Joy,Nyongesa,26,Female,C007,Certificate,joynyongesaapp04388@gmail.com
APP04389,Mary,Munyao,21,Female,C001,KCSE,marymunyaoapp04389@gmail.com
APP04390,Halima,Otieno,22,Female,C001,Diploma,halimaotienoapp04390@gmail.com
APP04391,Sharon,Muli,18,Female,C004,KCSE,sharonmuliapp04391@gmail.com
APP04392,Lydia,Koech,20,Female,C009,Certificate,lydiakoechapp04392@gmail.com
APP04393,Gladys,Barasa,21,Female,C004,KCSE,gladysbarasaapp04393@outlook.com
APP04394,Joy,Ali,20,Female,C008,KCSE,joyaliapp04394@yahoo.com
APP04395,Hellen,Koech,24,Female,C008,Certificate,hellenkoechapp04395@gmail.com
APP04396,Hellen,Musyoka,19,Female,C009,KCSE,hellenmusyokaapp04396@gmail.com
APP04397,Janet,Makena,19,Female,C002,KCSE,janetmakenaapp04397@gmail.com
APP04398,Faith,Barasa,20,Female,C001,Diploma,faithbarasaapp04398@outlook.com
APP04399,Samuel,Otieno,18,Male,C001,Certificate,samuelotienoapp04399@gmail.com
APP04400,Gladys,Omondi,30,Female,C009,Diploma,gladysomondiapp04400@yahoo.com
APP04401,Faith,Mutua,22,Female,C002,Certificate,faithmutuaapp04401@outlook.com
APP04402,Diana,Chebet,25,Female,C009,KCSE,dianachebetapp04402@gmail.com
APP04403,Beatrice,Wambui,24,Female,C001,Bachelor's,beatricewambuiapp04403@yahoo.com
APP04404,Joy,Barasa,20,Female,C005,KCSE,joybarasaapp04404@yahoo.com
APP04405,Caroline,Wanjiku,34,Female,C003,Bachelor's,carolinewanjikuapp04405@gmail.com
APP04406,Martin,Odhiambo,27,Male,C001,Diploma,martinodhiamboapp04406@gmail.com
APP04407,Ann,Mwangi,32,Female,C001,Bachelor's,annmwangiapp04407@yahoo.com
APP04408,Christine,Njoroge,21,Female,C005,Diploma,christinenjorogeapp04408@outlook.com
APP04409,Faith,Abdalla,23,Female,C001,Bachelor's,faithabdallaapp04409@gmail.com
APP04410,Rose,Kariuki,21,Female,C001,KCSE,rosekariukiapp04410@yahoo.com
APP04411,Collins,Omondi,23,Male,C008,KCSE,collinsomondiapp04411@gmail.com
APP04412,Mercy,Juma,20,Female,C008,Certificate,mercyjumaapp04412@gmail.com
APP04413,Grace,Munyao,25,Female,C008,Certificate,gracemunyaoapp04413@gmail.com
APP04414,Amina,Kamau,21,Female,C001,KCSE,aminakamauapp04414@outlook.com
APP04415,Amina,Wanjiku,25,Female,C007,Certificate,aminawanjikuapp04415@gmail.com
APP04416,Edna,Maina,31,Female,C009,Bachelor's,ednamainaapp04416@gmail.com
APP04417,Naomi,Otieno,19,Female,C003,KCSE,naomiotienoapp04417@outlook.com
APP04418,Rose,Mohamed,24,Female,C005,Diploma,rosemohamedapp04418@gmail.com
APP04419,Hellen,Wanjiku,21,Female,C003,KCSE,hellenwanjikuapp04419@hotmail.com
APP04420,Hellen,Odhiambo,22,Female,C007,KCSE,hellenodhiamboapp04420@yahoo.com
APP04421,Mercy,Juma,27,Female,C009,KCSE,mercyjumaapp04421@gmail.com
APP04422,Lydia,Ali,28,Female,C005,Bachelor's,lydiaaliapp04422@gmail.com
APP04423,Irene,Wambui,34,Female,C009,Bachelor's,irenewambuiapp04423@gmail.com
APP04424,Victor,Wanjiku,27,Male,C007,Diploma,victorwanjikuapp04424@yahoo.com
APP04425,Ali,Nyongesa,21,Male,C003,Certificate,alinyongesaapp04425@gmail.com
APP04426,Mercy,Njoroge,20,Female,C008,KCSE,mercynjorogeapp04426@hotmail.com
APP04427,Eunice,Wanjiku,25,Female,C008,KCSE,eunicewanjikuapp04427@gmail.com
APP04428,Brenda,Muli,28,Female,C001,Bachelor's,brendamuliapp04428@gmail.com
APP04429,Hellen,Makena,21,Female,C004,KCSE,hellenmakenaapp04429@gmail.com
APP04430,Grace,Odhiambo,32,Female,C001,Bachelor's,graceodhiamboapp04430@hotmail.com
APP04431,Aisha,Koech,26,Female,C006,Diploma,aishakoechapp04431@gmail.com
APP04432,Halima,Koech,19,Female,C001,KCSE,halimakoechapp04432@gmail.com
APP04433,Fatma,Ali,19,Female,C004,Certificate,fatmaaliapp04433@gmail.com
APP04434,Kennedy,Nyongesa,18,Male,C001,Certificate,kennedynyongesaapp04434@gmail.com
APP04435,Fatma,Mutua,25,Female,C001,Bachelor's,fatmamutuaapp04435@gmail.com
APP04436,Zainab,Kamau,24,Female,C003,Diploma,zainabkamauapp04436@gmail.com
APP04437,Hellen,Nyambura,24,Female,C006,Diploma,hellennyamburaapp04437@gmail.com
APP04438,Naomi,Ndungu,21,Female,C001,Diploma,naomindunguapp04438@gmail.com
APP04439,Ann,Mwangi,21,Female,C009,Certificate,annmwangiapp04439@yahoo.com
APP04440,Janet,Njoroge,29,Female,C005,Diploma,janetnjorogeapp04440@yahoo.com
APP04441,Irene,Khalfan,27,Female,C007,Diploma,irenekhalfanapp04441@gmail.com
APP04442,Mercy,Otieno,31,Female,C007,Diploma,mercyotienoapp04442@gmail.com
APP04443,Steve,Mohamed,21,Male,C007,Diploma,stevemohamedapp04443@hotmail.com
APP04444,Ann,Musyoka,30,Female,C009,Master's,annmusyokaapp04444@yahoo.com
APP04445,Amina,Wambui,28,Female,C007,Bachelor's,aminawambuiapp04445@yahoo.com
APP04446,Joy,Muli,23,Female,C004,KCSE,joymuliapp04446@gmail.com
APP04447,Martin,Kiptoo,26,Male,C008,Bachelor's,martinkiptooapp04447@gmail.com
APP04448,Hellen,Khalfan,24,Female,C003,Diploma,hellenkhalfanapp04448@gmail.com
APP04449,Mary,Rotich,27,Female,C008,Certificate,maryrotichapp04449@gmail.com
APP04450,Diana,Mwangi,21,Female,C007,Certificate,dianamwangiapp04450@yahoo.com
APP04451,Christine,Kamau,18,Female,C009,Diploma,christinekamauapp04451@yahoo.com
APP04452,Fatma,Kariuki,26,Female,C003,Certificate,fatmakariukiapp04452@hotmail.com
APP04453,Sharon,Ouma,23,Female,C001,Diploma,sharonoumaapp04453@hotmail.com
APP04454,Mary,Koech,33,Female,C004,Diploma,marykoechapp04454@gmail.com
APP04455,Diana,Munyao,27,Female,C009,Certificate,dianamunyaoapp04455@gmail.com
APP04456,Halima,Nyongesa,27,Female,C008,KCSE,halimanyongesaapp04456@yahoo.com
APP04457,David,Maina,21,Male,C004,KCSE,davidmainaapp04457@yahoo.com
APP04458,Christine,Kamau,26,Female,C008,Diploma,christinekamauapp04458@gmail.com
APP04459,Eunice,Wanjiku,19,Female,C007,KCSE,eunicewanjikuapp04459@gmail.com
APP04460,Janet,Mutua,24,Female,C009,Diploma,janetmutuaapp04460@gmail.com
APP04461,Sharon,Muli,20,Female,C009,KCSE,sharonmuliapp04461@yahoo.com
APP04462,Eunice,Nyongesa,34,Female,C009,Bachelor's,eunicenyongesaapp04462@yahoo.com
APP04463,Halima,Gitau,26,Female,C003,KCSE,halimagitauapp04463@gmail.com
APP04464,Caroline,Musyoka,18,Female,C006,Diploma,carolinemusyokaapp04464@gmail.com
APP04465,Faith,Ouma,22,Female,C007,Certificate,faithoumaapp04465@gmail.com
APP04466,Jackline,Ndungu,18,Female,C002,Certificate,jacklinendunguapp04466@gmail.com
APP04467,Beatrice,Wambui,23,Female,C006,Certificate,beatricewambuiapp04467@gmail.com
APP04468,Esther,Koech,26,Female,C003,Diploma,estherkoechapp04468@gmail.com
APP04469,Sharon,Njoroge,24,Female,C005,Diploma,sharonnjorogeapp04469@yahoo.com
APP04470,Joy,Barasa,23,Female,C001,Certificate,joybarasaapp04470@gmail.com
APP04471,Janet,Mwangi,26,Female,C006,Diploma,janetmwangiapp04471@gmail.com
APP04472,Halima,Wanjiku,21,Female,C003,KCSE,halimawanjikuapp04472@gmail.com
APP04473,Hellen,Ouma,21,Female,C006,KCSE,hellenoumaapp04473@gmail.com
APP04474,Christine,Khalfan,19,Female,C005,KCSE,christinekhalfanapp04474@gmail.com
APP04475,Faith,Omondi,19,Female,C008,Diploma,faithomondiapp04475@gmail.com
APP04476,Sharon,Ouma,24,Female,C006,Certificate,sharonoumaapp04476@gmail.com
APP04477,Jackline,Otieno,24,Female,C001,Diploma,jacklineotienoapp04477@gmail.com
APP04478,Irene,Makena,25,Female,C008,Bachelor's,irenemakenaapp04478@gmail.com
APP04479,Sharon,Khalfan,19,Female,C001,KCSE,sharonkhalfanapp04479@yahoo.com
APP04480,Faith,Ndungu,22,Female,C001,KCSE,faithndunguapp04480@gmail.com
APP04481,Dorcas,Koech,22,Female,C005,KCSE,dorcaskoechapp04481@gmail.com
APP04482,Ali,Omondi,23,Male,C009,Certificate,aliomondiapp04482@yahoo.com
APP04483,Aisha,Koech,26,Female,C003,Certificate,aishakoechapp04483@gmail.com
APP04484,Irene,Musyoka,23,Female,C008,Bachelor's,irenemusyokaapp04484@gmail.com
APP04485,Faith,Musyoka,19,Female,C004,Certificate,faithmusyokaapp04485@gmail.com
APP04486,Mary,Rotich,33,Female,C008,Master's,maryrotichapp04486@hotmail.com
APP04487,Hellen,Rotich,34,Female,C006,Bachelor's,hellenrotichapp04487@gmail.com
APP04488,Caroline,Nyambura,24,Female,C007,Diploma,carolinenyamburaapp04488@gmail.com
APP04489,Zainab,Juma,29,Female,C002,Master's,zainabjumaapp04489@gmail.com
APP04490,Caroline,Kamau,35,Female,C001,Bachelor's,carolinekamauapp04490@yahoo.com
APP04491,Brenda,Mohamed,23,Female,C004,Certificate,brendamohamedapp04491@gmail.com
APP04492,Hellen,Kamau,19,Female,C001,Diploma,hellenkamauapp04492@outlook.com
APP04493,Rose,Makena,27,Female,C002,Certificate,rosemakenaapp04493@gmail.com
APP04494,Fatma,Nyambura,23,Female,C003,KCSE,fatmanyamburaapp04494@hotmail.com
APP04495,Halima,Rotich,26,Female,C007,Certificate,halimarotichapp04495@gmail.com
APP04496,Zainab,Mutua,27,Female,C007,Certificate,zainabmutuaapp04496@outlook.com
APP04497,Halima,Omondi,22,Female,C003,Certificate,halimaomondiapp04497@gmail.com
APP04498,Halima,Muli,26,Female,C001,KCSE,halimamuliapp04498@gmail.com
APP04499,Edna,Mwangi,28,Female,C009,Bachelor's,ednamwangiapp04499@gmail.com
APP04500,Eric,Mutua,24,Male,C009,Certificate,ericmutuaapp04500@gmail.com
APP04501,Esther,Gitau,23,Female,C003,Certificate,esthergitauapp04501@gmail.com
APP04502,Sharon,Odhiambo,30,Female,C004,Bachelor's,sharonodhiamboapp04502@outlook.com
APP04503,Janet,Nyambura,22,Female,C005,KCSE,janetnyamburaapp04503@gmail.com
APP04504,Amina,Mutua,23,Female,C001,Certificate,aminamutuaapp04504@gmail.com
APP04505,Purity,Kiptoo,31,Female,C004,Diploma,puritykiptooapp04505@gmail.com
APP04506,Christine,Njoroge,22,Female,C007,KCSE,christinenjorogeapp04506@gmail.com
APP04507,Brenda,Ali,25,Female,C008,Diploma,brendaaliapp04507@gmail.com
APP04508,Fatma,Wambui,24,Female,C007,Diploma,fatmawambuiapp04508@gmail.com
APP04509,Faith,Wambui,21,Female,C008,KCSE,faithwambuiapp04509@hotmail.com
APP04510,Janet,Ali,23,Female,C002,Diploma,janetaliapp04510@gmail.com
APP04511,Steve,Gitau,26,Male,C004,Diploma,stevegitauapp04511@gmail.com
APP04512,Edna,Kariuki,21,Female,C002,KCSE,ednakariukiapp04512@gmail.com
APP04513,Kevin,Muli,27,Male,C003,Certificate,kevinmuliapp04513@yahoo.com
APP04514,Beatrice,Ouma,20,Female,C008,Diploma,beatriceoumaapp04514@gmail.com
APP04515,Grace,Mwangi,23,Female,C007,KCSE,gracemwangiapp04515@gmail.com
APP04516,Caroline,Chebet,24,Female,C002,KCSE,carolinechebetapp04516@gmail.com
APP04517,Dorcas,Wanjiku,20,Female,C006,KCSE,dorcaswanjikuapp04517@gmail.com
APP04518,Charles,Wanjiku,25,Male,C003,Bachelor's,charleswanjikuapp04518@gmail.com
APP04519,Christine,Ali,34,Female,C008,Bachelor's,christinealiapp04519@yahoo.com
APP04520,Paul,Juma,29,Male,C008,Bachelor's,pauljumaapp04520@gmail.com
APP04521,Fatma,Rotich,19,Female,C002,KCSE,fatmarotichapp04521@gmail.com
APP04522,Janet,Mutua,18,Female,C007,KCSE,janetmutuaapp04522@yahoo.com
APP04523,Dorcas,Mwangi,25,Female,C006,Diploma,dorcasmwangiapp04523@gmail.com
APP04524,Mercy,Ndungu,33,Female,C003,Diploma,mercyndunguapp04524@gmail.com
APP04525,Mary,Koech,20,Female,C006,Certificate,marykoechapp04525@gmail.com
APP04526,Dorcas,Rotich,24,Female,C002,Certificate,dorcasrotichapp04526@gmail.com
APP04527,Mercy,Ali,21,Female,C001,Diploma,mercyaliapp04527@gmail.com
APP04528,Sharon,Wanjiku,20,Female,C006,Certificate,sharonwanjikuapp04528@gmail.com
APP04529,Purity,Gitau,27,Female,C007,Certificate,puritygitauapp04529@yahoo.com
APP04530,Ann,Abdalla,24,Female,C006,KCSE,annabdallaapp04530@gmail.com
APP04531,Diana,Muli,34,Female,C002,Bachelor's,dianamuliapp04531@gmail.com
APP04532,Mercy,Njoroge,24,Female,C005,Certificate,mercynjorogeapp04532@gmail.com
APP04533,Dennis,Khalfan,26,Male,C009,Diploma,denniskhalfanapp04533@yahoo.com
APP04534,Kevin,Rotich,18,Male,C003,KCSE,kevinrotichapp04534@gmail.com
APP04535,Mercy,Abdalla,21,Female,C006,KCSE,mercyabdallaapp04535@yahoo.com
APP04536,Purity,Odhiambo,34,Female,C007,Diploma,purityodhiamboapp04536@gmail.com
APP04537,Jackline,Nyambura,34,Female,C001,Diploma,jacklinenyamburaapp04537@gmail.com
APP04538,Janet,Gitau,33,Female,C004,Bachelor's,janetgitauapp04538@gmail.com
APP04539,Hellen,Ali,21,Female,C003,KCSE,hellenaliapp04539@gmail.com
APP04540,Janet,Omondi,18,Female,C006,KCSE,janetomondiapp04540@gmail.com
APP04541,Peter,Wanjiku,25,Male,C001,KCSE,peterwanjikuapp04541@gmail.com
APP04542,Mohamed,Mohamed,20,Male,C003,Diploma,mohamedmohamedapp04542@gmail.com
APP04543,Edna,Kamau,25,Female,C001,Bachelor's,ednakamauapp04543@gmail.com
APP04544,Ann,Njoroge,28,Female,C006,Diploma,annnjorogeapp04544@gmail.com
APP04545,Esther,Musyoka,19,Female,C004,KCSE,esthermusyokaapp04545@gmail.com
APP04546,Christine,Ndungu,26,Female,C007,KCSE,christinendunguapp04546@gmail.com
APP04547,Brenda,Koech,22,Female,C003,KCSE,brendakoechapp04547@gmail.com
APP04548,Beatrice,Maina,32,Female,C005,Bachelor's,beatricemainaapp04548@gmail.com
APP04549,Mercy,Njoroge,18,Female,C007,Diploma,mercynjorogeapp04549@gmail.com
APP04550,Purity,Rotich,21,Female,C005,KCSE,purityrotichapp04550@hotmail.com
APP04551,Eunice,Ndungu,28,Female,C002,Bachelor's,eunicendunguapp04551@gmail.com
APP04552,Diana,Koech,21,Female,C001,KCSE,dianakoechapp04552@gmail.com
APP04553,Hellen,Kamau,23,Female,C001,Certificate,hellenkamauapp04553@gmail.com
APP04554,John,Mohamed,21,Male,C003,KCSE,johnmohamedapp04554@gmail.com
APP04555,Ali,Wambui,32,Male,C001,Bachelor's,aliwambuiapp04555@gmail.com
APP04556,Ann,Odhiambo,19,Female,C002,KCSE,annodhiamboapp04556@outlook.com
APP04557,Eric,Chebet,21,Male,C003,KCSE,ericchebetapp04557@gmail.com
APP04558,Rose,Wambui,21,Female,C007,Diploma,rosewambuiapp04558@yahoo.com
APP04559,Mohamed,Kariuki,26,Male,C008,Diploma,mohamedkariukiapp04559@gmail.com
APP04560,Hassan,Chebet,22,Male,C008,KCSE,hassanchebetapp04560@gmail.com
APP04561,Grace,Mwangi,33,Female,C001,Bachelor's,gracemwangiapp04561@gmail.com
APP04562,Samuel,Njoroge,25,Male,C001,Certificate,samuelnjorogeapp04562@gmail.com
APP04563,Dorcas,Khalfan,21,Female,C008,KCSE,dorcaskhalfanapp04563@gmail.com
APP04564,Aisha,Nyambura,24,Female,C003,Certificate,aishanyamburaapp04564@gmail.com
APP04565,Joy,Odhiambo,27,Female,C007,KCSE,joyodhiamboapp04565@gmail.com
APP04566,Aisha,Nyambura,22,Female,C004,KCSE,aishanyamburaapp04566@gmail.com
APP04567,Hellen,Khalfan,20,Female,C008,KCSE,hellenkhalfanapp04567@gmail.com
APP04568,Beatrice,Makena,18,Female,C001,KCSE,beatricemakenaapp04568@gmail.com
APP04569,Sharon,Gitau,25,Female,C007,Diploma,sharongitauapp04569@outlook.com
APP04570,Hellen,Musyoka,18,Female,C008,KCSE,hellenmusyokaapp04570@gmail.com
APP04571,Victor,Musyoka,24,Male,C001,Diploma,victormusyokaapp04571@gmail.com
APP04572,Diana,Kamau,19,Female,C001,KCSE,dianakamauapp04572@gmail.com
APP04573,Mohamed,Njoroge,23,Male,C002,KCSE,mohamednjorogeapp04573@gmail.com
APP04574,Mohamed,Nyambura,35,Male,C007,Bachelor's,mohamednyamburaapp04574@gmail.com
APP04575,Lydia,Makena,20,Female,C008,KCSE,lydiamakenaapp04575@gmail.com
APP04576,Faith,Wanjiku,31,Female,C002,Master's,faithwanjikuapp04576@gmail.com
APP04577,Diana,Ouma,18,Female,C003,Certificate,dianaoumaapp04577@yahoo.com
APP04578,Eunice,Kariuki,22,Female,C001,KCSE,eunicekariukiapp04578@gmail.com
APP04579,Edna,Kariuki,34,Female,C003,Bachelor's,ednakariukiapp04579@gmail.com
APP04580,Eunice,Muli,20,Female,C001,KCSE,eunicemuliapp04580@gmail.com
APP04581,Rose,Maina,20,Female,C008,KCSE,rosemainaapp04581@outlook.com
APP04582,Grace,Mutua,23,Female,C008,Diploma,gracemutuaapp04582@outlook.com
APP04583,Mary,Maina,25,Female,C001,Certificate,marymainaapp04583@gmail.com
APP04584,Ann,Makena,18,Female,C002,Certificate,annmakenaapp04584@gmail.com
APP04585,Ann,Kiptoo,31,Female,C004,Bachelor's,annkiptooapp04585@yahoo.com
APP04586,Naomi,Njoroge,26,Female,C002,Bachelor's,naominjorogeapp04586@yahoo.com
APP04587,Amina,Munyao,23,Female,C008,Diploma,aminamunyaoapp04587@gmail.com
APP04588,Victor,Abdalla,18,Male,C009,Diploma,victorabdallaapp04588@gmail.com
APP04589,Purity,Ali,23,Female,C005,Certificate,purityaliapp04589@gmail.com
APP04590,Faith,Ouma,25,Female,C001,Diploma,faithoumaapp04590@yahoo.com
APP04591,Faith,Odhiambo,23,Female,C004,Certificate,faithodhiamboapp04591@gmail.com
APP04592,Grace,Kiptoo,21,Female,C009,KCSE,gracekiptooapp04592@gmail.com
APP04593,Diana,Nyambura,19,Female,C008,KCSE,diananyamburaapp04593@gmail.com
APP04594,Fatma,Mohamed,21,Female,C003,Certificate,fatmamohamedapp04594@gmail.com
APP04595,Mary,Otieno,26,Female,C007,Diploma,maryotienoapp04595@gmail.com
APP04596,Dorcas,Rotich,34,Female,C008,Master's,dorcasrotichapp04596@gmail.com
APP04597,Edna,Nyongesa,20,Female,C004,Diploma,ednanyongesaapp04597@yahoo.com
APP04598,Jackline,Muli,24,Female,C001,Diploma,jacklinemuliapp04598@gmail.com
APP04599,Mary,Musyoka,27,Female,C004,KCSE,marymusyokaapp04599@gmail.com
APP04600,Beatrice,Nyongesa,23,Female,C002,Diploma,beatricenyongesaapp04600@gmail.com
APP04601,Lydia,Otieno,27,Female,C006,KCSE,lydiaotienoapp04601@gmail.com
APP04602,Hellen,Odhiambo,27,Female,C001,Certificate,hellenodhiamboapp04602@yahoo.com
APP04603,Eric,Ali,24,Male,C001,Bachelor's,ericaliapp04603@yahoo.com
APP04604,Eunice,Wambui,22,Female,C003,KCSE,eunicewambuiapp04604@yahoo.com
APP04605,Mary,Wanjiku,18,Female,C002,KCSE,marywanjikuapp04605@gmail.com
APP04606,Amina,Kiptoo,23,Female,C007,Diploma,aminakiptooapp04606@gmail.com
APP04607,Mercy,Ali,23,Female,C008,Diploma,mercyaliapp04607@gmail.com
APP04608,Naomi,Wambui,18,Female,C001,Certificate,naomiwambuiapp04608@gmail.com
APP04609,Gladys,Kamau,24,Female,C006,Certificate,gladyskamauapp04609@gmail.com
APP04610,Edna,Musyoka,19,Female,C001,KCSE,ednamusyokaapp04610@gmail.com
APP04611,Dorcas,Kamau,21,Female,C001,KCSE,dorcaskamauapp04611@gmail.com
APP04612,Eunice,Nyambura,22,Female,C001,KCSE,eunicenyamburaapp04612@outlook.com
APP04613,Joy,Abdalla,33,Female,C007,Bachelor's,joyabdallaapp04613@gmail.com
APP04614,Esther,Rotich,35,Female,C004,Master's,estherrotichapp04614@gmail.com
APP04615,Amina,Munyao,19,Female,C004,KCSE,aminamunyaoapp04615@gmail.com
APP04616,Brenda,Ali,22,Female,C001,KCSE,brendaaliapp04616@gmail.com
APP04617,Ann,Ndungu,19,Female,C001,KCSE,annndunguapp04617@gmail.com
APP04618,Caroline,Nyambura,27,Female,C001,Diploma,carolinenyamburaapp04618@gmail.com
APP04619,Diana,Musyoka,23,Female,C002,KCSE,dianamusyokaapp04619@gmail.com
APP04620,Eunice,Gitau,19,Female,C008,Certificate,eunicegitauapp04620@gmail.com
APP04621,Caroline,Abdalla,24,Female,C002,Bachelor's,carolineabdallaapp04621@gmail.com
APP04622,Mark,Kiptoo,23,Male,C001,Bachelor's,markkiptooapp04622@gmail.com
APP04623,Esther,Musyoka,19,Female,C008,KCSE,esthermusyokaapp04623@yahoo.com
APP04624,Christine,Makena,33,Female,C008,Bachelor's,christinemakenaapp04624@gmail.com
APP04625,Mary,Mutua,18,Female,C006,KCSE,marymutuaapp04625@outlook.com
APP04626,Steve,Omondi,21,Male,C009,Certificate,steveomondiapp04626@gmail.com
APP04627,Mary,Mwangi,26,Female,C009,Diploma,marymwangiapp04627@gmail.com
APP04628,Caroline,Ndungu,19,Female,C007,Diploma,carolinendunguapp04628@gmail.com
APP04629,Steve,Omondi,31,Male,C005,Bachelor's,steveomondiapp04629@hotmail.com
APP04630,Faith,Muli,27,Female,C007,Certificate,faithmuliapp04630@gmail.com
APP04631,Janet,Munyao,26,Female,C003,KCSE,janetmunyaoapp04631@gmail.com
APP04632,Irene,Rotich,18,Female,C001,Diploma,irenerotichapp04632@yahoo.com
APP04633,John,Nyambura,30,Male,C006,Diploma,johnnyamburaapp04633@gmail.com
APP04634,Diana,Gitau,19,Female,C005,KCSE,dianagitauapp04634@gmail.com
APP04635,Sharon,Kamau,23,Female,C007,Certificate,sharonkamauapp04635@gmail.com
APP04636,Grace,Koech,19,Female,C005,Diploma,gracekoechapp04636@gmail.com
APP04637,Janet,Kamau,20,Female,C002,Certificate,janetkamauapp04637@yahoo.com
APP04638,Rose,Kamau,20,Female,C008,Certificate,rosekamauapp04638@outlook.com
APP04639,Ann,Gitau,30,Female,C009,Diploma,anngitauapp04639@yahoo.com
APP04640,Fatma,Kariuki,21,Female,C003,KCSE,fatmakariukiapp04640@yahoo.com
APP04641,Mary,Rotich,26,Female,C007,Certificate,maryrotichapp04641@gmail.com
APP04642,Sharon,Muli,30,Female,C008,Diploma,sharonmuliapp04642@gmail.com
APP04643,Dorcas,Koech,33,Female,C009,Bachelor's,dorcaskoechapp04643@yahoo.com
APP04644,Mercy,Kiptoo,26,Female,C003,Certificate,mercykiptooapp04644@gmail.com
APP04645,Mercy,Odhiambo,32,Female,C008,Diploma,mercyodhiamboapp04645@gmail.com
APP04646,Dorcas,Makena,23,Female,C005,Certificate,dorcasmakenaapp04646@gmail.com
APP04647,Mercy,Otieno,24,Female,C004,Diploma,mercyotienoapp04647@hotmail.com
APP04648,Fatma,Omondi,22,Female,C009,KCSE,fatmaomondiapp04648@gmail.com
APP04649,Faith,Ouma,25,Female,C007,Certificate,faithoumaapp04649@gmail.com
APP04650,Janet,Musyoka,24,Female,C008,Certificate,janetmusyokaapp04650@gmail.com
APP04651,Dorcas,Mohamed,24,Female,C006,Certificate,dorcasmohamedapp04651@gmail.com
APP04652,Sharon,Maina,22,Female,C007,KCSE,sharonmainaapp04652@gmail.com
APP04653,Amina,Ali,31,Female,C001,Bachelor's,aminaaliapp04653@gmail.com
APP04654,Eric,Juma,20,Male,C001,KCSE,ericjumaapp04654@gmail.com
APP04655,Edna,Barasa,21,Female,C007,KCSE,ednabarasaapp04655@yahoo.com
APP04656,Diana,Makena,27,Female,C007,Diploma,dianamakenaapp04656@gmail.com
APP04657,Caroline,Mutua,24,Female,C003,Diploma,carolinemutuaapp04657@hotmail.com
APP04658,Joy,Muli,22,Female,C005,Diploma,joymuliapp04658@gmail.com
APP04659,Aisha,Barasa,27,Female,C009,KCSE,aishabarasaapp04659@gmail.com
APP04660,Purity,Musyoka,23,Female,C005,Certificate,puritymusyokaapp04660@gmail.com
APP04661,Janet,Gitau,25,Female,C007,Certificate,janetgitauapp04661@outlook.com
APP04662,Brenda,Makena,31,Female,C008,Bachelor's,brendamakenaapp04662@gmail.com
APP04663,Janet,Wambui,22,Female,C009,Certificate,janetwambuiapp04663@gmail.com
APP04664,Faith,Musyoka,24,Female,C001,Certificate,faithmusyokaapp04664@gmail.com
APP04665,Christine,Wambui,24,Female,C002,KCSE,christinewambuiapp04665@gmail.com
APP04666,Janet,Mutua,23,Female,C005,KCSE,janetmutuaapp04666@yahoo.com
APP04667,Janet,Kamau,26,Female,C008,Certificate,janetkamauapp04667@yahoo.com
APP04668,Edna,Odhiambo,27,Female,C007,Diploma,ednaodhiamboapp04668@gmail.com
APP04669,Paul,Kiptoo,27,Male,C003,Diploma,paulkiptooapp04669@yahoo.com
APP04670,Daniel,Nyambura,27,Male,C009,KCSE,danielnyamburaapp04670@gmail.com
APP04671,Beatrice,Mutua,18,Female,C007,KCSE,beatricemutuaapp04671@gmail.com
APP04672,Rose,Mohamed,19,Female,C003,KCSE,rosemohamedapp04672@gmail.com
APP04673,Grace,Kamau,24,Female,C001,Diploma,gracekamauapp04673@outlook.com
APP04674,Amina,Munyao,21,Female,C007,Diploma,aminamunyaoapp04674@outlook.com
APP04675,Halima,Odhiambo,25,Female,C002,Certificate,halimaodhiamboapp04675@gmail.com
APP04676,Hellen,Koech,31,Female,C003,Bachelor's,hellenkoechapp04676@gmail.com
APP04677,Faith,Omondi,20,Female,C009,KCSE,faithomondiapp04677@gmail.com
APP04678,Eunice,Abdalla,34,Female,C008,Master's,euniceabdallaapp04678@outlook.com
APP04679,Diana,Njoroge,21,Female,C005,Diploma,diananjorogeapp04679@yahoo.com
APP04680,Mary,Otieno,18,Female,C003,KCSE,maryotienoapp04680@gmail.com
APP04681,Mercy,Kiptoo,21,Female,C007,KCSE,mercykiptooapp04681@gmail.com
APP04682,Irene,Wanjiku,32,Female,C008,Diploma,irenewanjikuapp04682@gmail.com
APP04683,Zainab,Rotich,27,Female,C004,Certificate,zainabrotichapp04683@gmail.com
APP04684,Beatrice,Njoroge,30,Female,C009,Bachelor's,beatricenjorogeapp04684@yahoo.com
APP04685,Diana,Koech,25,Female,C007,Diploma,dianakoechapp04685@gmail.com
APP04686,Grace,Koech,21,Female,C001,KCSE,gracekoechapp04686@outlook.com
APP04687,Sharon,Wanjiku,27,Female,C007,KCSE,sharonwanjikuapp04687@gmail.com
APP04688,Lydia,Mwangi,19,Female,C001,KCSE,lydiamwangiapp04688@gmail.com
APP04689,Brenda,Njoroge,21,Female,C001,Certificate,brendanjorogeapp04689@gmail.com
APP04690,Charles,Wambui,28,Male,C005,Master's,charleswambuiapp04690@gmail.com
APP04691,Joy,Musyoka,24,Female,C003,Diploma,joymusyokaapp04691@outlook.com
APP04692,Caroline,Mwangi,19,Female,C001,KCSE,carolinemwangiapp04692@gmail.com
APP04693,Diana,Ali,22,Female,C001,KCSE,dianaaliapp04693@gmail.com
APP04694,Jackline,Muli,35,Female,C007,Bachelor's,jacklinemuliapp04694@gmail.com
APP04695,Fatma,Barasa,26,Female,C005,Diploma,fatmabarasaapp04695@gmail.com
APP04696,Naomi,Kariuki,18,Female,C002,KCSE,naomikariukiapp04696@gmail.com
APP04697,Esther,Makena,21,Female,C007,Certificate,esthermakenaapp04697@gmail.com
APP04698,Caroline,Munyao,23,Female,C001,Diploma,carolinemunyaoapp04698@gmail.com
APP04699,Mercy,Koech,23,Female,C001,Certificate,mercykoechapp04699@outlook.com
APP04700,Zainab,Mwangi,26,Female,C006,Certificate,zainabmwangiapp04700@gmail.com
APP04701,Brenda,Barasa,34,Female,C009,Bachelor's,brendabarasaapp04701@gmail.com
APP04702,Purity,Gitau,27,Female,C001,Certificate,puritygitauapp04702@outlook.com
APP04703,Eunice,Kariuki,25,Female,C005,KCSE,eunicekariukiapp04703@gmail.com
APP04704,Dorcas,Njoroge,21,Female,C001,Diploma,dorcasnjorogeapp04704@gmail.com
APP04705,Grace,Ali,22,Female,C006,Certificate,gracealiapp04705@gmail.com
APP04706,Sharon,Otieno,34,Female,C002,Bachelor's,sharonotienoapp04706@gmail.com
APP04707,Mercy,Nyambura,22,Female,C001,Certificate,mercynyamburaapp04707@gmail.com
APP04708,Eunice,Chebet,34,Female,C006,Diploma,eunicechebetapp04708@gmail.com
APP04709,Eunice,Mohamed,22,Female,C001,Certificate,eunicemohamedapp04709@gmail.com
APP04710,Hellen,Koech,19,Female,C009,KCSE,hellenkoechapp04710@gmail.com
APP04711,Lydia,Njoroge,32,Female,C008,Diploma,lydianjorogeapp04711@gmail.com
APP04712,Aisha,Chebet,20,Female,C001,Certificate,aishachebetapp04712@yahoo.com
APP04713,Eunice,Ouma,21,Female,C001,Diploma,euniceoumaapp04713@gmail.com
APP04714,Hellen,Njoroge,22,Female,C007,KCSE,hellennjorogeapp04714@gmail.com
APP04715,Steve,Otieno,25,Male,C008,Diploma,steveotienoapp04715@gmail.com
APP04716,Sharon,Otieno,29,Female,C005,Diploma,sharonotienoapp04716@outlook.com
APP04717,Amina,Mwangi,18,Female,C008,KCSE,aminamwangiapp04717@hotmail.com
APP04718,Martin,Njoroge,23,Male,C008,Diploma,martinnjorogeapp04718@gmail.com
APP04719,Zainab,Ndungu,22,Female,C008,KCSE,zainabndunguapp04719@gmail.com
APP04720,Lydia,Muli,20,Female,C001,KCSE,lydiamuliapp04720@gmail.com
APP04721,Zainab,Munyao,22,Female,C006,Certificate,zainabmunyaoapp04721@outlook.com
APP04722,Faith,Nyambura,24,Female,C003,Diploma,faithnyamburaapp04722@gmail.com
APP04723,Fatma,Ali,22,Female,C007,KCSE,fatmaaliapp04723@gmail.com
APP04724,Hellen,Omondi,18,Female,C003,Certificate,hellenomondiapp04724@yahoo.com
APP04725,Eunice,Musyoka,18,Female,C002,Diploma,eunicemusyokaapp04725@outlook.com
APP04726,Beatrice,Kiptoo,19,Female,C004,KCSE,beatricekiptooapp04726@gmail.com
APP04727,Edna,Maina,29,Female,C001,Diploma,ednamainaapp04727@gmail.com
APP04728,Diana,Koech,24,Female,C003,Diploma,dianakoechapp04728@gmail.com
APP04729,Zainab,Mohamed,26,Female,C002,Certificate,zainabmohamedapp04729@gmail.com
APP04730,Zainab,Kariuki,26,Female,C004,KCSE,zainabkariukiapp04730@yahoo.com
APP04731,Gladys,Maina,25,Female,C004,Bachelor's,gladysmainaapp04731@outlook.com
APP04732,Aisha,Kariuki,19,Female,C006,KCSE,aishakariukiapp04732@hotmail.com
APP04733,Gladys,Barasa,26,Female,C007,Certificate,gladysbarasaapp04733@gmail.com
APP04734,Hellen,Mwangi,22,Female,C001,KCSE,hellenmwangiapp04734@gmail.com
APP04735,Joy,Kiptoo,27,Female,C001,Diploma,joykiptooapp04735@gmail.com
APP04736,Amina,Ouma,19,Female,C009,Certificate,aminaoumaapp04736@gmail.com
APP04737,Zainab,Wambui,22,Female,C007,KCSE,zainabwambuiapp04737@yahoo.com
APP04738,Christine,Musyoka,26,Female,C006,Diploma,christinemusyokaapp04738@gmail.com
APP04739,Brenda,Ndungu,24,Female,C001,Diploma,brendandunguapp04739@yahoo.com
APP04740,Janet,Barasa,33,Female,C007,Bachelor's,janetbarasaapp04740@gmail.com
APP04741,Brenda,Abdalla,19,Female,C002,KCSE,brendaabdallaapp04741@outlook.com
APP04742,Janet,Maina,22,Female,C001,KCSE,janetmainaapp04742@yahoo.com
APP04743,Joseph,Mwangi,19,Male,C009,KCSE,josephmwangiapp04743@gmail.com
APP04744,Purity,Ouma,22,Female,C009,KCSE,purityoumaapp04744@gmail.com
APP04745,Aisha,Mohamed,21,Female,C005,KCSE,aishamohamedapp04745@yahoo.com
APP04746,Grace,Kariuki,21,Female,C004,Diploma,gracekariukiapp04746@gmail.com
APP04747,Halima,Mohamed,20,Female,C007,KCSE,halimamohamedapp04747@gmail.com
APP04748,Fatma,Kariuki,19,Female,C009,Certificate,fatmakariukiapp04748@gmail.com
APP04749,Jackline,Njoroge,19,Female,C001,KCSE,jacklinenjorogeapp04749@hotmail.com
APP04750,Collins,Mwangi,19,Male,C009,KCSE,collinsmwangiapp04750@outlook.com
APP04751,Ann,Mwangi,24,Female,C007,Certificate,annmwangiapp04751@gmail.com
APP04752,Naomi,Kamau,20,Female,C008,KCSE,naomikamauapp04752@gmail.com
APP04753,Edna,Koech,20,Female,C005,KCSE,ednakoechapp04753@yahoo.com
APP04754,Zainab,Ali,18,Female,C009,KCSE,zainabaliapp04754@gmail.com
APP04755,Jackline,Ali,19,Female,C001,Diploma,jacklinealiapp04755@gmail.com
APP04756,Rose,Mwangi,26,Female,C001,KCSE,rosemwangiapp04756@gmail.com
APP04757,Halima,Ndungu,18,Female,C002,KCSE,halimandunguapp04757@gmail.com
APP04758,Aisha,Odhiambo,19,Female,C001,KCSE,aishaodhiamboapp04758@gmail.com
APP04759,Eunice,Nyambura,18,Female,C009,KCSE,eunicenyamburaapp04759@gmail.com
APP04760,Naomi,Maina,30,Female,C009,Bachelor's,naomimainaapp04760@gmail.com
APP04761,Eric,Kamau,27,Male,C005,Diploma,erickamauapp04761@gmail.com
APP04762,Lydia,Gitau,34,Female,C006,Bachelor's,lydiagitauapp04762@gmail.com
APP04763,Beatrice,Rotich,33,Female,C002,Bachelor's,beatricerotichapp04763@gmail.com
APP04764,Caroline,Koech,27,Female,C003,KCSE,carolinekoechapp04764@outlook.com
APP04765,Naomi,Wambui,19,Female,C003,Certificate,naomiwambuiapp04765@outlook.com
APP04766,Steve,Koech,23,Male,C002,KCSE,stevekoechapp04766@yahoo.com
APP04767,Caroline,Kariuki,22,Female,C008,KCSE,carolinekariukiapp04767@outlook.com
APP04768,Lydia,Nyambura,25,Female,C007,KCSE,lydianyamburaapp04768@gmail.com
APP04769,Sharon,Mutua,26,Female,C002,Certificate,sharonmutuaapp04769@gmail.com
APP04770,Esther,Mohamed,24,Female,C006,Bachelor's,esthermohamedapp04770@yahoo.com
APP04771,Faith,Kamau,21,Female,C004,KCSE,faithkamauapp04771@gmail.com
APP04772,Rose,Nyongesa,32,Female,C008,Bachelor's,rosenyongesaapp04772@gmail.com
APP04773,Diana,Wambui,19,Female,C007,KCSE,dianawambuiapp04773@yahoo.com
APP04774,Halima,Mohamed,20,Female,C001,KCSE,halimamohamedapp04774@gmail.com
APP04775,Jackline,Muli,19,Female,C001,KCSE,jacklinemuliapp04775@gmail.com
APP04776,Zainab,Odhiambo,24,Female,C008,Bachelor's,zainabodhiamboapp04776@gmail.com
APP04777,Irene,Omondi,22,Female,C006,KCSE,ireneomondiapp04777@yahoo.com
APP04778,Mercy,Kariuki,22,Female,C006,Certificate,mercykariukiapp04778@gmail.com
APP04779,Zainab,Muli,19,Female,C007,KCSE,zainabmuliapp04779@outlook.com
APP04780,Eunice,Otieno,18,Female,C001,KCSE,euniceotienoapp04780@gmail.com
APP04781,Esther,Njoroge,30,Female,C007,Master's,esthernjorogeapp04781@gmail.com
APP04782,Halima,Koech,26,Female,C005,Diploma,halimakoechapp04782@gmail.com
APP04783,Mercy,Nyambura,20,Female,C002,KCSE,mercynyamburaapp04783@outlook.com
APP04784,Mary,Mohamed,21,Female,C001,KCSE,marymohamedapp04784@gmail.com
APP04785,Zainab,Juma,27,Female,C006,Diploma,zainabjumaapp04785@hotmail.com
APP04786,Christine,Chebet,26,Female,C006,Diploma,christinechebetapp04786@yahoo.com
APP04787,Zainab,Kariuki,22,Female,C009,KCSE,zainabkariukiapp04787@yahoo.com
APP04788,Ann,Kariuki,19,Female,C007,Certificate,annkariukiapp04788@yahoo.com
APP04789,Sharon,Chebet,18,Female,C006,KCSE,sharonchebetapp04789@gmail.com
APP04790,Amina,Koech,30,Female,C007,Bachelor's,aminakoechapp04790@gmail.com
APP04791,Christine,Nyongesa,23,Female,C001,Diploma,christinenyongesaapp04791@gmail.com
APP04792,Christine,Abdalla,27,Female,C001,KCSE,christineabdallaapp04792@gmail.com
APP04793,Gladys,Nyongesa,30,Female,C008,Master's,gladysnyongesaapp04793@gmail.com
APP04794,Janet,Juma,24,Female,C001,Certificate,janetjumaapp04794@gmail.com
APP04795,Esther,Ali,18,Female,C001,Certificate,estheraliapp04795@yahoo.com
APP04796,Halima,Ndungu,20,Female,C003,KCSE,halimandunguapp04796@gmail.com
APP04797,Amina,Gitau,29,Female,C001,Diploma,aminagitauapp04797@gmail.com
APP04798,Mercy,Mohamed,19,Female,C001,KCSE,mercymohamedapp04798@gmail.com
APP04799,Steve,Barasa,28,Male,C001,Bachelor's,stevebarasaapp04799@gmail.com
APP04800,Brenda,Chebet,18,Female,C004,KCSE,brendachebetapp04800@outlook.com
APP04801,Brenda,Khalfan,30,Female,C005,Master's,brendakhalfanapp04801@outlook.com
APP04802,Purity,Nyongesa,28,Female,C003,Bachelor's,puritynyongesaapp04802@gmail.com
APP04803,Gladys,Mwangi,33,Female,C002,Diploma,gladysmwangiapp04803@yahoo.com
APP04804,Faith,Nyongesa,18,Female,C008,Diploma,faithnyongesaapp04804@yahoo.com
APP04805,Aisha,Ndungu,19,Female,C009,KCSE,aishandunguapp04805@gmail.com
APP04806,Janet,Mutua,25,Female,C008,Certificate,janetmutuaapp04806@gmail.com
APP04807,Halima,Ndungu,26,Female,C007,Certificate,halimandunguapp04807@gmail.com
APP04808,Samuel,Maina,22,Male,C001,KCSE,samuelmainaapp04808@gmail.com
APP04809,Joy,Musyoka,25,Female,C005,Diploma,joymusyokaapp04809@yahoo.com
APP04810,Rose,Ndungu,33,Female,C004,Bachelor's,rosendunguapp04810@yahoo.com
APP04811,Christine,Mutua,19,Female,C001,KCSE,christinemutuaapp04811@gmail.com
APP04812,Lydia,Ndungu,20,Female,C003,Certificate,lydiandunguapp04812@gmail.com
APP04813,Dorcas,Khalfan,19,Female,C008,KCSE,dorcaskhalfanapp04813@gmail.com
APP04814,Edna,Wanjiku,34,Female,C003,Diploma,ednawanjikuapp04814@gmail.com
APP04815,Joy,Njoroge,24,Female,C006,Diploma,joynjorogeapp04815@gmail.com
APP04816,Jackline,Chebet,25,Female,C007,KCSE,jacklinechebetapp04816@gmail.com
APP04817,Sharon,Njoroge,34,Female,C009,Bachelor's,sharonnjorogeapp04817@gmail.com
APP04818,Mercy,Juma,30,Female,C006,Bachelor's,mercyjumaapp04818@gmail.com
APP04819,Joy,Chebet,21,Female,C002,Certificate,joychebetapp04819@gmail.com
APP04820,Lydia,Ndungu,21,Female,C009,KCSE,lydiandunguapp04820@gmail.com
APP04821,Halima,Chebet,32,Female,C005,Diploma,halimachebetapp04821@gmail.com
APP04822,Aisha,Ouma,19,Female,C007,Certificate,aishaoumaapp04822@gmail.com
APP04823,Zainab,Ouma,26,Female,C005,Bachelor's,zainaboumaapp04823@gmail.com
APP04824,Lydia,Wanjiku,27,Female,C008,Certificate,lydiawanjikuapp04824@gmail.com
APP04825,Mercy,Juma,20,Female,C008,KCSE,mercyjumaapp04825@gmail.com
APP04826,Jackline,Ouma,34,Female,C007,Diploma,jacklineoumaapp04826@hotmail.com
APP04827,Beatrice,Khalfan,30,Female,C004,Master's,beatricekhalfanapp04827@gmail.com
APP04828,Brian,Muli,19,Male,C002,Certificate,brianmuliapp04828@outlook.com
APP04829,Brian,Abdalla,23,Male,C003,Diploma,brianabdallaapp04829@outlook.com
APP04830,Mary,Makena,23,Female,C001,Diploma,marymakenaapp04830@gmail.com
APP04831,Eunice,Nyambura,22,Female,C007,KCSE,eunicenyamburaapp04831@outlook.com
APP04832,Eunice,Odhiambo,19,Female,C001,KCSE,euniceodhiamboapp04832@gmail.com
APP04833,Sharon,Koech,20,Female,C003,KCSE,sharonkoechapp04833@gmail.com
APP04834,Jackline,Koech,20,Female,C008,KCSE,jacklinekoechapp04834@yahoo.com
APP04835,Mercy,Juma,29,Female,C008,Bachelor's,mercyjumaapp04835@yahoo.com
APP04836,Faith,Rotich,21,Female,C002,KCSE,faithrotichapp04836@outlook.com
APP04837,Sharon,Kariuki,32,Female,C001,Bachelor's,sharonkariukiapp04837@gmail.com
APP04838,Halima,Omondi,19,Female,C008,KCSE,halimaomondiapp04838@gmail.com
APP04839,Mercy,Ali,27,Female,C009,Diploma,mercyaliapp04839@gmail.com
APP04840,Caroline,Otieno,26,Female,C008,Certificate,carolineotienoapp04840@outlook.com
APP04841,Mercy,Mohamed,21,Female,C001,KCSE,mercymohamedapp04841@yahoo.com
APP04842,Esther,Rotich,27,Female,C007,Certificate,estherrotichapp04842@gmail.com
APP04843,Esther,Rotich,18,Female,C001,Certificate,estherrotichapp04843@gmail.com
APP04844,Diana,Mohamed,19,Female,C001,KCSE,dianamohamedapp04844@gmail.com
APP04845,Brenda,Gitau,23,Female,C003,Diploma,brendagitauapp04845@gmail.com
APP04846,Diana,Nyambura,18,Female,C002,KCSE,diananyamburaapp04846@gmail.com
APP04847,Caroline,Juma,30,Female,C002,Master's,carolinejumaapp04847@outlook.com
APP04848,Fatma,Wanjiku,18,Female,C001,Diploma,fatmawanjikuapp04848@gmail.com
APP04849,Emmanuel,Khalfan,24,Male,C001,Bachelor's,emmanuelkhalfanapp04849@yahoo.com
APP04850,Daniel,Ndungu,26,Male,C007,Diploma,danielndunguapp04850@outlook.com
APP04851,Fatma,Omondi,26,Female,C003,Certificate,fatmaomondiapp04851@gmail.com
APP04852,Naomi,Musyoka,21,Female,C008,KCSE,naomimusyokaapp04852@gmail.com
APP04853,Naomi,Omondi,28,Female,C005,Master's,naomiomondiapp04853@gmail.com
APP04854,Fatma,Ouma,19,Female,C004,Diploma,fatmaoumaapp04854@yahoo.com
APP04855,Christine,Gitau,32,Female,C009,Bachelor's,christinegitauapp04855@gmail.com
APP04856,Beatrice,Juma,23,Female,C004,Diploma,beatricejumaapp04856@outlook.com
APP04857,Brenda,Kiptoo,20,Female,C008,KCSE,brendakiptooapp04857@yahoo.com
APP04858,Jackline,Omondi,26,Female,C007,Diploma,jacklineomondiapp04858@gmail.com
APP04859,Mary,Nyongesa,18,Female,C006,KCSE,marynyongesaapp04859@gmail.com
APP04860,Mary,Kiptoo,18,Female,C005,KCSE,marykiptooapp04860@yahoo.com
APP04861,Beatrice,Munyao,21,Female,C009,KCSE,beatricemunyaoapp04861@gmail.com
APP04862,Grace,Otieno,30,Female,C003,Bachelor's,graceotienoapp04862@gmail.com
APP04863,Mary,Kiptoo,20,Female,C007,KCSE,marykiptooapp04863@gmail.com
APP04864,Edna,Mohamed,25,Female,C007,Certificate,ednamohamedapp04864@gmail.com
APP04865,Fatma,Odhiambo,27,Female,C001,Bachelor's,fatmaodhiamboapp04865@yahoo.com
APP04866,Hassan,Koech,22,Male,C002,KCSE,hassankoechapp04866@gmail.com
APP04867,Hellen,Khalfan,23,Female,C007,Diploma,hellenkhalfanapp04867@gmail.com
APP04868,Esther,Makena,34,Female,C001,Diploma,esthermakenaapp04868@gmail.com
APP04869,Edna,Nyongesa,20,Female,C007,Certificate,ednanyongesaapp04869@gmail.com
APP04870,Hellen,Wanjiku,18,Female,C001,Certificate,hellenwanjikuapp04870@gmail.com
APP04871,Eunice,Ouma,24,Female,C004,Certificate,euniceoumaapp04871@gmail.com
APP04872,Caroline,Omondi,21,Female,C008,KCSE,carolineomondiapp04872@gmail.com
APP04873,Diana,Barasa,18,Female,C007,KCSE,dianabarasaapp04873@gmail.com
APP04874,Zainab,Juma,20,Female,C009,KCSE,zainabjumaapp04874@yahoo.com
APP04875,Beatrice,Kamau,18,Female,C004,KCSE,beatricekamauapp04875@outlook.com
APP04876,Dorcas,Muli,27,Female,C008,KCSE,dorcasmuliapp04876@yahoo.com
APP04877,Caroline,Makena,18,Female,C006,KCSE,carolinemakenaapp04877@gmail.com
APP04878,Grace,Ouma,26,Female,C004,Diploma,graceoumaapp04878@gmail.com
APP04879,Joy,Kiptoo,25,Female,C009,Diploma,joykiptooapp04879@gmail.com
APP04880,Hellen,Juma,21,Female,C001,KCSE,hellenjumaapp04880@gmail.com
APP04881,Hellen,Mohamed,28,Female,C007,Master's,hellenmohamedapp04881@gmail.com
APP04882,Gladys,Wambui,18,Female,C007,KCSE,gladyswambuiapp04882@hotmail.com
APP04883,Eunice,Odhiambo,32,Female,C006,Diploma,euniceodhiamboapp04883@gmail.com
APP04884,Jackline,Munyao,19,Female,C007,Certificate,jacklinemunyaoapp04884@gmail.com
APP04885,Patrick,Otieno,30,Male,C004,Bachelor's,patrickotienoapp04885@outlook.com
APP04886,Edna,Khalfan,20,Female,C003,KCSE,ednakhalfanapp04886@outlook.com
APP04887,Brenda,Abdalla,28,Female,C004,Diploma,brendaabdallaapp04887@gmail.com
APP04888,Caroline,Wambui,21,Female,C001,Diploma,carolinewambuiapp04888@gmail.com
APP04889,Amina,Munyao,21,Female,C007,Diploma,aminamunyaoapp04889@gmail.com
APP04890,Irene,Mohamed,25,Female,C007,Certificate,irenemohamedapp04890@gmail.com
APP04891,Mercy,Wanjiku,22,Female,C008,KCSE,mercywanjikuapp04891@gmail.com
APP04892,Ali,Barasa,22,Male,C001,KCSE,alibarasaapp04892@gmail.com
APP04893,Joy,Ndungu,32,Female,C001,Bachelor's,joyndunguapp04893@yahoo.com
APP04894,Rose,Mutua,20,Female,C003,KCSE,rosemutuaapp04894@outlook.com
APP04895,Esther,Ali,23,Female,C007,KCSE,estheraliapp04895@gmail.com
APP04896,Esther,Omondi,26,Female,C007,Bachelor's,estheromondiapp04896@gmail.com
APP04897,Grace,Nyambura,22,Female,C002,KCSE,gracenyamburaapp04897@gmail.com
APP04898,Amina,Wanjiku,30,Female,C005,Bachelor's,aminawanjikuapp04898@gmail.com
APP04899,Edna,Khalfan,25,Female,C004,Bachelor's,ednakhalfanapp04899@gmail.com
APP04900,Irene,Juma,19,Female,C005,KCSE,irenejumaapp04900@gmail.com
APP04901,Dorcas,Mohamed,23,Female,C003,KCSE,dorcasmohamedapp04901@gmail.com
APP04902,Sharon,Kariuki,19,Female,C009,KCSE,sharonkariukiapp04902@gmail.com
APP04903,Edna,Mohamed,33,Female,C003,Bachelor's,ednamohamedapp04903@gmail.com
APP04904,Brenda,Gitau,26,Female,C007,KCSE,brendagitauapp04904@gmail.com
APP04905,Dorcas,Odhiambo,19,Female,C003,KCSE,dorcasodhiamboapp04905@gmail.com
APP04906,Hellen,Koech,23,Female,C005,Certificate,hellenkoechapp04906@gmail.com
APP04907,Mohamed,Omondi,19,Male,C001,KCSE,mohamedomondiapp04907@gmail.com
APP04908,Peter,Wambui,27,Male,C006,Bachelor's,peterwambuiapp04908@gmail.com
APP04909,Janet,Mwangi,26,Female,C001,Certificate,janetmwangiapp04909@gmail.com
APP04910,Rose,Mutua,21,Female,C001,Diploma,rosemutuaapp04910@gmail.com
APP04911,Caroline,Khalfan,23,Female,C004,Diploma,carolinekhalfanapp04911@gmail.com
APP04912,Naomi,Omondi,26,Female,C001,Diploma,naomiomondiapp04912@gmail.com
APP04913,Naomi,Muli,26,Female,C007,Certificate,naomimuliapp04913@gmail.com
APP04914,Naomi,Mutua,27,Female,C008,Diploma,naomimutuaapp04914@hotmail.com
APP04915,Ann,Barasa,18,Female,C009,KCSE,annbarasaapp04915@gmail.com
APP04916,Esther,Chebet,21,Female,C001,KCSE,estherchebetapp04916@gmail.com
APP04917,Mercy,Odhiambo,18,Female,C008,KCSE,mercyodhiamboapp04917@yahoo.com
APP04918,Jackline,Khalfan,25,Female,C002,Bachelor's,jacklinekhalfanapp04918@gmail.com
APP04919,Irene,Kiptoo,24,Female,C001,KCSE,irenekiptooapp04919@gmail.com
APP04920,Zainab,Maina,25,Female,C007,Certificate,zainabmainaapp04920@gmail.com
APP04921,Grace,Omondi,22,Female,C003,KCSE,graceomondiapp04921@gmail.com
APP04922,Halima,Munyao,33,Female,C008,Diploma,halimamunyaoapp04922@gmail.com
APP04923,Beatrice,Makena,24,Female,C008,Certificate,beatricemakenaapp04923@gmail.com
APP04924,Victor,Otieno,23,Male,C003,KCSE,victorotienoapp04924@gmail.com
APP04925,Amina,Ndungu,30,Female,C004,Master's,aminandunguapp04925@gmail.com
APP04926,Joy,Makena,24,Female,C007,KCSE,joymakenaapp04926@gmail.com
APP04927,Christine,Maina,33,Female,C009,Bachelor's,christinemainaapp04927@gmail.com
APP04928,Esther,Kiptoo,24,Female,C007,Bachelor's,estherkiptooapp04928@gmail.com
APP04929,Eunice,Kiptoo       ,27,Female,C008,Certificate,eunicekiptooapp04929@gmail.com
APP04930,Faith,Abdalla,19,Female,C007,KCSE,faithabdallaapp04930@hotmail.com
APP04931,Halima,Njoroge,25,Female,C007,KCSE,halimanjorogeapp04931@gmail.com
APP04932,Edna,Omondi,35,Female,C007,Diploma,ednaomondiapp04932@gmail.com
APP04933,Fatma,Kariuki,23,Female,C001,Certificate,fatmakariukiapp04933@gmail.com
APP04934,Christine,Mutua,26,Female,C005,Certificate,christinemutuaapp04934@gmail.com
APP04935,Daniel,Juma,31,Male,C001,Bachelor's,danieljumaapp04935@yahoo.com
APP04936,Faith,Juma,21,Female,C001,KCSE,faithjumaapp04936@gmail.com
APP04937,Hellen,Munyao,26,Female,C003,Certificate,hellenmunyaoapp04937@gmail.com
APP04938,Lydia,Chebet,22,Female,C001,KCSE,lydiachebetapp04938@gmail.com
APP04939,Mercy,Kamau,22,Female,C002,KCSE,mercykamauapp04939@gmail.com
APP04940,Rose,Munyao,32,Female,C008,Diploma,rosemunyaoapp04940@gmail.com
APP04941,Amina,Omondi,21,Female,C007,KCSE,aminaomondiapp04941@gmail.com
APP04942,Ann,Nyambura,21,Female,C004,Certificate,annnyamburaapp04942@gmail.com
APP04943,Hellen,Munyao,24,Female,C005,Certificate,hellenmunyaoapp04943@yahoo.com
APP04944,Purity,Ouma,31,Female,C001,Master's,purityoumaapp04944@gmail.com
APP04945,Gladys,Ali,24,Female,C009,Certificate,gladysaliapp04945@gmail.com
APP04946,Diana,Musyoka,20,Female,C003,KCSE,dianamusyokaapp04946@gmail.com
APP04947,Beatrice,Odhiambo,26,Female,C009,Diploma,beatriceodhiamboapp04947@yahoo.com
APP04948,Naomi,Wanjiku,28,Female,C001,Bachelor's,naomiwanjikuapp04948@yahoo.com
APP04949,Dorcas,Juma,22,Female,C001,KCSE,dorcasjumaapp04949@gmail.com
APP04950,Peter,Makena,33,Male,C007,Diploma,petermakenaapp04950@gmail.com
APP04951,Amina,Muli,22,Female,C008,Certificate,aminamuliapp04951@gmail.com
APP04952,Naomi,Makena,33,Female,C002,Diploma,naomimakenaapp04952@gmail.com
APP04953,Jackline,Kamau,19,Female,C007,Certificate,jacklinekamauapp04953@gmail.com
APP04954,Edna,Omondi,22,Female,C008,Certificate,ednaomondiapp04954@gmail.com
APP04955,Christine,Abdalla,20,Female,C006,KCSE,christineabdallaapp04955@gmail.com
APP04956,Caroline,Chebet,21,Female,C007,KCSE,carolinechebetapp04956@hotmail.com
APP04957,Irene,Munyao,33,Female,C007,Bachelor's,irenemunyaoapp04957@gmail.com
APP04958,Rose,Munyao,20,Female,C006,KCSE,rosemunyaoapp04958@gmail.com
APP04959,Purity,Barasa,20,Female,C009,KCSE,puritybarasaapp04959@gmail.com
APP04960,Rose,Omondi,22,Female,C001,KCSE,roseomondiapp04960@gmail.com
APP04961,Amina,Gitau,25,Female,C002,Diploma,aminagitauapp04961@yahoo.com
APP04962,Eunice,Omondi,30,Female,C005,Diploma,euniceomondiapp04962@gmail.com
APP04963,Lydia,Juma,20,Female,C001,KCSE,lydiajumaapp04963@gmail.com
APP04964,Joy,Mwangi,20,Female,C007,Diploma,joymwangiapp04964@hotmail.com
APP04965,Amina,Abdalla      ,19,Female,C009,KCSE,aminaabdallaapp04965@gmail.com
APP04966,Esther,Kiptoo,22,Female,C009,KCSE,estherkiptooapp04966@gmail.com
APP04967,Eunice,Wanjiku,34,Female,C007,Bachelor's,eunicewanjikuapp04967@gmail.com
APP04968,Janet,Munyao,25,Female,C006,Diploma,janetmunyaoapp04968@gmail.com
APP04969,Faith,Ndungu,21,Female,C002,KCSE,faithndunguapp04969@gmail.com
APP04970,Kelvin,Munyao,21,Male,C001,Certificate,kelvinmunyaoapp04970@gmail.com
APP04971,Joy,Barasa,23,Female,C002,Certificate,joybarasaapp04971@gmail.com
APP04972,Dennis,Mwangi,20,Male,C003,KCSE,dennismwangiapp04972@gmail.com
APP04973,Gladys,Wanjiku,24,Female,C001,Diploma,gladyswanjikuapp04973@hotmail.com
APP04974,Hellen,Wambui,24,Female,C008,Bachelor's,hellenwambuiapp04974@gmail.com
APP04975,Mohamed,Wanjiku,24,Male,C007,Certificate,mohamedwanjikuapp04975@gmail.com
APP04976,Collins,Muli,22,Male,C009,KCSE,collinsmuliapp04976@gmail.com
APP04977,Mohamed,Kamau,19,Male,C001,KCSE,mohamedkamauapp04977@gmail.com
APP04978,Caroline,Munyao,34,Female,C008,Bachelor's,carolinemunyaoapp04978@gmail.com
APP04979,Amina,Mohamed,24,Female,C001,Diploma,aminamohamedapp04979@gmail.com
APP04980,Dorcas,Kariuki,33,Female,C007,Master's,dorcaskariukiapp04980@yahoo.com
APP04981,Janet,Wanjiku,21,Female,C002,KCSE,janetwanjikuapp04981@yahoo.com
APP04982,Grace,Odhiambo,22,Female,C007,Certificate,graceodhiamboapp04982@gmail.com
APP04983,Sharon,     Ndungu,30,Female,C005,Bachelor's,sharonndunguapp04983@gmail.com
APP04984,Halima,Munyao,19,Female,C007,Certificate,halimamunyaoapp04984@gmail.com
APP04985,Hellen,    Kariuki,35,Female,C007,Diploma,hellenkariukiapp04985@hotmail.com
APP04986,Rose,Khalfan,18,Female,C006,Diploma,rosekhalfanapp04986@gmail.com
APP04987,Diana,Mohamed,30,Female,C007,Bachelor's,dianamohamedapp04987@yahoo.com
APP04988,Emmanuel,Ndungu,22,Male,C001,KCSE,emmanuelndunguapp04988@gmail.com
APP04989,Ann,Musyoka,26,Female,C002,Bachelor's,annmusyokaapp04989@gmail.com
APP04990,Eric,Rotich,29,Male,C005,Master's,ericrotichapp04990@yahoo.com
APP04991,Charles,Nyambura,25,Male,C003,KCSE,charlesnyamburaapp04991@gmail.com
APP04992,Patrick,Mutua,32,Male,C007,Diploma,patrickmutuaapp04992@yahoo.com
APP04993,Brenda,Njoroge,27,Female,C009,Certificate,brendanjorogeapp04993@outlook.com
APP04994,Beatrice,Kiptoo,34,Female,C006,Diploma,beatricekiptooapp04994@yahoo.com
APP04995,Irene,     Koech,26,Female,C008,Diploma,irenekoechapp04995@gmail.com
APP04996,Ann,Rotich,25,Female,C006,Certificate,annrotichapp04996@outlook.com
APP04997,Purity,Nyambura,20,Female,C001,KCSE,puritynyamburaapp04997@gmail.com
APP04998,Brenda,      Nyongesa,25,Female,C001,Certificate,brendanyongesaapp04998@gmail.com
APP04999,Beatrice,Wanjiku,27,Female,C002,Certificate,beatricewanjikuapp04999@gmail.com
APP05000,Amina,Nyambura,22,Female,C006,KCSE,aminanyamburaapp05000@gmail.com
