application_id,applicant_id,program_id,application_date,application_status,drop_off_reason
APL00001,APP00001,P007,8/9/2025,Applied,Incomplete Application
APL00002,APP00002,P002,4/24/2025,Interviewed,Cohort Full
APL00003,APP00003,P005,2/27/2024,Enrolled,
APL00004,APP00004,P004,8/13/2025,Applied,Did Not Meet Requirements
APL00005,APP00005,P002,7/21/2024,Interviewed,Cohort Full
APL00006,APP00006,P004,4/4/2024,Applied,Gender Mismatch
APL00007,APP00007,P002,7/10/2025,Applied,Incomplete Application
APL00008,APP00008,P004,3/10/2024,Qualified,Interview Slots Full
APL00009,APP00009,P003,9/3/2025,Qualified,Interview Slots Full
APL00010,APP00010,P003,3/15/2025,Qualified,Could Not Be Reached
APL00011,APP00011,P004,8/3/2024,Qualified,No Response
APL00012,APP00012,P001,4/24/2025,Applied,Gender Mismatch
APL00013,APP00013,P001,6/24/2025,Interviewed,Low Interview Score
APL00014,APP00014,P006,4/18/2025,Qualified,Interview Slots Full
APL00015,APP00015,P002,8/10/2025,Interviewed,Cohort Full
APL00016,APP00016,P006,7/2/2024,Applied,Did Not Meet Requirements
APL00017,APP00017,P006,1/27/2025,Applied,Incomplete Application
APL00018,APP00018,P004,9/14/2024,Qualified,No Response
APL00019,APP00019,P006,9/6/2025,Applied,Did Not Meet Requirements
APL00020,APP00020,P001,8/10/2025,Qualified,Interview Slots Full
APL00021,APP00021,P002,1/28/2024,Qualified,Could Not Be Reached
APL00022,APP00022,P004,4/16/2025,Applied,Incomplete Application
APL00023,APP00023,P004,6/15/2025,Applied,Incomplete Application
APL00024,APP00024,P005,2/17/2024,Applied,Incomplete Application
APL00025,APP00025,P004,9/12/2025,Applied,Did Not Meet Requirements
APL00026,APP00026,P003,7/26/2025,Qualified,No Response
APL00027,APP00027,P005,3/30/2025,Qualified,No Response
APL00028,APP00028,P004,1/27/2025,Applied,Gender Mismatch
APL00029,APP00029,P006,9/8/2025,Applied,Incomplete Application
APL00030,APP00030,P002,4/15/2025,Qualified,No Response
APL00031,APP00031,P005,3/16/2025,Qualified,Could Not Be Reached
APL00032,APP00032,P003,3/18/2025,Applied,Incomplete Application
APL00033,APP00033,P005,2/26/2024,Qualified,Interview Slots Full
APL00034,APP00034,P008,7/10/2024,Applied,Did Not Meet Requirements
APL00035,APP00035,P004,4/23/2025,Enrolled,
APL00036,APP00036,P002,9/29/2024,Applied,Did Not Meet Requirements
APL00037,APP00037,P008,1/14/2024,Interviewed,Cohort Full
APL00038,APP00038,P005,6/27/2025,Applied,Gender Mismatch
APL00039,APP00039,P004,6/25/2024,Qualified,Could Not Be Reached
APL00040,APP00040,P005,2/15/2024,Interviewed,Declined Offer
APL00041,APP00041,P006,7/4/2025,Applied,Did Not Meet Requirements
APL00042,APP00042,P005,3/7/2025,Applied,Incomplete Application
APL00043,APP00043,P003,9/22/2024,Qualified,No Response
APL00044,APP00044,P004,6/1/2025,Interviewed,Cohort Full
APL00045,APP00045,P002,6/1/2025,Applied,Incomplete Application
APL00046,APP00046,P001,7/13/2025,Interviewed,Declined Offer
APL00047,APP00047,P008,8/19/2024,Applied,Did Not Meet Requirements
APL00048,APP00048,P006,7/7/2024,Qualified,Interview Slots Full
APL00049,APP00049,P002,2/7/2024,Qualified,No Response
APL00050,APP00050,P001,9/30/2025,Interviewed,Cohort Full
APL00051,APP00051,P003,6/11/2025,Enrolled,
APL00052,APP00052,P004,2/20/2025,Qualified,No Response
APL00053,APP00053,P003,8/6/2025,Qualified,Interview Slots Full
APL00054,APP00054,P005,1/2/2025,Qualified,No Response
APL00055,APP00055,P002,8/23/2025,Applied,Did Not Meet Requirements
APL00056,APP00056,P007,1/5/2025,Qualified,Interview Slots Full
APL00057,APP00057,P008,3/31/2024,Interviewed,Cohort Full
APL00058,APP00058,P003,1/5/2025,Qualified,Interview Slots Full
APL00059,APP00059,P004,3/4/2024,Qualified,Interview Slots Full
APL00060,APP00060,P001,9/13/2024,Interviewed,Low Interview Score
APL00061,APP00061,P006,4/10/2024,Enrolled,
APL00062,APP00062,P003,7/14/2024,Qualified,No Response
APL00063,APP00063,P008,6/14/2024,Applied,Gender Mismatch
APL00064,APP00064,P006,7/19/2024,Applied,Did Not Meet Requirements
APL00065,APP00065,P003,6/23/2025,Enrolled,
APL00066,APP00066,P003,3/1/2025,Qualified,Could Not Be Reached
APL00067,APP00067,P002,1/5/2024,Applied,Gender Mismatch
APL00068,APP00068,P002,3/10/2025,Interviewed,Low Interview Score
APL00069,APP00069,P001,7/9/2024,Qualified,Interview Slots Full
APL00070,APP00070,P007,3/5/2025,Applied,Incomplete Application
APL00071,APP00071,P004,3/10/2024,Applied,Incomplete Application
APL00072,APP00072,P003,6/30/2025,Qualified,Interview Slots Full
APL00073,APP00073,P007,4/9/2025,Qualified,No Response
APL00074,APP00074,P002,4/3/2025,Interviewed,Cohort Full
APL00075,APP00075,P005,9/1/2025,Applied,Incomplete Application
APL00076,APP00076,P002,8/18/2025,Applied,Gender Mismatch
APL00077,APP00077,P004,2/25/2024,Applied,Gender Mismatch
APL00078,APP00078,P001,6/24/2024,Applied,Did Not Meet Requirements
APL00079,APP00079,P007,8/13/2024,Applied,Gender Mismatch
APL00080,APP00080,P008,4/19/2024,Applied,Did Not Meet Requirements
APL00081,APP00081,P002,2/14/2025,Enrolled,
APL00082,APP00082,P004,8/30/2024,Qualified,Could Not Be Reached
APL00083,APP00083,P001,3/31/2025,Interviewed,Cohort Full
APL00084,APP00084,P008,8/5/2025,Applied,Did Not Meet Requirements
APL00085,APP00085,P006,9/7/2024,Applied,Incomplete Application
APL00086,APP00086,P005,8/26/2024,Applied,Did Not Meet Requirements
APL00087,APP00087,P005,4/15/2024,Applied,Gender Mismatch
APL00088,APP00088,P005,8/14/2024,Enrolled,
APL00089,APP00089,P005,7/10/2024,Qualified,No Response
APL00090,APP00090,P004,3/8/2025,Interviewed,Low Interview Score
APL00091,APP00091,P003,4/23/2024,Applied,Did Not Meet Requirements
APL00092,APP00092,P003,4/25/2024,Enrolled,
APL00093,APP00093,P004,9/30/2024,Applied,Did Not Meet Requirements
APL00094,APP00094,P002,7/12/2025,Applied,Incomplete Application
APL00095,APP00095,P001,4/22/2025,Enrolled,
APL00096,APP00096,P002,1/25/2025,Enrolled,
APL00097,APP00097,P003,3/11/2025,Applied,Did Not Meet Requirements
APL00098,APP00098,P003,9/30/2025,Qualified,No Response
APL00099,APP00099,P007,1/9/2024,Qualified,No Response
APL00100,APP00100,P003,4/14/2025,Applied,Did Not Meet Requirements
APL00101,APP00101,P004,2/20/2024,Enrolled,
APL00102,APP00102,P004,9/15/2024,Applied,Incomplete Application
APL00103,APP00103,P004,4/14/2025,Applied,Did Not Meet Requirements
APL00104,APP00104,P005,8/4/2024,Applied,Incomplete Application
APL00105,APP00105,P005,4/2/2024,Applied,Incomplete Application
APL00106,APP00106,P001,3/12/2024,Applied,Incomplete Application
APL00107,APP00107,P002,2/5/2025,Interviewed,Low Interview Score
APL00108,APP00108,P004,3/24/2024,Interviewed,Declined Offer
APL00109,APP00109,P001,1/2/2024,Qualified,Could Not Be Reached
APL00110,APP00110,P006,8/15/2024,Enrolled,
APL00111,APP00111,P006,8/15/2024,Applied,Incomplete Application
APL00112,APP00112,P005,3/31/2025,Interviewed,Cohort Full
APL00113,APP00113,P005,4/16/2025,Enrolled,
APL00114,APP00114,P001,6/16/2025,Qualified,No Response
APL00115,APP00115,P002,2/11/2025,Enrolled,
APL00116,APP00116,P006,8/1/2025,Interviewed,Declined Offer
APL00117,APP00117,P008,6/12/2024,Enrolled,
APL00118,APP00118,P005,1/31/2024,Applied,Incomplete Application
APL00119,APP00119,P007,1/17/2024,Applied,Did Not Meet Requirements
APL00120,APP00120,P004,7/7/2025,Applied,Gender Mismatch
APL00121,APP00121,P005,9/19/2025,Qualified,Could Not Be Reached
APL00122,APP00122,P007,8/5/2024,Interviewed,Low Interview Score
APL00123,APP00123,P002,6/25/2024,Applied,Gender Mismatch
APL00124,APP00124,P005,2/5/2025,Applied,Did Not Meet Requirements
APL00125,APP00125,P006,4/20/2024,Applied,Did Not Meet Requirements
APL00126,APP00126,P003,4/14/2025,Applied,Did Not Meet Requirements
APL00127,APP00127,P003,6/13/2024,Enrolled,
APL00128,APP00128,P002,8/20/2025,Applied,Gender Mismatch
APL00129,APP00129,P007,9/14/2024,Qualified,No Response
APL00130,APP00130,P007,9/28/2025,Applied,Gender Mismatch
APL00131,APP00131,P005,6/25/2024,Interviewed,Declined Offer
APL00132,APP00132,P001,2/23/2025,Qualified,Interview Slots Full
APL00133,APP00133,P003,1/25/2025,Applied,Gender Mismatch
APL00134,APP00134,P008,4/27/2024,Qualified,No Response
APL00135,APP00135,P001,8/4/2024,Enrolled,
APL00136,APP00136,P008,7/18/2024,Enrolled,
APL00137,APP00137,P001,4/9/2025,Qualified,Interview Slots Full
APL00138,APP00138,P003,4/26/2024,Qualified,Interview Slots Full
APL00139,APP00139,P008,9/13/2024,Applied,Incomplete Application
APL00140,APP00140,P005,4/22/2024,Applied,Incomplete Application
APL00141,APP00141,P004,4/2/2024,Qualified,Interview Slots Full
APL00142,APP00142,P003,8/6/2024,Applied,Gender Mismatch
APL00143,APP00143,P006,4/10/2025,Applied,Did Not Meet Requirements
APL00144,APP00144,P008,2/9/2024,Qualified,No Response
APL00145,APP00145,P004,7/10/2025,Qualified,No Response
APL00146,APP00146,P004,3/16/2024,Applied,Gender Mismatch
APL00147,APP00147,P002,1/9/2024,Interviewed,Low Interview Score
APL00148,APP00148,P008,2/1/2025,Enrolled,
APL00149,APP00149,P004,3/12/2024,Qualified,Could Not Be Reached
APL00150,APP00150,P006,9/17/2025,Interviewed,Cohort Full
APL00151,APP00151,P003,4/4/2025,Applied,Did Not Meet Requirements
APL00152,APP00152,P001,3/7/2025,Qualified,Interview Slots Full
APL00153,APP00153,P005,9/13/2024,Applied,Did Not Meet Requirements
APL00154,APP00154,P008,1/4/2025,Qualified,No Response
APL00155,APP00155,P005,8/10/2025,Applied,Did Not Meet Requirements
APL00156,APP00156,P005,3/22/2024,Enrolled,
APL00157,APP00157,P001,1/23/2024,Applied,Gender Mismatch
APL00158,APP00158,P003,1/14/2024,Interviewed,Cohort Full
APL00159,APP00159,P004,8/7/2024,Applied,Incomplete Application
APL00160,APP00160,P008,1/30/2025,Enrolled,
APL00161,APP00161,P003,4/23/2025,Qualified,Interview Slots Full
APL00162,APP00162,P004,7/1/2025,Qualified,No Response
APL00163,APP00163,P003,3/16/2025,Qualified,Interview Slots Full
APL00164,APP00164,P004,4/7/2025,Qualified,No Response
APL00165,APP00165,P004,8/31/2025,Interviewed,Declined Offer
APL00166,APP00166,P007,2/4/2025,Applied,Incomplete Application
APL00167,APP00167,P004,6/27/2024,Qualified,Could Not Be Reached
APL00168,APP00168,P002,3/7/2024,Qualified,Could Not Be Reached
APL00169,APP00169,P007,8/4/2025,Interviewed,Declined Offer
APL00170,APP00170,P004,2/23/2025,Applied,Incomplete Application
APL00171,APP00171,P001,6/24/2024,Enrolled,
APL00172,APP00172,P001,4/26/2025,Interviewed,Low Interview Score
APL00173,APP00173,P006,7/22/2024,Applied,Incomplete Application
APL00174,APP00174,P006,8/10/2024,Qualified,Interview Slots Full
APL00175,APP00175,P001,8/14/2024,Applied,Did Not Meet Requirements
APL00176,APP00176,P005,4/15/2025,Enrolled,
APL00177,APP00177,P001,3/29/2025,Enrolled,
APL00178,APP00178,P001,9/14/2024,Qualified,Could Not Be Reached
APL00179,APP00179,P004,4/23/2025,Applied,Did Not Meet Requirements
APL00180,APP00180,P003,9/13/2025,Interviewed,Low Interview Score
APL00181,APP00181,P004,2/8/2024,Qualified,No Response
APL00182,APP00182,P001,9/10/2024,Qualified,Could Not Be Reached
APL00183,APP00183,P002,6/14/2025,Interviewed,Declined Offer
APL00184,APP00184,P004,3/28/2025,Enrolled,
APL00185,APP00185,P003,7/22/2025,Applied,Incomplete Application
APL00186,APP00186,P005,3/21/2024,Applied,Gender Mismatch
APL00187,APP00187,P005,8/1/2025,Applied,Incomplete Application
APL00188,APP00188,P002,7/24/2025,Applied,Did Not Meet Requirements
APL00189,APP00189,P002,6/27/2025,Applied,Incomplete Application
APL00190,APP00190,P001,8/25/2025,Enrolled,
APL00191,APP00191,P008,9/4/2024,Applied,Incomplete Application
APL00192,APP00192,P004,8/8/2025,Interviewed,Declined Offer
APL00193,APP00193,P001,8/20/2025,Enrolled,
APL00194,APP00194,P002,7/7/2024,Qualified,Interview Slots Full
APL00195,APP00195,P001,8/1/2024,Applied,Did Not Meet Requirements
APL00196,APP00196,P008,2/1/2025,Applied,Incomplete Application
APL00197,APP00197,P001,1/24/2024,Enrolled,
APL00198,APP00198,P001,1/7/2025,Enrolled,
APL00199,APP00199,P007,2/16/2025,Qualified,Could Not Be Reached
APL00200,APP00200,P008,2/16/2025,Qualified,No Response
APL00201,APP00201,P004,2/14/2025,Qualified,Interview Slots Full
APL00202,APP00202,P008,8/5/2024,Applied,Did Not Meet Requirements
APL00203,APP00203,P002,6/17/2024,Applied,Gender Mismatch
APL00204,APP00204,P004,2/19/2025,Enrolled,
APL00205,APP00205,P005,4/30/2025,Qualified,No Response
APL00206,APP00206,P008,9/26/2024,Qualified,Could Not Be Reached
APL00207,APP00207,P006,6/23/2025,Qualified,Could Not Be Reached
APL00208,APP00208,P007,4/21/2025,Applied,Incomplete Application
APL00209,APP00209,P004,7/14/2025,Interviewed,Declined Offer
APL00210,APP00210,P003,8/5/2024,Applied,Incomplete Application
APL00211,APP00211,P002,6/8/2025,Applied,Did Not Meet Requirements
APL00212,APP00212,P001,3/13/2024,Applied,Did Not Meet Requirements
APL00213,APP00213,P005,1/28/2024,Applied,Incomplete Application
APL00214,APP00214,P004,2/17/2024,Qualified,Interview Slots Full
APL00215,APP00215,P004,4/29/2025,Interviewed,Cohort Full
APL00216,APP00216,P008,3/7/2025,Applied,Incomplete Application
APL00217,APP00217,P006,7/25/2024,Applied,Did Not Meet Requirements
APL00218,APP00218,P002,1/19/2024,Interviewed,Cohort Full
APL00219,APP00219,P005,4/18/2025,Qualified,Could Not Be Reached
APL00220,APP00220,P004,2/26/2025,Qualified,Interview Slots Full
APL00221,APP00221,P008,6/3/2025,Qualified,No Response
APL00222,APP00222,P007,1/14/2024,Qualified,No Response
APL00223,APP00223,P004,3/29/2024,Applied,Incomplete Application
APL00224,APP00224,P007,3/11/2025,Qualified,Interview Slots Full
APL00225,APP00225,P001,7/13/2024,Interviewed,Cohort Full
APL00226,APP00226,P001,7/8/2025,Enrolled,
APL00227,APP00227,P003,8/21/2024,Qualified,No Response
APL00228,APP00228,P002,4/14/2025,Qualified,Could Not Be Reached
APL00229,APP00229,P004,2/19/2024,Interviewed,Low Interview Score
APL00230,APP00230,P004,8/23/2024,Qualified,Could Not Be Reached
APL00231,APP00231,P001,6/20/2024,Applied,Did Not Meet Requirements
APL00232,APP00232,P006,8/17/2025,Applied,Gender Mismatch
APL00233,APP00233,P003,1/5/2024,Qualified,Interview Slots Full
APL00234,APP00234,P003,8/6/2025,Qualified,Interview Slots Full
APL00235,APP00235,P005,9/21/2025,Qualified,Interview Slots Full
APL00236,APP00236,P007,7/12/2024,Applied,Gender Mismatch
APL00237,APP00237,P002,3/20/2024,Applied,Did Not Meet Requirements
APL00238,APP00238,P004,6/18/2024,Applied,Did Not Meet Requirements
APL00239,APP00239,P007,2/4/2025,Applied,Gender Mismatch
APL00240,APP00240,P004,6/1/2025,Enrolled,
APL00241,APP00241,P004,4/3/2025,Applied,Incomplete Application
APL00242,APP00242,P008,1/23/2025,Qualified,No Response
APL00243,APP00243,P007,7/29/2024,Enrolled,
APL00244,APP00244,P006,6/30/2024,Applied,Incomplete Application
APL00245,APP00245,P003,2/29/2024,Applied,Did Not Meet Requirements
APL00246,APP00246,P004,1/10/2024,Applied,Incomplete Application
APL00247,APP00247,P007,6/3/2025,Qualified,Interview Slots Full
APL00248,APP00248,P007,8/29/2025,Interviewed,Declined Offer
APL00249,APP00249,P005,8/24/2024,Enrolled,
APL00250,APP00250,P008,4/23/2025,Applied,Gender Mismatch
APL00251,APP00251,P003,4/4/2024,Enrolled,
APL00252,APP00252,P003,3/9/2025,Enrolled,
APL00253,APP00253,P004,8/7/2025,Qualified,Could Not Be Reached
APL00254,APP00254,P007,3/15/2025,Applied,Gender Mismatch
APL00255,APP00255,P004,3/17/2025,Applied,Incomplete Application
APL00256,APP00256,P003,9/21/2025,Applied,Incomplete Application
APL00257,APP00257,P002,9/10/2024,Applied,Did Not Meet Requirements
APL00258,APP00258,P006,9/14/2024,Interviewed,Cohort Full
APL00259,APP00259,P002,8/9/2024,Applied,Did Not Meet Requirements
APL00260,APP00260,P004,9/6/2025,Applied,Did Not Meet Requirements
APL00261,APP00261,P005,6/8/2025,Interviewed,Cohort Full
APL00262,APP00262,P001,2/17/2024,Qualified,No Response
APL00263,APP00263,P004,8/19/2025,Applied,Incomplete Application
APL00264,APP00264,P002,3/23/2024,Qualified,Could Not Be Reached
APL00265,APP00265,P007,2/26/2024,Qualified,Could Not Be Reached
APL00266,APP00266,P005,1/12/2025,Interviewed,Cohort Full
APL00267,APP00267,P002,9/16/2024,Applied,Incomplete Application
APL00268,APP00268,P008,3/16/2024,Applied,Did Not Meet Requirements
APL00269,APP00269,P004,4/26/2024,Qualified,Interview Slots Full
APL00270,APP00270,P008,3/28/2024,Applied,Did Not Meet Requirements
APL00271,APP00271,P006,6/25/2025,Qualified,Interview Slots Full
APL00272,APP00272,P002,1/24/2025,Applied,Did Not Meet Requirements
APL00273,APP00273,P008,7/27/2024,Qualified,Interview Slots Full
APL00274,APP00274,P002,9/14/2025,Interviewed,Cohort Full
APL00275,APP00275,P001,4/29/2024,Interviewed,Low Interview Score
APL00276,APP00276,P002,2/2/2025,Qualified,No Response
APL00277,APP00277,P004,2/25/2025,Applied,Did Not Meet Requirements
APL00278,APP00278,P005,7/1/2024,Applied,Incomplete Application
APL00279,APP00279,P005,6/23/2025,Qualified,Could Not Be Reached
APL00280,APP00280,P006,2/8/2025,Qualified,No Response
APL00281,APP00281,P006,9/26/2025,Qualified,Interview Slots Full
APL00282,APP00282,P004,7/18/2024,Qualified,Could Not Be Reached
APL00283,APP00283,P002,3/17/2025,Enrolled,
APL00284,APP00284,P002,8/26/2025,Applied,Did Not Meet Requirements
APL00285,APP00285,P007,2/2/2025,Enrolled,
APL00286,APP00286,P005,6/3/2024,Qualified,No Response
APL00287,APP00287,P001,4/21/2024,Enrolled,
APL00288,APP00288,P005,8/5/2024,Interviewed,Cohort Full
APL00289,APP00289,P001,4/16/2024,Applied,Did Not Meet Requirements
APL00290,APP00290,P006,6/24/2024,Qualified,Could Not Be Reached
APL00291,APP00291,P003,7/25/2025,Applied,Incomplete Application
APL00292,APP00292,P004,7/10/2025,Qualified,Interview Slots Full
APL00293,APP00293,P001,9/6/2025,Applied,Did Not Meet Requirements
APL00294,APP00294,P007,9/26/2024,Enrolled,
APL00295,APP00295,P004,2/15/2024,Applied,Incomplete Application
APL00296,APP00296,P006,2/20/2024,Applied,Did Not Meet Requirements
APL00297,APP00297,P004,7/7/2025,Enrolled,
APL00298,APP00298,P001,7/16/2025,Qualified,Interview Slots Full
APL00299,APP00299,P002,4/5/2024,Applied,Incomplete Application
APL00300,APP00300,P004,9/29/2024,Enrolled,
APL00301,APP00301,P005,4/19/2025,Applied,Did Not Meet Requirements
APL00302,APP00302,P005,7/11/2024,Qualified,Could Not Be Reached
APL00303,APP00303,P002,1/29/2024,Applied,Incomplete Application
APL00304,APP00304,P004,1/23/2025,Applied,Incomplete Application
APL00305,APP00305,P002,4/30/2025,Qualified,Could Not Be Reached
APL00306,APP00306,P004,3/8/2024,Applied,Incomplete Application
APL00307,APP00307,P001,4/21/2025,Qualified,Could Not Be Reached
APL00308,APP00308,P008,4/11/2024,Applied,Incomplete Application
APL00309,APP00309,P005,2/22/2024,Enrolled,
APL00310,APP00310,P001,4/6/2024,Applied,Gender Mismatch
APL00311,APP00311,P001,7/27/2024,Applied,Incomplete Application
APL00312,APP00312,P003,6/4/2024,Qualified,Interview Slots Full
APL00313,APP00313,P001,2/3/2025,Qualified,No Response
APL00314,APP00314,P001,4/20/2025,Qualified,Could Not Be Reached
APL00315,APP00315,P001,1/1/2024,Qualified,Could Not Be Reached
APL00316,APP00316,P005,6/12/2025,Applied,Incomplete Application
APL00317,APP00317,P007,4/2/2025,Applied,Did Not Meet Requirements
APL00318,APP00318,P001,4/6/2024,Interviewed,Cohort Full
APL00319,APP00319,P007,6/18/2025,Qualified,No Response
APL00320,APP00320,P005,6/14/2024,Applied,Did Not Meet Requirements
APL00321,APP00321,P005,6/30/2024,Applied,Did Not Meet Requirements
APL00322,APP00322,P004,7/25/2025,Enrolled,
APL00323,APP00323,P003,2/21/2024,Applied,Incomplete Application
APL00324,APP00324,P004,1/27/2025,Qualified,No Response
APL00325,APP00325,P004,3/11/2024,Enrolled,
APL00326,APP00326,P003,9/24/2025,Applied,Incomplete Application
APL00327,APP00327,P001,4/16/2024,Interviewed,Low Interview Score
APL00328,APP00328,P003,3/13/2025,Interviewed,Declined Offer
APL00329,APP00329,P007,7/28/2025,Interviewed,Cohort Full
APL00330,APP00330,P001,6/26/2024,Applied,Did Not Meet Requirements
APL00331,APP00331,P002,1/8/2025,Qualified,Could Not Be Reached
APL00332,APP00332,P001,3/3/2024,Applied,Gender Mismatch
APL00333,APP00333,P008,3/3/2024,Qualified,Interview Slots Full
APL00334,APP00334,P004,9/22/2025,Qualified,Interview Slots Full
APL00335,APP00335,P008,1/22/2025,Qualified,No Response
APL00336,APP00336,P006,4/19/2024,Interviewed,Declined Offer
APL00337,APP00337,P001,8/27/2024,Qualified,Could Not Be Reached
APL00338,APP00338,P006,1/24/2024,Interviewed,Cohort Full
APL00339,APP00339,P008,3/1/2024,Applied,Incomplete Application
APL00340,APP00340,P006,9/21/2025,Applied,Incomplete Application
APL00341,APP00341,P002,8/21/2024,Applied,Incomplete Application
APL00342,APP00342,P007,1/24/2024,Qualified,Could Not Be Reached
APL00343,APP00343,P002,7/9/2024,Enrolled,
APL00344,APP00344,P003,4/4/2024,Applied,Did Not Meet Requirements
APL00345,APP00345,P008,4/8/2024,Enrolled,
APL00346,APP00346,P002,9/6/2025,Enrolled,
APL00347,APP00347,P002,4/29/2025,Applied,Gender Mismatch
APL00348,APP00348,P006,7/30/2024,Qualified,No Response
APL00349,APP00349,P002,4/19/2024,Applied,Gender Mismatch
APL00350,APP00350,P001,9/12/2025,Enrolled,
APL00351,APP00351,P002,7/29/2024,Interviewed,Cohort Full
APL00352,APP00352,P001,3/12/2024,Applied,Incomplete Application
APL00353,APP00353,P008,2/10/2025,Enrolled,
APL00354,APP00354,P003,8/21/2024,Applied,Incomplete Application
APL00355,APP00355,P005,6/28/2025,Applied,Incomplete Application
APL00356,APP00356,P005,8/5/2024,Applied,Incomplete Application
APL00357,APP00357,P001,4/11/2024,Qualified,No Response
APL00358,APP00358,P004,2/4/2025,Qualified,No Response
APL00359,APP00359,P007,9/2/2024,Applied,Incomplete Application
APL00360,APP00360,P004,1/4/2025,Qualified,Interview Slots Full
APL00361,APP00361,P001,9/1/2025,Qualified,Could Not Be Reached
APL00362,APP00362,P003,7/31/2024,Applied,Incomplete Application
APL00363,APP00363,P004,1/12/2024,Qualified,Interview Slots Full
APL00364,APP00364,P005,3/22/2024,Qualified,Interview Slots Full
APL00365,APP00365,P004,3/30/2025,Interviewed,Declined Offer
APL00366,APP00366,P003,6/18/2024,Qualified,No Response
APL00367,APP00367,P006,1/21/2025,Applied,Incomplete Application
APL00368,APP00368,P004,1/29/2025,Interviewed,Declined Offer
APL00369,APP00369,P007,2/7/2025,Applied,Gender Mismatch
APL00370,APP00370,P001,3/24/2024,Qualified,Could Not Be Reached
APL00371,APP00371,P003,6/6/2025,Applied,Gender Mismatch
APL00372,APP00372,P002,1/26/2025,Enrolled,
APL00373,APP00373,P004,3/23/2024,Interviewed,Low Interview Score
APL00374,APP00374,P006,4/12/2025,Qualified,Interview Slots Full
APL00375,APP00375,P004,9/11/2024,Interviewed,Cohort Full
APL00376,APP00376,P005,4/2/2025,Qualified,Interview Slots Full
APL00377,APP00377,P004,9/1/2025,Qualified,Could Not Be Reached
APL00378,APP00378,P001,8/9/2024,Interviewed,Low Interview Score
APL00379,APP00379,P004,1/27/2024,Interviewed,Declined Offer
APL00380,APP00380,P002,9/30/2025,Qualified,No Response
APL00381,APP00381,P005,8/22/2025,Qualified,No Response
APL00382,APP00382,P007,8/17/2024,Applied,Incomplete Application
APL00383,APP00383,P004,3/30/2025,Interviewed,Low Interview Score
APL00384,APP00384,P002,8/13/2024,Qualified,Interview Slots Full
APL00385,APP00385,P002,9/16/2025,Interviewed,Low Interview Score
APL00386,APP00386,P007,4/4/2024,Applied,Did Not Meet Requirements
APL00387,APP00387,P004,2/19/2024,Interviewed,Cohort Full
APL00388,APP00388,P005,1/4/2024,Enrolled,
APL00389,APP00389,P006,1/6/2024,Enrolled,
APL00390,APP00390,P002,4/14/2024,Interviewed,Cohort Full
APL00391,APP00391,P001,1/22/2024,Enrolled,
APL00392,APP00392,P007,6/10/2025,Applied,Incomplete Application
APL00393,APP00393,P002,3/11/2024,Enrolled,
APL00394,APP00394,P006,8/14/2024,Applied,Did Not Meet Requirements
APL00395,APP00395,P002,6/3/2024,Applied,Gender Mismatch
APL00396,APP00396,P006,3/5/2024,Interviewed,Declined Offer
APL00397,APP00397,P002,7/29/2024,Qualified,Interview Slots Full
APL00398,APP00398,P001,4/11/2024,Applied,Did Not Meet Requirements
APL00399,APP00399,P005,1/22/2025,Qualified,Interview Slots Full
APL00400,APP00400,P003,2/25/2024,Applied,Incomplete Application
APL00401,APP00401,P004,4/27/2024,Enrolled,
APL00402,APP00402,P005,7/14/2024,Applied,Incomplete Application
APL00403,APP00403,P001,6/22/2025,Qualified,Could Not Be Reached
APL00404,APP00404,P004,3/12/2024,Enrolled,
APL00405,APP00405,P002,6/12/2024,Qualified,Could Not Be Reached
APL00406,APP00406,P003,4/24/2025,Applied,Gender Mismatch
APL00407,APP00407,P007,8/28/2024,Applied,Gender Mismatch
APL00408,APP00408,P004,2/7/2025,Applied,Gender Mismatch
APL00409,APP00409,P001,1/25/2024,Enrolled,
APL00410,APP00410,P004,9/8/2024,Qualified,No Response
APL00411,APP00411,P004,2/23/2025,Applied,Did Not Meet Requirements
APL00412,APP00412,P007,8/7/2024,Applied,Incomplete Application
APL00413,APP00413,P004,3/5/2024,Applied,Incomplete Application
APL00414,APP00414,P002,1/31/2025,Qualified,Could Not Be Reached
APL00415,APP00415,P003,3/16/2024,Qualified,Could Not Be Reached
APL00416,APP00416,P001,4/5/2024,Qualified,Could Not Be Reached
APL00417,APP00417,P002,3/28/2024,Enrolled,
APL00418,APP00418,P003,6/14/2025,Applied,Gender Mismatch
APL00419,APP00419,P004,8/11/2024,Qualified,Interview Slots Full
APL00420,APP00420,P002,4/4/2025,Qualified,No Response
APL00421,APP00421,P001,8/11/2024,Qualified,Interview Slots Full
APL00422,APP00422,P003,6/24/2024,Enrolled,
APL00423,APP00423,P003,2/24/2025,Qualified,No Response
APL00424,APP00424,P002,3/26/2025,Qualified,Interview Slots Full
APL00425,APP00425,P008,4/4/2024,Interviewed,Cohort Full
APL00426,APP00426,P003,1/1/2025,Applied,Incomplete Application
APL00427,APP00427,P004,3/7/2025,Enrolled,
APL00428,APP00428,P004,2/15/2025,Enrolled,
APL00429,APP00429,P007,1/6/2025,Applied,Gender Mismatch
APL00430,APP00430,P002,3/5/2024,Applied,Gender Mismatch
APL00431,APP00431,P005,7/21/2025,Applied,Incomplete Application
APL00432,APP00432,P002,3/4/2025,Applied,Did Not Meet Requirements
APL00433,APP00433,P007,7/30/2024,Qualified,Interview Slots Full
APL00434,APP00434,P003,1/5/2024,Applied,Incomplete Application
APL00435,APP00435,P004,7/14/2024,Interviewed,Low Interview Score
APL00436,APP00436,P008,9/26/2025,Applied,Gender Mismatch
APL00437,APP00437,P004,7/7/2024,Enrolled,
APL00438,APP00438,P001,9/3/2025,Applied,Gender Mismatch
APL00439,APP00439,P003,9/27/2025,Interviewed,Low Interview Score
APL00440,APP00440,P003,2/16/2025,Applied,Incomplete Application
APL00441,APP00441,P004,4/19/2025,Interviewed,Cohort Full
APL00442,APP00442,P004,4/19/2024,Applied,Did Not Meet Requirements
APL00443,APP00443,P004,6/24/2024,Qualified,No Response
APL00444,APP00444,P004,4/12/2025,Applied,Incomplete Application
APL00445,APP00445,P001,8/6/2024,Qualified,Interview Slots Full
APL00446,APP00446,P003,6/30/2024,Applied,Gender Mismatch
APL00447,APP00447,P008,7/7/2025,Interviewed,Low Interview Score
APL00448,APP00448,P001,3/31/2024,Qualified,No Response
APL00449,APP00449,P004,6/27/2024,Qualified,No Response
APL00450,APP00450,P004,7/12/2024,Qualified,No Response
APL00451,APP00451,P002,2/5/2024,Applied,Did Not Meet Requirements
APL00452,APP00452,P003,4/16/2025,Interviewed,Cohort Full
APL00453,APP00453,P004,4/1/2025,Enrolled,
APL00454,APP00454,P008,9/26/2024,Applied,Incomplete Application
APL00455,APP00455,P006,2/7/2024,Interviewed,Declined Offer
APL00456,APP00456,P003,1/13/2025,Qualified,Interview Slots Full
APL00457,APP00457,P004,8/11/2025,Qualified,No Response
APL00458,APP00458,P003,3/6/2025,Interviewed,Cohort Full
APL00459,APP00459,P002,3/3/2025,Qualified,Interview Slots Full
APL00460,APP00460,P001,6/17/2024,Enrolled,
APL00461,APP00461,P005,2/16/2024,Enrolled,
APL00462,APP00462,P004,9/1/2025,Interviewed,Low Interview Score
APL00463,APP00463,P001,3/20/2024,Qualified,Interview Slots Full
APL00464,APP00464,P004,3/9/2024,Qualified,Interview Slots Full
APL00465,APP00465,P003,3/9/2025,Interviewed,Low Interview Score
APL00466,APP00466,P003,1/11/2024,Applied,Incomplete Application
APL00467,APP00467,P002,1/1/2025,Qualified,No Response
APL00468,APP00468,P008,2/1/2024,Applied,Incomplete Application
APL00469,APP00469,P008,4/11/2025,Qualified,Interview Slots Full
APL00470,APP00470,P004,7/1/2024,Applied,Did Not Meet Requirements
APL00471,APP00471,P003,9/28/2025,Applied,Gender Mismatch
APL00472,APP00472,P005,7/5/2025,Enrolled,
APL00473,APP00473,P003,8/18/2025,Applied,Gender Mismatch
APL00474,APP00474,P001,2/10/2025,Applied,Did Not Meet Requirements
APL00475,APP00475,P001,3/27/2025,Applied,Incomplete Application
APL00476,APP00476,P008,9/6/2025,Applied,Incomplete Application
APL00477,APP00477,P001,3/11/2024,Applied,Incomplete Application
APL00478,APP00478,P004,4/30/2025,Qualified,Interview Slots Full
APL00479,APP00479,P001,2/18/2024,Qualified,No Response
APL00480,APP00480,P002,3/7/2025,Applied,Incomplete Application
APL00481,APP00481,P001,8/1/2025,Enrolled,
APL00482,APP00482,P004,8/17/2024,Qualified,Could Not Be Reached
APL00483,APP00483,P006,9/26/2024,Applied,Did Not Meet Requirements
APL00484,APP00484,P002,9/9/2024,Applied,Gender Mismatch
APL00485,APP00485,P001,3/10/2025,Applied,Did Not Meet Requirements
APL00486,APP00486,P005,1/11/2024,Applied,Incomplete Application
APL00487,APP00487,P001,7/18/2024,Qualified,Interview Slots Full
APL00488,APP00488,P004,3/23/2025,Interviewed,Declined Offer
APL00489,APP00489,P001,6/9/2024,Interviewed,Low Interview Score
APL00490,APP00490,P008,4/30/2024,Applied,Did Not Meet Requirements
APL00491,APP00491,P002,4/23/2024,Qualified,Interview Slots Full
APL00492,APP00492,P001,4/19/2024,Qualified,No Response
APL00493,APP00493,P008,7/12/2024,Applied,Did Not Meet Requirements
APL00494,APP00494,P001,7/25/2024,Applied,Incomplete Application
APL00495,APP00495,P007,7/29/2024,Interviewed,Declined Offer
APL00496,APP00496,P001,9/3/2024,Applied,Incomplete Application
APL00497,APP00497,P006,1/5/2025,Enrolled,
APL00498,APP00498,P003,6/5/2024,Applied,Incomplete Application
APL00499,APP00499,P003,9/13/2024,Applied,Gender Mismatch
APL00500,APP00500,P001,7/23/2025,Qualified,No Response
APL00501,APP00501,P006,7/16/2025,Applied,Gender Mismatch
APL00502,APP00502,P002,2/26/2025,Interviewed,Declined Offer
APL00503,APP00503,P002,8/5/2025,Qualified,No Response
APL00504,APP00504,P003,4/23/2025,Applied,Incomplete Application
APL00505,APP00505,P006,3/20/2025,Interviewed,Low Interview Score
APL00506,APP00506,P001,6/17/2025,Applied,Gender Mismatch
APL00507,APP00507,P003,3/2/2025,Applied,Gender Mismatch
APL00508,APP00508,P007,6/6/2025,Applied,Did Not Meet Requirements
APL00509,APP00509,P004,9/17/2025,Qualified,Interview Slots Full
APL00510,APP00510,P002,8/14/2025,Enrolled,
APL00511,APP00511,P008,3/14/2025,Qualified,Could Not Be Reached
APL00512,APP00512,P004,9/5/2024,Qualified,No Response
APL00513,APP00513,P003,1/20/2024,Qualified,Could Not Be Reached
APL00514,APP00514,P008,4/10/2025,Applied,Incomplete Application
APL00515,APP00515,P008,8/12/2025,Applied,Did Not Meet Requirements
APL00516,APP00516,P008,1/15/2024,Applied,Did Not Meet Requirements
APL00517,APP00517,P001,1/11/2024,Qualified,No Response
APL00518,APP00518,P001,1/6/2024,Applied,Gender Mismatch
APL00519,APP00519,P003,4/29/2025,Applied,Did Not Meet Requirements
APL00520,APP00520,P004,7/24/2024,Qualified,Interview Slots Full
APL00521,APP00521,P001,6/20/2024,Qualified,Could Not Be Reached
APL00522,APP00522,P002,6/23/2024,Interviewed,Cohort Full
APL00523,APP00523,P001,9/28/2025,Qualified,Interview Slots Full
APL00524,APP00524,P003,1/13/2025,Enrolled,
APL00525,APP00525,P002,4/26/2024,Enrolled,
APL00526,APP00526,P004,7/7/2024,Enrolled,
APL00527,APP00527,P001,2/28/2024,Applied,Did Not Meet Requirements
APL00528,APP00528,P003,9/12/2025,Applied,Did Not Meet Requirements
APL00529,APP00529,P001,2/4/2025,Interviewed,Cohort Full
APL00530,APP00530,P004,7/13/2025,Enrolled,
APL00531,APP00531,P004,6/4/2024,Interviewed,Low Interview Score
APL00532,APP00532,P002,4/13/2025,Applied,Gender Mismatch
APL00533,APP00533,P007,1/22/2025,Qualified,Could Not Be Reached
APL00534,APP00534,P001,4/1/2025,Applied,Incomplete Application
APL00535,APP00535,P002,1/28/2024,Interviewed,Cohort Full
APL00536,APP00536,P002,9/21/2025,Applied,Gender Mismatch
APL00537,APP00537,P006,7/14/2024,Applied,Did Not Meet Requirements
APL00538,APP00538,P003,4/17/2025,Applied,Incomplete Application
APL00539,APP00539,P004,8/10/2024,Applied,Did Not Meet Requirements
APL00540,APP00540,P006,9/3/2025,Applied,Gender Mismatch
APL00541,APP00541,P001,6/16/2025,Qualified,Interview Slots Full
APL00542,APP00542,P002,3/29/2025,Qualified,Interview Slots Full
APL00543,APP00543,P001,2/26/2025,Applied,Gender Mismatch
APL00544,APP00544,P004,6/2/2024,Enrolled,
APL00545,APP00545,P003,4/24/2025,Applied,Incomplete Application
APL00546,APP00546,P004,9/25/2024,Qualified,No Response
APL00547,APP00547,P004,1/31/2024,Applied,Gender Mismatch
APL00548,APP00548,P003,2/1/2024,Interviewed,Cohort Full
APL00549,APP00549,P004,4/15/2024,Applied,Did Not Meet Requirements
APL00550,APP00550,P008,7/25/2024,Applied,Did Not Meet Requirements
APL00551,APP00551,P001,3/9/2024,Enrolled,
APL00552,APP00552,P002,4/30/2025,Applied,Incomplete Application
APL00553,APP00553,P001,8/6/2025,Applied,Did Not Meet Requirements
APL00554,APP00554,P008,4/26/2024,Interviewed,Declined Offer
APL00555,APP00555,P001,4/1/2025,Applied,Incomplete Application
APL00556,APP00556,P007,7/31/2024,Interviewed,Declined Offer
APL00557,APP00557,P004,2/11/2025,Enrolled,
APL00558,APP00558,P007,9/21/2025,Qualified,Could Not Be Reached
APL00559,APP00559,P002,9/19/2025,Interviewed,Declined Offer
APL00560,APP00560,P002,6/7/2025,Enrolled,
APL00561,APP00561,P004,3/11/2025,Qualified,No Response
APL00562,APP00562,P008,3/10/2025,Applied,Gender Mismatch
APL00563,APP00563,P001,8/20/2025,Qualified,No Response
APL00564,APP00564,P002,1/10/2025,Qualified,Could Not Be Reached
APL00565,APP00565,P004,8/31/2024,Applied,Gender Mismatch
APL00566,APP00566,P004,1/8/2025,Enrolled,
APL00567,APP00567,P005,2/2/2025,Applied,Incomplete Application
APL00568,APP00568,P004,9/26/2025,Enrolled,
APL00569,APP00569,P004,1/5/2024,Interviewed,Declined Offer
APL00570,APP00570,P008,4/7/2024,Qualified,Could Not Be Reached
APL00571,APP00571,P007,4/3/2024,Applied,Did Not Meet Requirements
APL00572,APP00572,P002,8/16/2025,Qualified,No Response
APL00573,APP00573,P001,7/28/2025,Applied,Did Not Meet Requirements
APL00574,APP00574,P001,6/17/2025,Qualified,No Response
APL00575,APP00575,P003,6/6/2025,Applied,Incomplete Application
APL00576,APP00576,P001,1/22/2025,Applied,Gender Mismatch
APL00577,APP00577,P006,3/11/2024,Applied,Incomplete Application
APL00578,APP00578,P001,6/5/2025,Interviewed,Cohort Full
APL00579,APP00579,P001,1/8/2024,Enrolled,
APL00580,APP00580,P001,3/22/2025,Applied,Incomplete Application
APL00581,APP00581,P001,4/5/2025,Interviewed,Low Interview Score
APL00582,APP00582,P008,6/24/2025,Qualified,Could Not Be Reached
APL00583,APP00583,P003,3/24/2025,Applied,Incomplete Application
APL00584,APP00584,P001,1/7/2024,Applied,Did Not Meet Requirements
APL00585,APP00585,P007,9/23/2024,Qualified,No Response
APL00586,APP00586,P001,9/18/2025,Applied,Did Not Meet Requirements
APL00587,APP00587,P003,2/1/2024,Interviewed,Declined Offer
APL00588,APP00588,P004,2/18/2024,Qualified,No Response
APL00589,APP00589,P003,9/24/2024,Applied,Did Not Meet Requirements
APL00590,APP00590,P004,3/29/2025,Enrolled,
APL00591,APP00591,P002,9/26/2024,Applied,Did Not Meet Requirements
APL00592,APP00592,P002,8/24/2024,Applied,Did Not Meet Requirements
APL00593,APP00593,P001,7/14/2024,Applied,Incomplete Application
APL00594,APP00594,P007,8/30/2025,Applied,Did Not Meet Requirements
APL00595,APP00595,P006,2/8/2025,Interviewed,Declined Offer
APL00596,APP00596,P005,7/4/2024,Applied,Incomplete Application
APL00597,APP00597,P007,4/4/2024,Qualified,Interview Slots Full
APL00598,APP00598,P004,8/25/2025,Qualified,Interview Slots Full
APL00599,APP00599,P003,4/9/2025,Interviewed,Cohort Full
APL00600,APP00600,P007,3/19/2025,Interviewed,Cohort Full
APL00601,APP00601,P002,7/17/2024,Enrolled,
APL00602,APP00602,P004,4/6/2025,Enrolled,
APL00603,APP00603,P004,2/8/2024,Enrolled,
APL00604,APP00604,P002,4/25/2024,Applied,Did Not Meet Requirements
APL00605,APP00605,P001,6/14/2024,Applied,Did Not Meet Requirements
APL00606,APP00606,P003,3/31/2024,Qualified,No Response
APL00607,APP00607,P002,1/13/2024,Applied,Gender Mismatch
APL00608,APP00608,P005,1/10/2025,Applied,Gender Mismatch
APL00609,APP00609,P005,9/14/2024,Enrolled,
APL00610,APP00610,P003,9/6/2024,Applied,Incomplete Application
APL00611,APP00611,P008,3/12/2025,Qualified,No Response
APL00612,APP00612,P001,3/18/2024,Applied,Did Not Meet Requirements
APL00613,APP00613,P004,9/16/2025,Applied,Gender Mismatch
APL00614,APP00614,P004,3/1/2024,Applied,Did Not Meet Requirements
APL00615,APP00615,P006,9/12/2025,Qualified,Could Not Be Reached
APL00616,APP00616,P004,9/28/2024,Qualified,No Response
APL00617,APP00617,P001,4/15/2025,Enrolled,
APL00618,APP00618,P007,6/22/2025,Applied,Incomplete Application
APL00619,APP00619,P001,3/29/2024,Qualified,Interview Slots Full
APL00620,APP00620,P007,2/2/2024,Applied,Gender Mismatch
APL00621,APP00621,P004,9/24/2024,Interviewed,Low Interview Score
APL00622,APP00622,P005,9/19/2025,Applied,Incomplete Application
APL00623,APP00623,P008,2/12/2024,Applied,Gender Mismatch
APL00624,APP00624,P001,7/14/2024,Enrolled,
APL00625,APP00625,P003,7/18/2025,Applied,Did Not Meet Requirements
APL00626,APP00626,P007,8/28/2024,Applied,Did Not Meet Requirements
APL00627,APP00627,P005,4/18/2024,Interviewed,Cohort Full
APL00628,APP00628,P003,7/1/2024,Interviewed,Declined Offer
APL00629,APP00629,P002,9/9/2025,Applied,Did Not Meet Requirements
APL00630,APP00630,P006,4/24/2024,Applied,Did Not Meet Requirements
APL00631,APP00631,P004,7/7/2025,Interviewed,Low Interview Score
APL00632,APP00632,P006,9/23/2024,Applied,Incomplete Application
APL00633,APP00633,P005,2/9/2025,Qualified,Could Not Be Reached
APL00634,APP00634,P001,2/27/2024,Qualified,Could Not Be Reached
APL00635,APP00635,P001,2/3/2025,Applied,Incomplete Application
APL00636,APP00636,P003,8/8/2025,Interviewed,Declined Offer
APL00637,APP00637,P004,8/15/2024,Applied,Did Not Meet Requirements
APL00638,APP00638,P001,8/13/2025,Applied,Incomplete Application
APL00639,APP00639,P006,4/9/2025,Interviewed,Low Interview Score
APL00640,APP00640,P004,6/2/2024,Qualified,No Response
APL00641,APP00641,P001,1/24/2025,Qualified,Could Not Be Reached
APL00642,APP00642,P005,8/26/2024,Enrolled,
APL00643,APP00643,P006,7/26/2025,Interviewed,Low Interview Score
APL00644,APP00644,P001,1/14/2025,Applied,Did Not Meet Requirements
APL00645,APP00645,P001,3/20/2024,Qualified,Interview Slots Full
APL00646,APP00646,P007,2/8/2025,Applied,Gender Mismatch
APL00647,APP00647,P005,8/11/2024,Applied,Incomplete Application
APL00648,APP00648,P001,3/11/2025,Applied,Did Not Meet Requirements
APL00649,APP00649,P003,1/23/2024,Interviewed,Cohort Full
APL00650,APP00650,P002,6/3/2025,Applied,Incomplete Application
APL00651,APP00651,P001,6/24/2024,Qualified,Could Not Be Reached
APL00652,APP00652,P005,2/2/2024,Enrolled,
APL00653,APP00653,P003,2/28/2025,Enrolled,
APL00654,APP00654,P001,8/11/2025,Applied,Did Not Meet Requirements
APL00655,APP00655,P005,7/12/2024,Applied,Incomplete Application
APL00656,APP00656,P001,9/1/2025,Applied,Incomplete Application
APL00657,APP00657,P005,8/11/2025,Applied,Did Not Meet Requirements
APL00658,APP00658,P005,4/27/2024,Qualified,No Response
APL00659,APP00659,P008,8/13/2024,Interviewed,Declined Offer
APL00660,APP00660,P004,3/6/2025,Applied,Incomplete Application
APL00661,APP00661,P006,8/1/2025,Qualified,Interview Slots Full
APL00662,APP00662,P002,4/15/2024,Qualified,Interview Slots Full
APL00663,APP00663,P004,7/18/2024,Applied,Gender Mismatch
APL00664,APP00664,P007,8/29/2025,Qualified,No Response
APL00665,APP00665,P002,7/7/2025,Enrolled,
APL00666,APP00666,P002,4/29/2025,Applied,Incomplete Application
APL00667,APP00667,P006,9/24/2024,Interviewed,Cohort Full
APL00668,APP00668,P003,3/5/2025,Applied,Gender Mismatch
APL00669,APP00669,P008,8/22/2025,Interviewed,Low Interview Score
APL00670,APP00670,P003,8/30/2025,Applied,Did Not Meet Requirements
APL00671,APP00671,P002,4/28/2025,Qualified,Interview Slots Full
APL00672,APP00672,P004,8/23/2025,Enrolled,
APL00673,APP00673,P003,8/1/2024,Applied,Did Not Meet Requirements
APL00674,APP00674,P001,1/16/2025,Applied,Incomplete Application
APL00675,APP00675,P001,2/2/2024,Applied,Gender Mismatch
APL00676,APP00676,P007,6/7/2024,Qualified,Interview Slots Full
APL00677,APP00677,P002,8/30/2025,Interviewed,Declined Offer
APL00678,APP00678,P004,3/17/2025,Applied,Did Not Meet Requirements
APL00679,APP00679,P003,9/13/2024,Applied,Incomplete Application
APL00680,APP00680,P001,7/12/2024,Qualified,No Response
APL00681,APP00681,P008,4/9/2025,Applied,Incomplete Application
APL00682,APP00682,P002,4/12/2024,Qualified,Could Not Be Reached
APL00683,APP00683,P005,9/18/2024,Applied,Incomplete Application
APL00684,APP00684,P002,4/29/2025,Applied,Did Not Meet Requirements
APL00685,APP00685,P004,6/3/2025,Applied,Gender Mismatch
APL00686,APP00686,P002,4/15/2025,Interviewed,Low Interview Score
APL00687,APP00687,P001,2/18/2025,Interviewed,Low Interview Score
APL00688,APP00688,P002,4/10/2025,Enrolled,
APL00689,APP00689,P004,2/28/2025,Qualified,Interview Slots Full
APL00690,APP00690,P004,6/25/2025,Interviewed,Cohort Full
APL00691,APP00691,P007,1/7/2025,Applied,Incomplete Application
APL00692,APP00692,P002,3/31/2025,Applied,Did Not Meet Requirements
APL00693,APP00693,P003,9/15/2025,Interviewed,Cohort Full
APL00694,APP00694,P004,8/30/2024,Applied,Did Not Meet Requirements
APL00695,APP00695,P002,9/21/2025,Interviewed,Declined Offer
APL00696,APP00696,P006,6/25/2024,Applied,Did Not Meet Requirements
APL00697,APP00697,P002,4/11/2024,Interviewed,Low Interview Score
APL00698,APP00698,P007,4/21/2025,Qualified,No Response
APL00699,APP00699,P001,8/11/2025,Qualified,Could Not Be Reached
APL00700,APP00700,P008,2/20/2024,Applied,Did Not Meet Requirements
APL00701,APP00701,P004,8/12/2025,Qualified,No Response
APL00702,APP00702,P008,8/20/2025,Applied,Gender Mismatch
APL00703,APP00703,P008,8/26/2024,Interviewed,Low Interview Score
APL00704,APP00704,P004,8/16/2024,Qualified,No Response
APL00705,APP00705,P004,1/21/2025,Applied,Did Not Meet Requirements
APL00706,APP00706,P006,8/11/2024,Applied,Incomplete Application
APL00707,APP00707,P007,1/31/2025,Interviewed,Low Interview Score
APL00708,APP00708,P002,7/22/2025,Enrolled,
APL00709,APP00709,P002,7/19/2024,Qualified,Could Not Be Reached
APL00710,APP00710,P005,3/27/2024,Applied,Incomplete Application
APL00711,APP00711,P006,8/7/2024,Applied,Did Not Meet Requirements
APL00712,APP00712,P004,4/14/2024,Applied,Incomplete Application
APL00713,APP00713,P002,6/18/2025,Interviewed,Low Interview Score
APL00714,APP00714,P003,9/16/2025,Interviewed,Cohort Full
APL00715,APP00715,P004,2/12/2024,Applied,Gender Mismatch
APL00716,APP00716,P004,2/13/2024,Enrolled,
APL00717,APP00717,P003,1/12/2024,Applied,Incomplete Application
APL00718,APP00718,P004,1/10/2024,Enrolled,
APL00719,APP00719,P002,2/2/2024,Qualified,Could Not Be Reached
APL00720,APP00720,P008,3/24/2024,Interviewed,Cohort Full
APL00721,APP00721,P007,1/16/2025,Qualified,Interview Slots Full
APL00722,APP00722,P006,8/27/2024,Applied,Did Not Meet Requirements
APL00723,APP00723,P001,3/10/2025,Applied,Did Not Meet Requirements
APL00724,APP00724,P008,3/4/2024,Applied,Incomplete Application
APL00725,APP00725,P002,1/6/2024,Applied,Did Not Meet Requirements
APL00726,APP00726,P004,8/2/2024,Qualified,Interview Slots Full
APL00727,APP00727,P003,4/17/2024,Qualified,Could Not Be Reached
APL00728,APP00728,P004,3/24/2025,Applied,Did Not Meet Requirements
APL00729,APP00729,P005,8/24/2025,Qualified,Could Not Be Reached
APL00730,APP00730,P007,4/25/2024,Enrolled,
APL00731,APP00731,P002,4/20/2024,Interviewed,Low Interview Score
APL00732,APP00732,P008,1/28/2025,Applied,Did Not Meet Requirements
APL00733,APP00733,P004,2/18/2024,Enrolled,
APL00734,APP00734,P008,7/23/2025,Enrolled,
APL00735,APP00735,P001,8/13/2025,Enrolled,
APL00736,APP00736,P003,8/27/2024,Applied,Did Not Meet Requirements
APL00737,APP00737,P008,7/11/2024,Applied,Did Not Meet Requirements
APL00738,APP00738,P002,3/25/2024,Applied,Did Not Meet Requirements
APL00739,APP00739,P006,9/2/2024,Enrolled,
APL00740,APP00740,P004,1/26/2025,Qualified,Interview Slots Full
APL00741,APP00741,P002,6/24/2025,Applied,Did Not Meet Requirements
APL00742,APP00742,P002,3/21/2024,Applied,Incomplete Application
APL00743,APP00743,P003,4/15/2025,Enrolled,
APL00744,APP00744,P004,1/7/2024,Applied,Did Not Meet Requirements
APL00745,APP00745,P006,8/27/2025,Enrolled,
APL00746,APP00746,P008,3/28/2024,Enrolled,
APL00747,APP00747,P002,7/18/2024,Qualified,Could Not Be Reached
APL00748,APP00748,P002,9/22/2025,Applied,Did Not Meet Requirements
APL00749,APP00749,P005,4/4/2025,Qualified,Interview Slots Full
APL00750,APP00750,P004,8/7/2025,Enrolled,
APL00751,APP00751,P001,2/22/2025,Qualified,Could Not Be Reached
APL00752,APP00752,P002,3/12/2024,Qualified,No Response
APL00753,APP00753,P001,4/30/2024,Enrolled,
APL00754,APP00754,P008,2/9/2025,Enrolled,
APL00755,APP00755,P004,3/31/2024,Enrolled,
APL00756,APP00756,P005,6/26/2025,Qualified,Could Not Be Reached
APL00757,APP00757,P005,7/26/2025,Enrolled,
APL00758,APP00758,P002,9/17/2024,Enrolled,
APL00759,APP00759,P005,3/2/2024,Applied,Did Not Meet Requirements
APL00760,APP00760,P004,4/23/2024,Interviewed,Cohort Full
APL00761,APP00761,P004,4/4/2025,Qualified,No Response
APL00762,APP00762,P001,2/19/2024,Applied,Incomplete Application
APL00763,APP00763,P005,3/16/2025,Enrolled,
APL00764,APP00764,P002,7/24/2025,Enrolled,
APL00765,APP00765,P004,1/18/2025,Qualified,Could Not Be Reached
APL00766,APP00766,P004,4/9/2024,Interviewed,Declined Offer
APL00767,APP00767,P001,8/13/2024,Applied,Did Not Meet Requirements
APL00768,APP00768,P006,1/20/2025,Applied,Did Not Meet Requirements
APL00769,APP00769,P004,2/9/2024,Enrolled,
APL00770,APP00770,P005,6/22/2025,Enrolled,
APL00771,APP00771,P003,9/26/2024,Applied,Gender Mismatch
APL00772,APP00772,P001,2/28/2025,Enrolled,
APL00773,APP00773,P004,9/16/2024,Applied,Incomplete Application
APL00774,APP00774,P007,9/5/2024,Applied,Did Not Meet Requirements
APL00775,APP00775,P008,9/20/2025,Applied,Did Not Meet Requirements
APL00776,APP00776,P001,8/31/2025,Applied,Did Not Meet Requirements
APL00777,APP00777,P003,1/25/2025,Applied,Gender Mismatch
APL00778,APP00778,P004,4/30/2025,Enrolled,
APL00779,APP00779,P006,3/18/2024,Applied,Gender Mismatch
APL00780,APP00780,P001,7/13/2025,Qualified,Interview Slots Full
APL00781,APP00781,P006,2/11/2025,Applied,Gender Mismatch
APL00782,APP00782,P004,6/21/2024,Applied,Gender Mismatch
APL00783,APP00783,P002,1/14/2025,Applied,Did Not Meet Requirements
APL00784,APP00784,P001,9/22/2024,Qualified,No Response
APL00785,APP00785,P002,7/16/2024,Qualified,No Response
APL00786,APP00786,P004,8/22/2024,Qualified,Interview Slots Full
APL00787,APP00787,P008,8/5/2025,Interviewed,Declined Offer
APL00788,APP00788,P001,2/19/2025,Applied,Gender Mismatch
APL00789,APP00789,P002,3/19/2025,Enrolled,
APL00790,APP00790,P005,6/22/2025,Interviewed,Low Interview Score
APL00791,APP00791,P003,9/20/2024,Applied,Did Not Meet Requirements
APL00792,APP00792,P005,8/20/2025,Qualified,Interview Slots Full
APL00793,APP00793,P007,4/12/2024,Qualified,No Response
APL00794,APP00794,P007,8/18/2025,Enrolled,
APL00795,APP00795,P007,2/14/2024,Qualified,Could Not Be Reached
APL00796,APP00796,P002,9/12/2025,Qualified,Interview Slots Full
APL00797,APP00797,P005,1/23/2024,Applied,Incomplete Application
APL00798,APP00798,P008,7/20/2024,Qualified,Interview Slots Full
APL00799,APP00799,P004,1/15/2025,Applied,Gender Mismatch
APL00800,APP00800,P002,2/11/2025,Interviewed,Declined Offer
APL00801,APP00801,P004,1/30/2024,Qualified,No Response
APL00802,APP00802,P003,9/2/2025,Interviewed,Cohort Full
APL00803,APP00803,P006,3/16/2025,Applied,Did Not Meet Requirements
APL00804,APP00804,P004,3/9/2025,Applied,Gender Mismatch
APL00805,APP00805,P002,3/26/2024,Qualified,Could Not Be Reached
APL00806,APP00806,P008,1/18/2024,Qualified,No Response
APL00807,APP00807,P001,8/20/2025,Interviewed,Low Interview Score
APL00808,APP00808,P004,4/16/2024,Applied,Gender Mismatch
APL00809,APP00809,P008,2/22/2025,Applied,Did Not Meet Requirements
APL00810,APP00810,P004,1/24/2025,Applied,Incomplete Application
APL00811,APP00811,P004,9/14/2025,Qualified,Interview Slots Full
APL00812,APP00812,P004,1/28/2025,Applied,Gender Mismatch
APL00813,APP00813,P004,7/2/2025,Applied,Incomplete Application
APL00814,APP00814,P005,6/2/2024,Applied,Incomplete Application
APL00815,APP00815,P002,9/14/2024,Enrolled,
APL00816,APP00816,P003,3/13/2024,Applied,Gender Mismatch
APL00817,APP00817,P006,4/6/2025,Applied,Did Not Meet Requirements
APL00818,APP00818,P002,9/26/2024,Qualified,No Response
APL00819,APP00819,P001,6/15/2024,Applied,Did Not Meet Requirements
APL00820,APP00820,P008,3/19/2024,Applied,Incomplete Application
APL00821,APP00821,P001,1/22/2024,Applied,Incomplete Application
APL00822,APP00822,P008,6/28/2025,Applied,Incomplete Application
APL00823,APP00823,P004,3/13/2025,Qualified,Could Not Be Reached
APL00824,APP00824,P003,4/10/2025,Qualified,Could Not Be Reached
APL00825,APP00825,P008,1/11/2025,Qualified,No Response
APL00826,APP00826,P007,2/5/2024,Enrolled,
APL00827,APP00827,P004,3/8/2024,Interviewed,Declined Offer
APL00828,APP00828,P005,3/28/2025,Applied,Did Not Meet Requirements
APL00829,APP00829,P006,9/4/2025,Applied,Incomplete Application
APL00830,APP00830,P007,3/21/2025,Qualified,Interview Slots Full
APL00831,APP00831,P001,1/22/2025,Applied,Did Not Meet Requirements
APL00832,APP00832,P001,9/6/2024,Applied,Did Not Meet Requirements
APL00833,APP00833,P006,3/29/2025,Qualified,Could Not Be Reached
APL00834,APP00834,P001,3/29/2024,Applied,Incomplete Application
APL00835,APP00835,P003,2/14/2024,Qualified,No Response
APL00836,APP00836,P004,3/29/2025,Qualified,Could Not Be Reached
APL00837,APP00837,P003,8/10/2024,Qualified,Could Not Be Reached
APL00838,APP00838,P005,1/16/2024,Applied,Incomplete Application
APL00839,APP00839,P006,8/13/2024,Interviewed,Low Interview Score
APL00840,APP00840,P003,3/29/2024,Interviewed,Cohort Full
APL00841,APP00841,P002,9/27/2024,Qualified,No Response
APL00842,APP00842,P002,1/31/2024,Applied,Gender Mismatch
APL00843,APP00843,P007,7/9/2025,Applied,Did Not Meet Requirements
APL00844,APP00844,P003,7/26/2024,Applied,Incomplete Application
APL00845,APP00845,P002,7/19/2025,Qualified,Could Not Be Reached
APL00846,APP00846,P001,2/2/2024,Qualified,No Response
APL00847,APP00847,P005,4/21/2024,Applied,Gender Mismatch
APL00848,APP00848,P001,9/8/2025,Interviewed,Declined Offer
APL00849,APP00849,P006,7/22/2025,Enrolled,
APL00850,APP00850,P005,3/10/2025,Qualified,No Response
APL00851,APP00851,P003,2/15/2025,Applied,Did Not Meet Requirements
APL00852,APP00852,P003,9/8/2025,Interviewed,Declined Offer
APL00853,APP00853,P004,3/30/2024,Interviewed,Low Interview Score
APL00854,APP00854,P003,1/3/2024,Applied,Incomplete Application
APL00855,APP00855,P002,2/12/2024,Applied,Gender Mismatch
APL00856,APP00856,P001,9/11/2025,Applied,Incomplete Application
APL00857,APP00857,P001,4/9/2025,Qualified,Interview Slots Full
APL00858,APP00858,P002,8/26/2025,Qualified,No Response
APL00859,APP00859,P005,3/13/2025,Enrolled,
APL00860,APP00860,P007,3/9/2025,Interviewed,Cohort Full
APL00861,APP00861,P001,1/25/2024,Applied,Did Not Meet Requirements
APL00862,APP00862,P004,8/10/2025,Enrolled,
APL00863,APP00863,P004,9/25/2025,Applied,Incomplete Application
APL00864,APP00864,P004,9/5/2024,Interviewed,Cohort Full
APL00865,APP00865,P001,2/24/2024,Applied,Incomplete Application
APL00866,APP00866,P001,4/4/2025,Applied,Incomplete Application
APL00867,APP00867,P004,9/29/2024,Qualified,Interview Slots Full
APL00868,APP00868,P006,7/6/2025,Applied,Did Not Meet Requirements
APL00869,APP00869,P001,7/4/2024,Qualified,No Response
APL00870,APP00870,P004,1/23/2025,Interviewed,Cohort Full
APL00871,APP00871,P004,9/5/2025,Qualified,No Response
APL00872,APP00872,P001,2/23/2025,Applied,Did Not Meet Requirements
APL00873,APP00873,P005,2/14/2024,Applied,Incomplete Application
APL00874,APP00874,P003,1/3/2024,Applied,Did Not Meet Requirements
APL00875,APP00875,P006,6/21/2025,Applied,Did Not Meet Requirements
APL00876,APP00876,P004,1/15/2024,Qualified,No Response
APL00877,APP00877,P001,8/14/2025,Qualified,Could Not Be Reached
APL00878,APP00878,P003,9/18/2024,Applied,Incomplete Application
APL00879,APP00879,P001,9/28/2024,Applied,Did Not Meet Requirements
APL00880,APP00880,P002,2/5/2025,Applied,Did Not Meet Requirements
APL00881,APP00881,P001,9/28/2024,Applied,Incomplete Application
APL00882,APP00882,P005,8/19/2024,Applied,Incomplete Application
APL00883,APP00883,P004,9/20/2025,Qualified,Could Not Be Reached
APL00884,APP00884,P002,4/26/2024,Qualified,Interview Slots Full
APL00885,APP00885,P001,7/27/2025,Interviewed,Declined Offer
APL00886,APP00886,P008,4/9/2024,Applied,Incomplete Application
APL00887,APP00887,P004,3/12/2024,Applied,Incomplete Application
APL00888,APP00888,P004,1/23/2024,Enrolled,
APL00889,APP00889,P006,3/7/2024,Interviewed,Low Interview Score
APL00890,APP00890,P008,3/26/2025,Applied,Did Not Meet Requirements
APL00891,APP00891,P002,2/15/2025,Qualified,Interview Slots Full
APL00892,APP00892,P001,8/1/2024,Applied,Incomplete Application
APL00893,APP00893,P006,7/18/2025,Qualified,Could Not Be Reached
APL00894,APP00894,P007,9/12/2025,Enrolled,
APL00895,APP00895,P001,9/2/2024,Enrolled,
APL00896,APP00896,P001,9/23/2025,Interviewed,Declined Offer
APL00897,APP00897,P004,1/1/2025,Qualified,Could Not Be Reached
APL00898,APP00898,P001,8/1/2025,Qualified,Could Not Be Reached
APL00899,APP00899,P002,2/17/2024,Applied,Incomplete Application
APL00900,APP00900,P001,7/18/2025,Applied,Did Not Meet Requirements
APL00901,APP00901,P004,2/7/2024,Qualified,Could Not Be Reached
APL00902,APP00902,P008,7/14/2025,Applied,Incomplete Application
APL00903,APP00903,P001,1/8/2025,Qualified,Interview Slots Full
APL00904,APP00904,P008,4/30/2025,Enrolled,
APL00905,APP00905,P005,1/2/2024,Applied,Did Not Meet Requirements
APL00906,APP00906,P003,7/26/2024,Enrolled,
APL00907,APP00907,P001,7/21/2024,Interviewed,Low Interview Score
APL00908,APP00908,P005,1/12/2024,Interviewed,Cohort Full
APL00909,APP00909,P004,1/24/2024,Enrolled,
APL00910,APP00910,P008,8/21/2024,Enrolled,
APL00911,APP00911,P008,7/18/2025,Applied,Incomplete Application
APL00912,APP00912,P008,8/8/2024,Applied,Incomplete Application
APL00913,APP00913,P006,9/20/2025,Enrolled,
APL00914,APP00914,P004,6/15/2024,Qualified,Could Not Be Reached
APL00915,APP00915,P006,8/2/2024,Applied,Incomplete Application
APL00916,APP00916,P006,1/18/2025,Applied,Incomplete Application
APL00917,APP00917,P002,2/25/2025,Applied,Did Not Meet Requirements
APL00918,APP00918,P001,9/18/2024,Applied,Did Not Meet Requirements
APL00919,APP00919,P002,9/21/2025,Qualified,Could Not Be Reached
APL00920,APP00920,P004,4/26/2025,Applied,Incomplete Application
APL00921,APP00921,P006,3/10/2024,Qualified,Interview Slots Full
APL00922,APP00922,P001,7/31/2025,Enrolled,
APL00923,APP00923,P006,4/10/2025,Qualified,No Response
APL00924,APP00924,P008,9/18/2025,Enrolled,
APL00925,APP00925,P002,2/2/2024,Interviewed,Cohort Full
APL00926,APP00926,P004,4/20/2025,Interviewed,Low Interview Score
APL00927,APP00927,P008,8/16/2024,Qualified,Interview Slots Full
APL00928,APP00928,P007,8/21/2025,Applied,Incomplete Application
APL00929,APP00929,P002,6/13/2024,Enrolled,
APL00930,APP00930,P008,7/21/2025,Interviewed,Declined Offer
APL00931,APP00931,P004,4/24/2025,Qualified,Could Not Be Reached
APL00932,APP00932,P002,2/5/2025,Applied,Incomplete Application
APL00933,APP00933,P003,9/6/2025,Enrolled,
APL00934,APP00934,P004,7/4/2024,Enrolled,
APL00935,APP00935,P005,4/2/2024,Qualified,No Response
APL00936,APP00936,P004,6/4/2025,Qualified,Interview Slots Full
APL00937,APP00937,P006,7/15/2024,Applied,Did Not Meet Requirements
APL00938,APP00938,P008,4/21/2025,Applied,Incomplete Application
APL00939,APP00939,P004,4/5/2025,Applied,Did Not Meet Requirements
APL00940,APP00940,P002,9/19/2025,Enrolled,
APL00941,APP00941,P006,3/1/2024,Applied,Incomplete Application
APL00942,APP00942,P006,6/29/2025,Enrolled,
APL00943,APP00943,P003,6/9/2025,Enrolled,
APL00944,APP00944,P001,2/23/2025,Applied,Incomplete Application
APL00945,APP00945,P001,8/21/2024,Qualified,No Response
APL00946,APP00946,P007,8/24/2025,Enrolled,
APL00947,APP00947,P005,7/12/2024,Qualified,No Response
APL00948,APP00948,P001,6/24/2024,Applied,Gender Mismatch
APL00949,APP00949,P008,7/2/2025,Applied,Incomplete Application
APL00950,APP00950,P007,9/9/2024,Enrolled,
APL00951,APP00951,P002,1/18/2024,Qualified,No Response
APL00952,APP00952,P006,4/2/2025,Applied,Did Not Meet Requirements
APL00953,APP00953,P002,7/15/2024,Applied,Did Not Meet Requirements
APL00954,APP00954,P007,4/11/2024,Enrolled,
APL00955,APP00955,P004,3/24/2024,Applied,Incomplete Application
APL00956,APP00956,P006,7/19/2025,Qualified,Interview Slots Full
APL00957,APP00957,P002,4/3/2025,Qualified,Could Not Be Reached
APL00958,APP00958,P001,1/10/2025,Applied,Did Not Meet Requirements
APL00959,APP00959,P001,6/21/2025,Interviewed,Declined Offer
APL00960,APP00960,P004,7/22/2025,Enrolled,
APL00961,APP00961,P004,2/26/2025,Qualified,Could Not Be Reached
APL00962,APP00962,P007,2/28/2025,Enrolled,
APL00963,APP00963,P007,8/2/2024,Enrolled,
APL00964,APP00964,P004,1/14/2024,Interviewed,Declined Offer
APL00965,APP00965,P003,4/27/2024,Qualified,Interview Slots Full
APL00966,APP00966,P001,8/18/2025,Applied,Gender Mismatch
APL00967,APP00967,P004,1/24/2025,Applied,Incomplete Application
APL00968,APP00968,P001,6/8/2024,Qualified,No Response
APL00969,APP00969,P001,6/5/2024,Interviewed,Cohort Full
APL00970,APP00970,P008,3/16/2024,Qualified,Could Not Be Reached
APL00971,APP00971,P004,8/9/2025,Qualified,Could Not Be Reached
APL00972,APP00972,P004,3/22/2024,Applied,Did Not Meet Requirements
APL00973,APP00973,P002,1/5/2025,Applied,Gender Mismatch
APL00974,APP00974,P001,3/30/2025,Enrolled,
APL00975,APP00975,P004,1/9/2025,Applied,Gender Mismatch
APL00976,APP00976,P002,3/27/2024,Applied,Did Not Meet Requirements
APL00977,APP00977,P002,8/12/2025,Applied,Did Not Meet Requirements
APL00978,APP00978,P001,8/19/2024,Qualified,No Response
APL00979,APP00979,P003,8/19/2025,Qualified,Interview Slots Full
APL00980,APP00980,P001,3/13/2025,Applied,Incomplete Application
APL00981,APP00981,P001,1/1/2024,Applied,Did Not Meet Requirements
APL00982,APP00982,P006,2/9/2024,Interviewed,Low Interview Score
APL00983,APP00983,P006,3/17/2025,Applied,Gender Mismatch
APL00984,APP00984,P007,8/26/2025,Qualified,Could Not Be Reached
APL00985,APP00985,P004,9/14/2025,Applied,Did Not Meet Requirements
APL00986,APP00986,P002,7/24/2025,Applied,Gender Mismatch
APL00987,APP00987,P002,2/14/2025,Applied,Gender Mismatch
APL00988,APP00988,P005,4/26/2024,Enrolled,
APL00989,APP00989,P002,8/7/2025,Qualified,No Response
APL00990,APP00990,P002,4/20/2025,Qualified,No Response
APL00991,APP00991,P003,1/15/2025,Interviewed,Declined Offer
APL00992,APP00992,P006,8/20/2025,Qualified,Interview Slots Full
APL00993,APP00993,P002,2/20/2025,Applied,Did Not Meet Requirements
APL00994,APP00994,P002,1/7/2024,Applied,Gender Mismatch
APL00995,APP00995,P002,1/24/2024,Qualified,No Response
APL00996,APP00996,P004,7/2/2024,Applied,Did Not Meet Requirements
APL00997,APP00997,P001,1/5/2025,Qualified,Could Not Be Reached
APL00998,APP00998,P001,7/12/2025,Interviewed,Low Interview Score
APL00999,APP00999,P005,2/13/2024,Applied,Incomplete Application
APL01000,APP01000,P002,7/9/2025,Applied,Gender Mismatch
APL01001,APP01001,P005,1/10/2024,Qualified,No Response
APL01002,APP01002,P005,9/8/2025,Applied,Incomplete Application
APL01003,APP01003,P004,2/17/2024,Enrolled,
APL01004,APP01004,P006,3/11/2025,Enrolled,
APL01005,APP01005,P001,1/30/2024,Enrolled,
APL01006,APP01006,P005,1/9/2025,Qualified,Interview Slots Full
APL01007,APP01007,P002,8/24/2025,Interviewed,Declined Offer
APL01008,APP01008,P006,6/28/2024,Qualified,Could Not Be Reached
APL01009,APP01009,P002,3/20/2024,Applied,Incomplete Application
APL01010,APP01010,P001,1/12/2025,Applied,Gender Mismatch
APL01011,APP01011,P004,6/27/2025,Qualified,Interview Slots Full
APL01012,APP01012,P002,8/19/2025,Qualified,Could Not Be Reached
APL01013,APP01013,P003,3/7/2025,Enrolled,
APL01014,APP01014,P004,8/5/2024,Interviewed,Cohort Full
APL01015,APP01015,P007,2/20/2025,Qualified,Interview Slots Full
APL01016,APP01016,P008,4/17/2025,Qualified,Could Not Be Reached
APL01017,APP01017,P002,3/10/2024,Applied,Did Not Meet Requirements
APL01018,APP01018,P006,3/6/2025,Qualified,No Response
APL01019,APP01019,P006,3/16/2025,Interviewed,Low Interview Score
APL01020,APP01020,P008,3/7/2025,Interviewed,Cohort Full
APL01021,APP01021,P004,8/16/2025,Applied,Gender Mismatch
APL01022,APP01022,P002,9/12/2024,Applied,Gender Mismatch
APL01023,APP01023,P007,9/4/2025,Qualified,No Response
APL01024,APP01024,P003,7/20/2025,Applied,Incomplete Application
APL01025,APP01025,P002,3/14/2024,Applied,Gender Mismatch
APL01026,APP01026,P008,1/23/2024,Applied,Incomplete Application
APL01027,APP01027,P007,9/29/2024,Qualified,No Response
APL01028,APP01028,P002,9/4/2025,Qualified,Could Not Be Reached
APL01029,APP01029,P006,2/15/2025,Applied,Incomplete Application
APL01030,APP01030,P003,2/20/2025,Applied,Did Not Meet Requirements
APL01031,APP01031,P004,1/20/2024,Interviewed,Low Interview Score
APL01032,APP01032,P008,3/5/2025,Interviewed,Cohort Full
APL01033,APP01033,P007,3/27/2024,Applied,Gender Mismatch
APL01034,APP01034,P003,7/26/2024,Qualified,No Response
APL01035,APP01035,P003,4/23/2024,Applied,Did Not Meet Requirements
APL01036,APP01036,P007,3/20/2025,Applied,Incomplete Application
APL01037,APP01037,P008,7/9/2025,Interviewed,Declined Offer
APL01038,APP01038,P006,7/23/2025,Applied,Incomplete Application
APL01039,APP01039,P006,1/26/2024,Applied,Did Not Meet Requirements
APL01040,APP01040,P004,4/18/2024,Enrolled,
APL01041,APP01041,P004,2/28/2024,Qualified,No Response
APL01042,APP01042,P002,4/25/2025,Qualified,Could Not Be Reached
APL01043,APP01043,P002,2/17/2024,Interviewed,Low Interview Score
APL01044,APP01044,P001,7/27/2025,Applied,Incomplete Application
APL01045,APP01045,P008,2/17/2024,Applied,Gender Mismatch
APL01046,APP01046,P001,6/12/2025,Applied,Gender Mismatch
APL01047,APP01047,P008,2/5/2025,Applied,Gender Mismatch
APL01048,APP01048,P005,7/17/2024,Qualified,No Response
APL01049,APP01049,P002,3/30/2025,Enrolled,
APL01050,APP01050,P008,8/10/2025,Applied,Gender Mismatch
APL01051,APP01051,P005,7/19/2025,Applied,Incomplete Application
APL01052,APP01052,P004,1/18/2024,Qualified,No Response
APL01053,APP01053,P002,8/31/2025,Interviewed,Declined Offer
APL01054,APP01054,P007,2/12/2025,Interviewed,Cohort Full
APL01055,APP01055,P003,7/24/2025,Qualified,Interview Slots Full
APL01056,APP01056,P001,1/9/2024,Interviewed,Cohort Full
APL01057,APP01057,P002,2/13/2024,Applied,Incomplete Application
APL01058,APP01058,P004,2/21/2025,Applied,Did Not Meet Requirements
APL01059,APP01059,P004,8/20/2024,Applied,Gender Mismatch
APL01060,APP01060,P006,1/28/2024,Applied,Incomplete Application
APL01061,APP01061,P004,3/18/2024,Enrolled,
APL01062,APP01062,P001,1/23/2025,Interviewed,Declined Offer
APL01063,APP01063,P008,4/27/2024,Applied,Did Not Meet Requirements
APL01064,APP01064,P002,3/4/2025,Interviewed,Low Interview Score
APL01065,APP01065,P004,7/4/2025,Applied,Did Not Meet Requirements
APL01066,APP01066,P006,8/6/2024,Interviewed,Cohort Full
APL01067,APP01067,P002,1/21/2025,Applied,Incomplete Application
APL01068,APP01068,P008,2/18/2024,Applied,Did Not Meet Requirements
APL01069,APP01069,P008,6/6/2024,Qualified,No Response
APL01070,APP01070,P007,4/28/2024,Applied,Incomplete Application
APL01071,APP01071,P003,4/16/2025,Applied,Gender Mismatch
APL01072,APP01072,P004,7/11/2024,Applied,Did Not Meet Requirements
APL01073,APP01073,P008,7/12/2025,Interviewed,Declined Offer
APL01074,APP01074,P005,9/29/2025,Applied,Incomplete Application
APL01075,APP01075,P001,9/15/2024,Applied,Did Not Meet Requirements
APL01076,APP01076,P006,7/30/2024,Enrolled,
APL01077,APP01077,P006,8/7/2024,Interviewed,Cohort Full
APL01078,APP01078,P001,2/13/2024,Interviewed,Declined Offer
APL01079,APP01079,P001,8/14/2024,Qualified,Could Not Be Reached
APL01080,APP01080,P002,1/6/2025,Applied,Incomplete Application
APL01081,APP01081,P002,4/21/2024,Interviewed,Cohort Full
APL01082,APP01082,P008,7/4/2024,Enrolled,
APL01083,APP01083,P004,4/21/2024,Interviewed,Low Interview Score
APL01084,APP01084,P008,9/14/2025,Qualified,No Response
APL01085,APP01085,P003,9/25/2025,Qualified,Could Not Be Reached
APL01086,APP01086,P004,7/2/2024,Enrolled,
APL01087,APP01087,P003,6/11/2024,Applied,Incomplete Application
APL01088,APP01088,P002,7/3/2025,Interviewed,Cohort Full
APL01089,APP01089,P001,7/19/2025,Qualified,Interview Slots Full
APL01090,APP01090,P003,8/10/2024,Applied,Gender Mismatch
APL01091,APP01091,P007,8/2/2024,Qualified,Interview Slots Full
APL01092,APP01092,P001,1/1/2025,Qualified,Interview Slots Full
APL01093,APP01093,P003,3/4/2025,Qualified,No Response
APL01094,APP01094,P001,2/17/2024,Applied,Did Not Meet Requirements
APL01095,APP01095,P008,9/30/2025,Qualified,Could Not Be Reached
APL01096,APP01096,P002,7/12/2025,Interviewed,Low Interview Score
APL01097,APP01097,P001,9/9/2025,Interviewed,Cohort Full
APL01098,APP01098,P003,6/4/2024,Qualified,Could Not Be Reached
APL01099,APP01099,P005,4/8/2025,Applied,Incomplete Application
APL01100,APP01100,P003,1/26/2025,Applied,Incomplete Application
APL01101,APP01101,P005,1/17/2024,Applied,Gender Mismatch
APL01102,APP01102,P002,3/21/2024,Applied,Incomplete Application
APL01103,APP01103,P007,7/13/2024,Qualified,Interview Slots Full
APL01104,APP01104,P001,6/27/2025,Interviewed,Cohort Full
APL01105,APP01105,P005,8/22/2025,Qualified,Could Not Be Reached
APL01106,APP01106,P005,2/23/2024,Interviewed,Low Interview Score
APL01107,APP01107,P002,8/16/2024,Qualified,Interview Slots Full
APL01108,APP01108,P004,8/12/2024,Qualified,No Response
APL01109,APP01109,P004,7/1/2025,Applied,Gender Mismatch
APL01110,APP01110,P003,7/21/2025,Qualified,Interview Slots Full
APL01111,APP01111,P001,9/16/2025,Qualified,No Response
APL01112,APP01112,P004,9/11/2025,Qualified,No Response
APL01113,APP01113,P004,7/10/2025,Applied,Incomplete Application
APL01114,APP01114,P004,4/10/2025,Qualified,Interview Slots Full
APL01115,APP01115,P006,8/12/2025,Applied,Did Not Meet Requirements
APL01116,APP01116,P008,7/31/2025,Enrolled,
APL01117,APP01117,P002,3/8/2024,Qualified,No Response
APL01118,APP01118,P003,6/11/2024,Applied,Gender Mismatch
APL01119,APP01119,P004,6/27/2024,Applied,Did Not Meet Requirements
APL01120,APP01120,P003,1/31/2024,Applied,Gender Mismatch
APL01121,APP01121,P004,4/30/2024,Applied,Gender Mismatch
APL01122,APP01122,P002,9/3/2025,Applied,Incomplete Application
APL01123,APP01123,P003,9/23/2024,Applied,Did Not Meet Requirements
APL01124,APP01124,P006,4/12/2025,Qualified,Interview Slots Full
APL01125,APP01125,P001,2/25/2025,Applied,Incomplete Application
APL01126,APP01126,P003,3/8/2025,Applied,Did Not Meet Requirements
APL01127,APP01127,P003,4/30/2024,Applied,Incomplete Application
APL01128,APP01128,P006,8/31/2024,Applied,Incomplete Application
APL01129,APP01129,P004,6/27/2025,Qualified,No Response
APL01130,APP01130,P008,3/6/2025,Qualified,Interview Slots Full
APL01131,APP01131,P006,2/7/2025,Applied,Did Not Meet Requirements
APL01132,APP01132,P002,8/12/2025,Applied,Gender Mismatch
APL01133,APP01133,P001,4/17/2024,Enrolled,
APL01134,APP01134,P006,4/9/2025,Applied,Did Not Meet Requirements
APL01135,APP01135,P007,4/17/2025,Qualified,No Response
APL01136,APP01136,P007,3/21/2024,Interviewed,Low Interview Score
APL01137,APP01137,P001,9/12/2024,Qualified,Could Not Be Reached
APL01138,APP01138,P004,2/3/2024,Enrolled,
APL01139,APP01139,P003,2/24/2024,Applied,Incomplete Application
APL01140,APP01140,P008,1/21/2025,Qualified,No Response
APL01141,APP01141,P008,6/19/2025,Applied,Incomplete Application
APL01142,APP01142,P001,3/4/2024,Enrolled,
APL01143,APP01143,P003,3/26/2025,Applied,Incomplete Application
APL01144,APP01144,P001,6/28/2025,Applied,Gender Mismatch
APL01145,APP01145,P001,8/31/2025,Applied,Did Not Meet Requirements
APL01146,APP01146,P001,6/5/2025,Qualified,No Response
APL01147,APP01147,P002,2/3/2024,Applied,Did Not Meet Requirements
APL01148,APP01148,P001,1/6/2024,Applied,Did Not Meet Requirements
APL01149,APP01149,P007,9/19/2025,Interviewed,Low Interview Score
APL01150,APP01150,P002,3/20/2024,Qualified,Could Not Be Reached
APL01151,APP01151,P004,3/7/2024,Interviewed,Cohort Full
APL01152,APP01152,P004,2/17/2024,Qualified,No Response
APL01153,APP01153,P004,6/3/2025,Interviewed,Cohort Full
APL01154,APP01154,P008,2/1/2025,Applied,Incomplete Application
APL01155,APP01155,P007,8/30/2025,Applied,Incomplete Application
APL01156,APP01156,P005,6/27/2025,Interviewed,Cohort Full
APL01157,APP01157,P005,1/8/2025,Qualified,Could Not Be Reached
APL01158,APP01158,P005,8/9/2024,Qualified,Interview Slots Full
APL01159,APP01159,P002,3/28/2025,Qualified,Interview Slots Full
APL01160,APP01160,P004,4/30/2025,Qualified,Interview Slots Full
APL01161,APP01161,P008,2/7/2025,Interviewed,Low Interview Score
APL01162,APP01162,P003,1/6/2025,Interviewed,Cohort Full
APL01163,APP01163,P004,8/16/2025,Applied,Did Not Meet Requirements
APL01164,APP01164,P006,1/12/2024,Applied,Gender Mismatch
APL01165,APP01165,P001,9/10/2025,Qualified,Could Not Be Reached
APL01166,APP01166,P004,7/25/2025,Qualified,Interview Slots Full
APL01167,APP01167,P006,4/9/2025,Applied,Incomplete Application
APL01168,APP01168,P005,7/13/2025,Interviewed,Declined Offer
APL01169,APP01169,P002,4/4/2025,Qualified,Interview Slots Full
APL01170,APP01170,P006,1/8/2024,Qualified,Interview Slots Full
APL01171,APP01171,P007,4/5/2024,Applied,Did Not Meet Requirements
APL01172,APP01172,P008,6/4/2024,Enrolled,
APL01173,APP01173,P005,6/24/2024,Interviewed,Declined Offer
APL01174,APP01174,P001,9/26/2025,Qualified,No Response
APL01175,APP01175,P006,3/12/2024,Qualified,Interview Slots Full
APL01176,APP01176,P005,8/23/2025,Qualified,Interview Slots Full
APL01177,APP01177,P008,3/30/2024,Enrolled,
APL01178,APP01178,P007,2/13/2025,Enrolled,
APL01179,APP01179,P002,4/24/2025,Enrolled,
APL01180,APP01180,P006,8/16/2024,Enrolled,
APL01181,APP01181,P004,9/2/2024,Applied,Did Not Meet Requirements
APL01182,APP01182,P003,9/29/2024,Applied,Incomplete Application
APL01183,APP01183,P001,9/28/2024,Enrolled,
APL01184,APP01184,P004,4/26/2024,Enrolled,
APL01185,APP01185,P002,3/8/2024,Qualified,Could Not Be Reached
APL01186,APP01186,P002,6/10/2024,Qualified,Could Not Be Reached
APL01187,APP01187,P006,3/15/2024,Applied,Gender Mismatch
APL01188,APP01188,P004,4/7/2025,Applied,Gender Mismatch
APL01189,APP01189,P008,3/28/2024,Qualified,Could Not Be Reached
APL01190,APP01190,P002,3/21/2024,Enrolled,
APL01191,APP01191,P002,2/26/2024,Interviewed,Cohort Full
APL01192,APP01192,P003,9/4/2025,Qualified,Interview Slots Full
APL01193,APP01193,P004,8/14/2025,Interviewed,Low Interview Score
APL01194,APP01194,P006,2/2/2025,Enrolled,
APL01195,APP01195,P004,6/18/2025,Qualified,Interview Slots Full
APL01196,APP01196,P003,4/6/2025,Interviewed,Declined Offer
APL01197,APP01197,P001,3/19/2025,Enrolled,
APL01198,APP01198,P004,9/19/2025,Applied,Did Not Meet Requirements
APL01199,APP01199,P006,4/24/2024,Qualified,Interview Slots Full
APL01200,APP01200,P008,8/9/2024,Interviewed,Cohort Full
APL01201,APP01201,P005,9/27/2025,Enrolled,
APL01202,APP01202,P004,8/18/2024,Applied,Incomplete Application
APL01203,APP01203,P004,6/14/2024,Interviewed,Cohort Full
APL01204,APP01204,P002,4/24/2024,Interviewed,Declined Offer
APL01205,APP01205,P004,4/3/2024,Applied,Gender Mismatch
APL01206,APP01206,P001,4/10/2024,Qualified,Interview Slots Full
APL01207,APP01207,P004,1/16/2025,Applied,Did Not Meet Requirements
APL01208,APP01208,P003,6/14/2025,Applied,Incomplete Application
APL01209,APP01209,P001,8/14/2024,Qualified,Could Not Be Reached
APL01210,APP01210,P004,8/5/2025,Enrolled,
APL01211,APP01211,P004,6/14/2025,Qualified,No Response
APL01212,APP01212,P005,6/21/2024,Applied,Incomplete Application
APL01213,APP01213,P001,9/2/2025,Interviewed,Declined Offer
APL01214,APP01214,P002,9/20/2024,Applied,Gender Mismatch
APL01215,APP01215,P008,1/7/2024,Applied,Incomplete Application
APL01216,APP01216,P008,1/9/2025,Applied,Did Not Meet Requirements
APL01217,APP01217,P004,4/28/2024,Applied,Did Not Meet Requirements
APL01218,APP01218,P001,2/14/2024,Interviewed,Cohort Full
APL01219,APP01219,P001,8/28/2025,Applied,Gender Mismatch
APL01220,APP01220,P002,8/9/2024,Applied,Gender Mismatch
APL01221,APP01221,P004,8/21/2024,Interviewed,Low Interview Score
APL01222,APP01222,P005,1/5/2024,Qualified,Could Not Be Reached
APL01223,APP01223,P003,1/20/2024,Applied,Incomplete Application
APL01224,APP01224,P002,3/10/2024,Applied,Incomplete Application
APL01225,APP01225,P003,9/18/2025,Qualified,Could Not Be Reached
APL01226,APP01226,P005,8/15/2025,Applied,Incomplete Application
APL01227,APP01227,P006,9/13/2025,Interviewed,Cohort Full
APL01228,APP01228,P002,3/8/2025,Applied,Incomplete Application
APL01229,APP01229,P003,9/2/2025,Qualified,No Response
APL01230,APP01230,P004,2/6/2025,Applied,Incomplete Application
APL01231,APP01231,P002,1/13/2025,Applied,Incomplete Application
APL01232,APP01232,P001,3/30/2024,Qualified,Interview Slots Full
APL01233,APP01233,P005,3/2/2024,Qualified,Interview Slots Full
APL01234,APP01234,P001,3/14/2024,Applied,Gender Mismatch
APL01235,APP01235,P001,9/25/2025,Enrolled,
APL01236,APP01236,P002,1/22/2025,Qualified,Could Not Be Reached
APL01237,APP01237,P003,6/17/2024,Applied,Did Not Meet Requirements
APL01238,APP01238,P007,7/2/2025,Qualified,Could Not Be Reached
APL01239,APP01239,P008,6/27/2025,Applied,Gender Mismatch
APL01240,APP01240,P004,2/16/2024,Applied,Gender Mismatch
APL01241,APP01241,P004,6/13/2024,Applied,Gender Mismatch
APL01242,APP01242,P002,7/18/2025,Applied,Gender Mismatch
APL01243,APP01243,P001,9/26/2024,Applied,Incomplete Application
APL01244,APP01244,P002,9/24/2024,Enrolled,
APL01245,APP01245,P002,8/12/2024,Applied,Gender Mismatch
APL01246,APP01246,P008,9/7/2024,Applied,Gender Mismatch
APL01247,APP01247,P002,6/24/2024,Enrolled,
APL01248,APP01248,P002,8/8/2024,Applied,Incomplete Application
APL01249,APP01249,P008,4/10/2024,Qualified,No Response
APL01250,APP01250,P002,2/25/2025,Qualified,Interview Slots Full
APL01251,APP01251,P006,1/17/2025,Enrolled,
APL01252,APP01252,P004,1/22/2024,Enrolled,
APL01253,APP01253,P002,1/14/2024,Applied,Did Not Meet Requirements
APL01254,APP01254,P004,6/4/2025,Applied,Did Not Meet Requirements
APL01255,APP01255,P008,4/19/2025,Enrolled,
APL01256,APP01256,P007,2/4/2024,Enrolled,
APL01257,APP01257,P006,4/21/2025,Enrolled,
APL01258,APP01258,P002,9/28/2025,Qualified,No Response
APL01259,APP01259,P001,8/30/2025,Interviewed,Low Interview Score
APL01260,APP01260,P002,1/8/2024,Enrolled,
APL01261,APP01261,P008,4/30/2024,Applied,Did Not Meet Requirements
APL01262,APP01262,P002,1/21/2025,Applied,Gender Mismatch
APL01263,APP01263,P008,4/8/2024,Applied,Gender Mismatch
APL01264,APP01264,P003,1/30/2024,Qualified,Interview Slots Full
APL01265,APP01265,P001,6/18/2025,Qualified,Interview Slots Full
APL01266,APP01266,P004,2/13/2024,Applied,Did Not Meet Requirements
APL01267,APP01267,P005,9/25/2025,Enrolled,
APL01268,APP01268,P001,4/10/2024,Interviewed,Declined Offer
APL01269,APP01269,P004,3/20/2025,Qualified,Interview Slots Full
APL01270,APP01270,P003,1/18/2024,Interviewed,Cohort Full
APL01271,APP01271,P004,9/14/2025,Qualified,Interview Slots Full
APL01272,APP01272,P001,8/16/2025,Interviewed,Cohort Full
APL01273,APP01273,P001,6/21/2025,Interviewed,Cohort Full
APL01274,APP01274,P002,3/25/2024,Enrolled,
APL01275,APP01275,P008,3/8/2024,Interviewed,Declined Offer
APL01276,APP01276,P003,9/8/2024,Applied,Incomplete Application
APL01277,APP01277,P003,3/5/2025,Applied,Incomplete Application
APL01278,APP01278,P004,6/28/2024,Applied,Did Not Meet Requirements
APL01279,APP01279,P008,6/6/2025,Interviewed,Low Interview Score
APL01280,APP01280,P002,1/20/2024,Enrolled,
APL01281,APP01281,P003,2/15/2025,Applied,Gender Mismatch
APL01282,APP01282,P007,2/18/2024,Interviewed,Cohort Full
APL01283,APP01283,P001,8/24/2024,Qualified,Interview Slots Full
APL01284,APP01284,P001,2/25/2025,Applied,Did Not Meet Requirements
APL01285,APP01285,P007,7/27/2024,Qualified,Interview Slots Full
APL01286,APP01286,P002,6/8/2024,Interviewed,Low Interview Score
APL01287,APP01287,P002,7/13/2024,Qualified,No Response
APL01288,APP01288,P005,9/12/2025,Enrolled,
APL01289,APP01289,P004,2/15/2025,Applied,Incomplete Application
APL01290,APP01290,P008,7/18/2024,Qualified,Could Not Be Reached
APL01291,APP01291,P001,1/5/2025,Interviewed,Declined Offer
APL01292,APP01292,P004,4/5/2025,Interviewed,Low Interview Score
APL01293,APP01293,P005,6/9/2025,Interviewed,Cohort Full
APL01294,APP01294,P008,8/28/2024,Applied,Did Not Meet Requirements
APL01295,APP01295,P001,3/7/2025,Interviewed,Declined Offer
APL01296,APP01296,P005,4/10/2025,Enrolled,
APL01297,APP01297,P003,2/4/2024,Applied,Incomplete Application
APL01298,APP01298,P007,4/7/2024,Qualified,No Response
APL01299,APP01299,P004,3/14/2024,Qualified,Could Not Be Reached
APL01300,APP01300,P003,2/21/2024,Interviewed,Cohort Full
APL01301,APP01301,P007,1/19/2025,Enrolled,
APL01302,APP01302,P002,4/22/2025,Qualified,Could Not Be Reached
APL01303,APP01303,P008,4/16/2025,Qualified,Could Not Be Reached
APL01304,APP01304,P002,6/5/2025,Applied,Gender Mismatch
APL01305,APP01305,P004,8/13/2025,Qualified,Could Not Be Reached
APL01306,APP01306,P006,3/29/2024,Applied,Incomplete Application
APL01307,APP01307,P002,6/13/2025,Qualified,No Response
APL01308,APP01308,P004,4/8/2025,Applied,Incomplete Application
APL01309,APP01309,P007,1/16/2025,Applied,Did Not Meet Requirements
APL01310,APP01310,P004,2/20/2025,Applied,Incomplete Application
APL01311,APP01311,P001,3/25/2024,Applied,Incomplete Application
APL01312,APP01312,P001,9/25/2024,Applied,Incomplete Application
APL01313,APP01313,P001,1/4/2024,Applied,Did Not Meet Requirements
APL01314,APP01314,P006,9/10/2024,Enrolled,
APL01315,APP01315,P003,2/19/2024,Applied,Did Not Meet Requirements
APL01316,APP01316,P008,6/12/2025,Interviewed,Low Interview Score
APL01317,APP01317,P003,2/3/2024,Enrolled,
APL01318,APP01318,P006,7/3/2024,Enrolled,
APL01319,APP01319,P005,1/1/2024,Applied,Did Not Meet Requirements
APL01320,APP01320,P005,9/2/2024,Qualified,Could Not Be Reached
APL01321,APP01321,P002,6/24/2024,Enrolled,
APL01322,APP01322,P003,4/8/2024,Qualified,Could Not Be Reached
APL01323,APP01323,P006,6/26/2025,Qualified,Interview Slots Full
APL01324,APP01324,P005,1/12/2025,Applied,Gender Mismatch
APL01325,APP01325,P003,7/13/2024,Applied,Gender Mismatch
APL01326,APP01326,P001,8/4/2025,Applied,Incomplete Application
APL01327,APP01327,P004,9/23/2025,Interviewed,Cohort Full
APL01328,APP01328,P007,4/4/2025,Applied,Incomplete Application
APL01329,APP01329,P003,4/15/2024,Applied,Gender Mismatch
APL01330,APP01330,P008,8/25/2025,Applied,Incomplete Application
APL01331,APP01331,P001,3/26/2024,Applied,Incomplete Application
APL01332,APP01332,P005,7/19/2024,Enrolled,
APL01333,APP01333,P001,6/13/2025,Applied,Incomplete Application
APL01334,APP01334,P005,4/24/2024,Qualified,Could Not Be Reached
APL01335,APP01335,P007,6/10/2025,Enrolled,
APL01336,APP01336,P004,3/5/2024,Interviewed,Declined Offer
APL01337,APP01337,P004,9/18/2024,Interviewed,Declined Offer
APL01338,APP01338,P006,7/13/2025,Enrolled,
APL01339,APP01339,P006,1/2/2025,Applied,Incomplete Application
APL01340,APP01340,P004,7/14/2024,Applied,Incomplete Application
APL01341,APP01341,P004,9/2/2025,Applied,Incomplete Application
APL01342,APP01342,P001,1/22/2025,Applied,Incomplete Application
APL01343,APP01343,P002,1/20/2024,Qualified,Could Not Be Reached
APL01344,APP01344,P002,1/10/2025,Interviewed,Declined Offer
APL01345,APP01345,P002,9/15/2025,Qualified,Interview Slots Full
APL01346,APP01346,P004,6/30/2024,Applied,Did Not Meet Requirements
APL01347,APP01347,P008,7/20/2025,Applied,Did Not Meet Requirements
APL01348,APP01348,P008,2/11/2024,Applied,Did Not Meet Requirements
APL01349,APP01349,P006,2/13/2025,Enrolled,
APL01350,APP01350,P002,7/2/2024,Applied,Incomplete Application
APL01351,APP01351,P001,4/4/2025,Qualified,No Response
APL01352,APP01352,P003,9/30/2025,Qualified,Interview Slots Full
APL01353,APP01353,P003,9/27/2025,Qualified,Interview Slots Full
APL01354,APP01354,P006,9/7/2024,Applied,Did Not Meet Requirements
APL01355,APP01355,P004,8/24/2024,Applied,Did Not Meet Requirements
APL01356,APP01356,P006,4/28/2025,Qualified,Could Not Be Reached
APL01357,APP01357,P004,4/1/2024,Qualified,No Response
APL01358,APP01358,P001,2/4/2024,Qualified,Could Not Be Reached
APL01359,APP01359,P003,7/12/2025,Qualified,Interview Slots Full
APL01360,APP01360,P005,8/3/2024,Applied,Did Not Meet Requirements
APL01361,APP01361,P004,2/14/2024,Applied,Did Not Meet Requirements
APL01362,APP01362,P005,9/24/2025,Qualified,Interview Slots Full
APL01363,APP01363,P006,1/24/2024,Qualified,Could Not Be Reached
APL01364,APP01364,P001,3/5/2024,Qualified,Could Not Be Reached
APL01365,APP01365,P004,4/3/2024,Interviewed,Declined Offer
APL01366,APP01366,P001,1/4/2025,Applied,Incomplete Application
APL01367,APP01367,P003,2/7/2025,Applied,Incomplete Application
APL01368,APP01368,P004,1/28/2024,Interviewed,Declined Offer
APL01369,APP01369,P004,3/7/2024,Qualified,Interview Slots Full
APL01370,APP01370,P002,6/1/2025,Applied,Gender Mismatch
APL01371,APP01371,P002,3/19/2024,Interviewed,Declined Offer
APL01372,APP01372,P007,1/9/2025,Qualified,Could Not Be Reached
APL01373,APP01373,P005,8/3/2025,Interviewed,Cohort Full
APL01374,APP01374,P002,6/12/2025,Applied,Gender Mismatch
APL01375,APP01375,P002,6/9/2024,Enrolled,
APL01376,APP01376,P001,4/2/2025,Applied,Gender Mismatch
APL01377,APP01377,P004,2/4/2024,Qualified,Interview Slots Full
APL01378,APP01378,P001,1/6/2025,Applied,Gender Mismatch
APL01379,APP01379,P004,9/2/2025,Qualified,Could Not Be Reached
APL01380,APP01380,P001,8/25/2024,Qualified,Interview Slots Full
APL01381,APP01381,P008,9/18/2025,Qualified,No Response
APL01382,APP01382,P007,9/1/2024,Interviewed,Cohort Full
APL01383,APP01383,P001,1/25/2025,Applied,Incomplete Application
APL01384,APP01384,P004,9/24/2025,Applied,Did Not Meet Requirements
APL01385,APP01385,P005,6/11/2025,Qualified,Interview Slots Full
APL01386,APP01386,P001,3/21/2025,Enrolled,
APL01387,APP01387,P007,7/19/2024,Qualified,No Response
APL01388,APP01388,P004,3/21/2024,Enrolled,
APL01389,APP01389,P001,9/13/2024,Qualified,Interview Slots Full
APL01390,APP01390,P006,8/7/2024,Applied,Incomplete Application
APL01391,APP01391,P004,7/15/2024,Applied,Gender Mismatch
APL01392,APP01392,P005,3/11/2024,Qualified,No Response
APL01393,APP01393,P002,4/26/2024,Qualified,No Response
APL01394,APP01394,P002,3/15/2025,Qualified,Interview Slots Full
APL01395,APP01395,P002,2/20/2025,Enrolled,
APL01396,APP01396,P005,2/25/2024,Interviewed,Cohort Full
APL01397,APP01397,P004,4/29/2025,Enrolled,
APL01398,APP01398,P001,6/12/2025,Qualified,No Response
APL01399,APP01399,P003,2/25/2024,Qualified,Interview Slots Full
APL01400,APP01400,P005,3/21/2025,Applied,Did Not Meet Requirements
APL01401,APP01401,P003,1/27/2024,Enrolled,
APL01402,APP01402,P002,6/17/2024,Applied,Did Not Meet Requirements
APL01403,APP01403,P002,7/1/2025,Applied,Did Not Meet Requirements
APL01404,APP01404,P006,1/1/2024,Applied,Did Not Meet Requirements
APL01405,APP01405,P007,4/10/2024,Enrolled,
APL01406,APP01406,P002,7/1/2024,Qualified,Could Not Be Reached
APL01407,APP01407,P001,4/3/2025,Interviewed,Cohort Full
APL01408,APP01408,P008,4/20/2024,Interviewed,Cohort Full
APL01409,APP01409,P008,7/25/2025,Applied,Did Not Meet Requirements
APL01410,APP01410,P001,9/29/2025,Qualified,Interview Slots Full
APL01411,APP01411,P004,4/25/2025,Qualified,Could Not Be Reached
APL01412,APP01412,P001,9/7/2025,Qualified,Interview Slots Full
APL01413,APP01413,P006,2/19/2025,Interviewed,Cohort Full
APL01414,APP01414,P003,1/25/2024,Qualified,No Response
APL01415,APP01415,P005,3/28/2024,Applied,Gender Mismatch
APL01416,APP01416,P002,6/5/2025,Interviewed,Low Interview Score
APL01417,APP01417,P004,8/9/2024,Applied,Incomplete Application
APL01418,APP01418,P003,9/13/2025,Applied,Incomplete Application
APL01419,APP01419,P002,1/13/2024,Qualified,Could Not Be Reached
APL01420,APP01420,P004,6/29/2024,Qualified,No Response
APL01421,APP01421,P005,9/17/2024,Applied,Incomplete Application
APL01422,APP01422,P005,8/11/2025,Applied,Incomplete Application
APL01423,APP01423,P002,8/28/2024,Qualified,No Response
APL01424,APP01424,P001,8/28/2024,Qualified,Could Not Be Reached
APL01425,APP01425,P003,3/29/2025,Applied,Did Not Meet Requirements
APL01426,APP01426,P005,7/16/2024,Applied,Incomplete Application
APL01427,APP01427,P005,7/28/2025,Enrolled,
APL01428,APP01428,P008,7/11/2024,Enrolled,
APL01429,APP01429,P001,9/5/2025,Qualified,Could Not Be Reached
APL01430,APP01430,P006,9/5/2025,Interviewed,Low Interview Score
APL01431,APP01431,P004,6/9/2025,Applied,Incomplete Application
APL01432,APP01432,P004,2/13/2025,Qualified,Interview Slots Full
APL01433,APP01433,P008,2/5/2024,Enrolled,
APL01434,APP01434,P005,6/28/2024,Applied,Did Not Meet Requirements
APL01435,APP01435,P004,2/8/2025,Applied,Did Not Meet Requirements
APL01436,APP01436,P002,6/29/2025,Applied,Gender Mismatch
APL01437,APP01437,P007,8/23/2025,Qualified,Could Not Be Reached
APL01438,APP01438,P007,4/7/2024,Enrolled,
APL01439,APP01439,P004,1/10/2025,Interviewed,Cohort Full
APL01440,APP01440,P004,1/4/2025,Applied,Did Not Meet Requirements
APL01441,APP01441,P001,1/19/2025,Applied,Did Not Meet Requirements
APL01442,APP01442,P005,4/25/2024,Qualified,Could Not Be Reached
APL01443,APP01443,P006,6/27/2025,Qualified,Could Not Be Reached
APL01444,APP01444,P001,4/23/2025,Applied,Incomplete Application
APL01445,APP01445,P005,6/22/2024,Interviewed,Low Interview Score
APL01446,APP01446,P008,6/9/2024,Applied,Incomplete Application
APL01447,APP01447,P004,8/11/2025,Interviewed,Declined Offer
APL01448,APP01448,P008,9/8/2024,Interviewed,Low Interview Score
APL01449,APP01449,P004,8/21/2025,Qualified,No Response
APL01450,APP01450,P001,6/2/2024,Applied,Did Not Meet Requirements
APL01451,APP01451,P004,2/22/2024,Applied,Did Not Meet Requirements
APL01452,APP01452,P002,6/8/2024,Enrolled,
APL01453,APP01453,P003,7/15/2025,Enrolled,
APL01454,APP01454,P008,1/24/2025,Enrolled,
APL01455,APP01455,P002,9/23/2025,Qualified,Interview Slots Full
APL01456,APP01456,P005,9/23/2024,Applied,Incomplete Application
APL01457,APP01457,P008,4/21/2024,Applied,Incomplete Application
APL01458,APP01458,P004,1/28/2025,Qualified,No Response
APL01459,APP01459,P004,4/8/2025,Qualified,No Response
APL01460,APP01460,P005,4/3/2024,Applied,Incomplete Application
APL01461,APP01461,P003,6/30/2024,Applied,Did Not Meet Requirements
APL01462,APP01462,P005,3/26/2024,Applied,Did Not Meet Requirements
APL01463,APP01463,P002,7/4/2024,Interviewed,Low Interview Score
APL01464,APP01464,P004,4/9/2024,Qualified,No Response
APL01465,APP01465,P004,1/20/2024,Interviewed,Declined Offer
APL01466,APP01466,P008,7/8/2025,Qualified,Interview Slots Full
APL01467,APP01467,P005,1/21/2025,Interviewed,Cohort Full
APL01468,APP01468,P001,3/31/2025,Qualified,Could Not Be Reached
APL01469,APP01469,P001,9/11/2025,Qualified,Interview Slots Full
APL01470,APP01470,P005,1/9/2024,Applied,Gender Mismatch
APL01471,APP01471,P001,9/4/2025,Enrolled,
APL01472,APP01472,P003,9/22/2025,Applied,Did Not Meet Requirements
APL01473,APP01473,P005,8/19/2024,Applied,Gender Mismatch
APL01474,APP01474,P004,7/13/2025,Enrolled,
APL01475,APP01475,P005,3/14/2024,Interviewed,Cohort Full
APL01476,APP01476,P005,1/12/2024,Qualified,Interview Slots Full
APL01477,APP01477,P001,3/12/2025,Applied,Incomplete Application
APL01478,APP01478,P004,9/25/2024,Enrolled,
APL01479,APP01479,P005,2/24/2024,Enrolled,
APL01480,APP01480,P004,2/27/2024,Applied,Did Not Meet Requirements
APL01481,APP01481,P004,6/21/2024,Enrolled,
APL01482,APP01482,P003,1/25/2025,Qualified,Could Not Be Reached
APL01483,APP01483,P006,8/28/2024,Applied,Incomplete Application
APL01484,APP01484,P006,3/5/2025,Interviewed,Cohort Full
APL01485,APP01485,P008,7/20/2024,Qualified,No Response
APL01486,APP01486,P003,4/2/2025,Qualified,Interview Slots Full
APL01487,APP01487,P005,4/29/2024,Enrolled,
APL01488,APP01488,P008,6/23/2025,Applied,Incomplete Application
APL01489,APP01489,P007,6/26/2025,Applied,Incomplete Application
APL01490,APP01490,P003,4/3/2025,Qualified,No Response
APL01491,APP01491,P004,7/5/2024,Interviewed,Low Interview Score
APL01492,APP01492,P006,1/7/2024,Enrolled,
APL01493,APP01493,P002,8/26/2024,Applied,Incomplete Application
APL01494,APP01494,P006,1/24/2024,Applied,Incomplete Application
APL01495,APP01495,P005,7/12/2025,Interviewed,Cohort Full
APL01496,APP01496,P001,7/7/2025,Qualified,No Response
APL01497,APP01497,P004,7/13/2024,Enrolled,
APL01498,APP01498,P004,9/5/2025,Qualified,No Response
APL01499,APP01499,P008,8/10/2024,Qualified,Interview Slots Full
APL01500,APP01500,P002,7/19/2024,Interviewed,Declined Offer
APL01501,APP01501,P004,7/3/2025,Enrolled,
APL01502,APP01502,P006,7/14/2024,Qualified,Could Not Be Reached
APL01503,APP01503,P002,8/2/2024,Interviewed,Declined Offer
APL01504,APP01504,P008,8/24/2025,Applied,Did Not Meet Requirements
APL01505,APP01505,P001,8/10/2024,Interviewed,Declined Offer
APL01506,APP01506,P002,7/25/2025,Qualified,Could Not Be Reached
APL01507,APP01507,P002,3/16/2024,Applied,Incomplete Application
APL01508,APP01508,P001,4/11/2024,Applied,Incomplete Application
APL01509,APP01509,P006,4/27/2025,Qualified,Interview Slots Full
APL01510,APP01510,P001,6/6/2025,Qualified,No Response
APL01511,APP01511,P006,1/26/2025,Qualified,No Response
APL01512,APP01512,P005,2/28/2025,Applied,Did Not Meet Requirements
APL01513,APP01513,P003,3/4/2024,Interviewed,Low Interview Score
APL01514,APP01514,P004,1/20/2024,Qualified,No Response
APL01515,APP01515,P001,8/26/2025,Interviewed,Declined Offer
APL01516,APP01516,P004,1/3/2024,Qualified,Could Not Be Reached
APL01517,APP01517,P007,9/14/2025,Applied,Gender Mismatch
APL01518,APP01518,P002,8/4/2024,Qualified,No Response
APL01519,APP01519,P003,6/23/2024,Enrolled,
APL01520,APP01520,P006,7/30/2025,Qualified,No Response
APL01521,APP01521,P004,8/28/2024,Applied,Incomplete Application
APL01522,APP01522,P002,1/17/2025,Qualified,No Response
APL01523,APP01523,P003,1/15/2025,Qualified,No Response
APL01524,APP01524,P005,6/17/2025,Qualified,No Response
APL01525,APP01525,P003,9/6/2024,Enrolled,
APL01526,APP01526,P002,7/5/2025,Qualified,No Response
APL01527,APP01527,P001,8/2/2025,Applied,Did Not Meet Requirements
APL01528,APP01528,P001,7/7/2025,Interviewed,Cohort Full
APL01529,APP01529,P003,6/25/2025,Enrolled,
APL01530,APP01530,P004,7/25/2024,Qualified,No Response
APL01531,APP01531,P005,4/2/2025,Qualified,No Response
APL01532,APP01532,P003,2/22/2025,Qualified,Could Not Be Reached
APL01533,APP01533,P008,4/10/2024,Interviewed,Low Interview Score
APL01534,APP01534,P004,6/1/2025,Interviewed,Cohort Full
APL01535,APP01535,P006,1/11/2024,Enrolled,
APL01536,APP01536,P004,2/10/2025,Enrolled,
APL01537,APP01537,P004,1/1/2025,Applied,Did Not Meet Requirements
APL01538,APP01538,P002,7/3/2025,Qualified,Could Not Be Reached
APL01539,APP01539,P008,4/30/2024,Enrolled,
APL01540,APP01540,P006,7/13/2025,Enrolled,
APL01541,APP01541,P003,9/12/2025,Applied,Did Not Meet Requirements
APL01542,APP01542,P002,3/4/2025,Interviewed,Declined Offer
APL01543,APP01543,P002,2/18/2024,Enrolled,
APL01544,APP01544,P001,4/20/2024,Interviewed,Low Interview Score
APL01545,APP01545,P003,8/5/2025,Qualified,Could Not Be Reached
APL01546,APP01546,P006,2/22/2024,Interviewed,Declined Offer
APL01547,APP01547,P003,6/7/2024,Applied,Gender Mismatch
APL01548,APP01548,P002,1/12/2025,Applied,Did Not Meet Requirements
APL01549,APP01549,P008,9/13/2025,Interviewed,Low Interview Score
APL01550,APP01550,P002,4/9/2025,Interviewed,Cohort Full
APL01551,APP01551,P001,2/8/2024,Interviewed,Cohort Full
APL01552,APP01552,P001,7/5/2024,Applied,Did Not Meet Requirements
APL01553,APP01553,P002,4/3/2025,Interviewed,Low Interview Score
APL01554,APP01554,P005,2/2/2025,Interviewed,Low Interview Score
APL01555,APP01555,P004,2/1/2024,Enrolled,
APL01556,APP01556,P001,1/19/2024,Enrolled,
APL01557,APP01557,P004,4/1/2025,Qualified,No Response
APL01558,APP01558,P004,2/24/2024,Applied,Gender Mismatch
APL01559,APP01559,P001,8/5/2025,Applied,Incomplete Application
APL01560,APP01560,P005,6/20/2025,Applied,Incomplete Application
APL01561,APP01561,P005,4/29/2025,Applied,Gender Mismatch
APL01562,APP01562,P005,9/17/2025,Interviewed,Low Interview Score
APL01563,APP01563,P004,6/20/2025,Applied,Incomplete Application
APL01564,APP01564,P002,6/20/2025,Enrolled,
APL01565,APP01565,P004,3/27/2024,Qualified,Could Not Be Reached
APL01566,APP01566,P005,8/16/2024,Applied,Did Not Meet Requirements
APL01567,APP01567,P004,8/22/2025,Applied,Did Not Meet Requirements
APL01568,APP01568,P001,8/5/2025,Qualified,No Response
APL01569,APP01569,P008,4/17/2024,Interviewed,Cohort Full
APL01570,APP01570,P002,3/5/2024,Enrolled,
APL01571,APP01571,P003,8/26/2024,Applied,Incomplete Application
APL01572,APP01572,P001,1/8/2024,Enrolled,
APL01573,APP01573,P002,2/29/2024,Qualified,No Response
APL01574,APP01574,P005,7/19/2024,Qualified,Interview Slots Full
APL01575,APP01575,P006,8/12/2024,Applied,Incomplete Application
APL01576,APP01576,P004,2/4/2024,Qualified,Interview Slots Full
APL01577,APP01577,P001,8/7/2024,Enrolled,
APL01578,APP01578,P008,9/27/2024,Qualified,Could Not Be Reached
APL01579,APP01579,P004,1/1/2024,Interviewed,Cohort Full
APL01580,APP01580,P001,9/16/2025,Interviewed,Low Interview Score
APL01581,APP01581,P005,6/17/2024,Applied,Did Not Meet Requirements
APL01582,APP01582,P008,6/23/2024,Qualified,No Response
APL01583,APP01583,P001,4/30/2025,Applied,Gender Mismatch
APL01584,APP01584,P004,6/9/2025,Applied,Incomplete Application
APL01585,APP01585,P008,1/29/2025,Applied,Incomplete Application
APL01586,APP01586,P001,1/3/2025,Applied,Did Not Meet Requirements
APL01587,APP01587,P002,3/26/2025,Qualified,Interview Slots Full
APL01588,APP01588,P008,2/13/2024,Qualified,Could Not Be Reached
APL01589,APP01589,P007,4/12/2024,Interviewed,Cohort Full
APL01590,APP01590,P002,7/7/2025,Applied,Did Not Meet Requirements
APL01591,APP01591,P004,4/2/2025,Qualified,Interview Slots Full
APL01592,APP01592,P004,8/14/2024,Applied,Did Not Meet Requirements
APL01593,APP01593,P003,1/4/2025,Applied,Did Not Meet Requirements
APL01594,APP01594,P008,7/18/2024,Enrolled,
APL01595,APP01595,P003,8/28/2025,Interviewed,Low Interview Score
APL01596,APP01596,P001,4/6/2025,Applied,Did Not Meet Requirements
APL01597,APP01597,P001,6/17/2024,Enrolled,
APL01598,APP01598,P008,7/11/2025,Interviewed,Declined Offer
APL01599,APP01599,P004,1/19/2025,Applied,Incomplete Application
APL01600,APP01600,P002,1/4/2024,Applied,Gender Mismatch
APL01601,APP01601,P001,7/7/2024,Enrolled,
APL01602,APP01602,P001,8/24/2025,Interviewed,Low Interview Score
APL01603,APP01603,P001,1/23/2024,Applied,Gender Mismatch
APL01604,APP01604,P001,4/4/2025,Qualified,No Response
APL01605,APP01605,P006,3/27/2024,Interviewed,Cohort Full
APL01606,APP01606,P005,4/27/2025,Qualified,Could Not Be Reached
APL01607,APP01607,P003,7/11/2024,Applied,Gender Mismatch
APL01608,APP01608,P003,2/8/2025,Enrolled,
APL01609,APP01609,P004,9/26/2025,Interviewed,Low Interview Score
APL01610,APP01610,P002,7/3/2025,Qualified,No Response
APL01611,APP01611,P001,1/26/2024,Applied,Did Not Meet Requirements
APL01612,APP01612,P005,6/25/2024,Applied,Gender Mismatch
APL01613,APP01613,P001,7/12/2024,Qualified,No Response
APL01614,APP01614,P003,8/22/2025,Applied,Did Not Meet Requirements
APL01615,APP01615,P002,9/30/2025,Applied,Incomplete Application
APL01616,APP01616,P005,4/21/2025,Qualified,No Response
APL01617,APP01617,P003,4/26/2024,Applied,Did Not Meet Requirements
APL01618,APP01618,P006,9/30/2025,Interviewed,Low Interview Score
APL01619,APP01619,P006,6/3/2024,Applied,Incomplete Application
APL01620,APP01620,P001,9/26/2024,Qualified,Interview Slots Full
APL01621,APP01621,P003,6/26/2024,Applied,Incomplete Application
APL01622,APP01622,P001,3/26/2025,Qualified,No Response
APL01623,APP01623,P002,3/4/2024,Qualified,Could Not Be Reached
APL01624,APP01624,P002,8/14/2024,Qualified,Interview Slots Full
APL01625,APP01625,P002,1/13/2024,Applied,Gender Mismatch
APL01626,APP01626,P003,4/17/2025,Applied,Gender Mismatch
APL01627,APP01627,P001,7/1/2025,Applied,Incomplete Application
APL01628,APP01628,P008,3/16/2025,Qualified,Could Not Be Reached
APL01629,APP01629,P001,2/13/2025,Qualified,No Response
APL01630,APP01630,P002,7/25/2024,Applied,Did Not Meet Requirements
APL01631,APP01631,P008,8/9/2024,Enrolled,
APL01632,APP01632,P004,7/19/2025,Qualified,Could Not Be Reached
APL01633,APP01633,P004,3/13/2025,Enrolled,
APL01634,APP01634,P002,9/25/2024,Enrolled,
APL01635,APP01635,P003,2/28/2025,Interviewed,Declined Offer
APL01636,APP01636,P008,8/7/2025,Qualified,Interview Slots Full
APL01637,APP01637,P002,3/14/2024,Enrolled,
APL01638,APP01638,P004,8/2/2025,Applied,Gender Mismatch
APL01639,APP01639,P001,8/24/2024,Applied,Did Not Meet Requirements
APL01640,APP01640,P004,3/31/2025,Applied,Incomplete Application
APL01641,APP01641,P001,4/25/2024,Applied,Did Not Meet Requirements
APL01642,APP01642,P002,3/13/2024,Enrolled,
APL01643,APP01643,P001,1/27/2025,Enrolled,
APL01644,APP01644,P003,2/9/2025,Qualified,Could Not Be Reached
APL01645,APP01645,P005,2/2/2025,Applied,Did Not Meet Requirements
APL01646,APP01646,P001,4/8/2024,Qualified,Could Not Be Reached
APL01647,APP01647,P008,9/23/2024,Qualified,Interview Slots Full
APL01648,APP01648,P001,2/20/2025,Qualified,Could Not Be Reached
APL01649,APP01649,P007,7/11/2024,Interviewed,Declined Offer
APL01650,APP01650,P004,7/11/2024,Qualified,Interview Slots Full
APL01651,APP01651,P001,4/17/2024,Interviewed,Declined Offer
APL01652,APP01652,P001,6/30/2024,Interviewed,Low Interview Score
APL01653,APP01653,P002,6/4/2024,Qualified,No Response
APL01654,APP01654,P004,2/15/2024,Qualified,Could Not Be Reached
APL01655,APP01655,P002,7/26/2024,Qualified,Could Not Be Reached
APL01656,APP01656,P006,8/26/2025,Applied,Gender Mismatch
APL01657,APP01657,P006,7/14/2025,Qualified,No Response
APL01658,APP01658,P005,4/9/2024,Enrolled,
APL01659,APP01659,P001,2/11/2025,Applied,Incomplete Application
APL01660,APP01660,P002,8/20/2024,Applied,Did Not Meet Requirements
APL01661,APP01661,P005,1/4/2024,Interviewed,Cohort Full
APL01662,APP01662,P001,3/22/2024,Applied,Did Not Meet Requirements
APL01663,APP01663,P005,7/29/2025,Applied,Incomplete Application
APL01664,APP01664,P001,8/30/2024,Enrolled,
APL01665,APP01665,P002,8/11/2025,Applied,Did Not Meet Requirements
APL01666,APP01666,P001,2/2/2025,Qualified,Interview Slots Full
APL01667,APP01667,P002,3/5/2024,Applied,Gender Mismatch
APL01668,APP01668,P006,7/12/2024,Interviewed,Low Interview Score
APL01669,APP01669,P004,6/7/2024,Applied,Did Not Meet Requirements
APL01670,APP01670,P004,3/18/2024,Qualified,Could Not Be Reached
APL01671,APP01671,P001,8/24/2024,Qualified,Could Not Be Reached
APL01672,APP01672,P002,2/7/2024,Applied,Did Not Meet Requirements
APL01673,APP01673,P005,9/1/2025,Applied,Gender Mismatch
APL01674,APP01674,P001,7/3/2024,Applied,Did Not Meet Requirements
APL01675,APP01675,P002,8/13/2025,Qualified,Interview Slots Full
APL01676,APP01676,P005,4/27/2025,Enrolled,
APL01677,APP01677,P001,2/11/2024,Enrolled,
APL01678,APP01678,P005,6/1/2024,Qualified,Interview Slots Full
APL01679,APP01679,P003,3/31/2025,Applied,Incomplete Application
APL01680,APP01680,P005,2/4/2024,Qualified,No Response
APL01681,APP01681,P008,6/29/2025,Enrolled,
APL01682,APP01682,P001,8/9/2024,Applied,Did Not Meet Requirements
APL01683,APP01683,P008,2/24/2025,Applied,Did Not Meet Requirements
APL01684,APP01684,P001,7/2/2024,Applied,Gender Mismatch
APL01685,APP01685,P004,9/9/2024,Applied,Did Not Meet Requirements
APL01686,APP01686,P008,8/3/2024,Qualified,Interview Slots Full
APL01687,APP01687,P004,7/8/2024,Qualified,Could Not Be Reached
APL01688,APP01688,P002,6/14/2024,Qualified,Interview Slots Full
APL01689,APP01689,P001,2/24/2024,Qualified,Could Not Be Reached
APL01690,APP01690,P004,2/15/2024,Applied,Did Not Meet Requirements
APL01691,APP01691,P004,7/6/2025,Interviewed,Low Interview Score
APL01692,APP01692,P006,1/18/2024,Applied,Incomplete Application
APL01693,APP01693,P007,9/25/2024,Interviewed,Low Interview Score
APL01694,APP01694,P002,4/17/2025,Applied,Gender Mismatch
APL01695,APP01695,P001,8/11/2025,Applied,Incomplete Application
APL01696,APP01696,P007,1/16/2024,Applied,Did Not Meet Requirements
APL01697,APP01697,P004,3/24/2024,Enrolled,
APL01698,APP01698,P001,9/27/2025,Applied,Gender Mismatch
APL01699,APP01699,P001,1/11/2025,Enrolled,
APL01700,APP01700,P003,2/8/2025,Qualified,Could Not Be Reached
APL01701,APP01701,P002,4/4/2025,Applied,Incomplete Application
APL01702,APP01702,P003,3/30/2025,Applied,Incomplete Application
APL01703,APP01703,P004,6/25/2025,Interviewed,Declined Offer
APL01704,APP01704,P004,3/30/2025,Applied,Did Not Meet Requirements
APL01705,APP01705,P008,4/29/2024,Qualified,Interview Slots Full
APL01706,APP01706,P001,1/13/2024,Applied,Gender Mismatch
APL01707,APP01707,P006,2/29/2024,Applied,Incomplete Application
APL01708,APP01708,P001,2/20/2024,Enrolled,
APL01709,APP01709,P003,9/19/2025,Enrolled,
APL01710,APP01710,P002,9/19/2024,Qualified,Interview Slots Full
APL01711,APP01711,P003,8/12/2024,Qualified,Could Not Be Reached
APL01712,APP01712,P002,3/7/2024,Interviewed,Declined Offer
APL01713,APP01713,P003,1/11/2024,Enrolled,
APL01714,APP01714,P004,6/25/2025,Interviewed,Cohort Full
APL01715,APP01715,P002,2/25/2025,Interviewed,Cohort Full
APL01716,APP01716,P003,8/23/2025,Applied,Incomplete Application
APL01717,APP01717,P004,7/31/2024,Interviewed,Low Interview Score
APL01718,APP01718,P001,7/12/2025,Applied,Did Not Meet Requirements
APL01719,APP01719,P002,4/16/2025,Applied,Did Not Meet Requirements
APL01720,APP01720,P005,8/14/2024,Applied,Incomplete Application
APL01721,APP01721,P001,7/10/2025,Applied,Incomplete Application
APL01722,APP01722,P001,7/19/2025,Applied,Did Not Meet Requirements
APL01723,APP01723,P005,1/3/2025,Interviewed,Declined Offer
APL01724,APP01724,P005,9/24/2025,Applied,Incomplete Application
APL01725,APP01725,P004,1/21/2024,Qualified,Could Not Be Reached
APL01726,APP01726,P008,2/25/2024,Applied,Did Not Meet Requirements
APL01727,APP01727,P002,3/16/2024,Qualified,Could Not Be Reached
APL01728,APP01728,P003,2/8/2024,Applied,Incomplete Application
APL01729,APP01729,P003,6/12/2025,Interviewed,Low Interview Score
APL01730,APP01730,P004,1/18/2024,Applied,Did Not Meet Requirements
APL01731,APP01731,P005,1/30/2024,Applied,Did Not Meet Requirements
APL01732,APP01732,P001,1/7/2024,Interviewed,Low Interview Score
APL01733,APP01733,P005,9/22/2024,Interviewed,Declined Offer
APL01734,APP01734,P001,7/18/2025,Enrolled,
APL01735,APP01735,P004,4/12/2024,Qualified,Could Not Be Reached
APL01736,APP01736,P002,9/3/2025,Enrolled,
APL01737,APP01737,P008,8/8/2025,Qualified,Could Not Be Reached
APL01738,APP01738,P008,3/17/2025,Qualified,No Response
APL01739,APP01739,P004,8/12/2025,Applied,Did Not Meet Requirements
APL01740,APP01740,P002,2/8/2025,Applied,Incomplete Application
APL01741,APP01741,P006,6/3/2025,Interviewed,Low Interview Score
APL01742,APP01742,P005,9/11/2025,Qualified,Could Not Be Reached
APL01743,APP01743,P008,9/4/2025,Enrolled,
APL01744,APP01744,P008,2/19/2025,Qualified,Interview Slots Full
APL01745,APP01745,P004,8/1/2024,Enrolled,
APL01746,APP01746,P004,6/24/2024,Applied,Gender Mismatch
APL01747,APP01747,P004,6/4/2024,Enrolled,
APL01748,APP01748,P002,1/7/2024,Interviewed,Low Interview Score
APL01749,APP01749,P003,8/25/2025,Interviewed,Declined Offer
APL01750,APP01750,P004,4/30/2025,Applied,Did Not Meet Requirements
APL01751,APP01751,P001,7/11/2025,Qualified,Interview Slots Full
APL01752,APP01752,P004,8/29/2024,Qualified,No Response
APL01753,APP01753,P001,4/5/2025,Applied,Did Not Meet Requirements
APL01754,APP01754,P006,2/29/2024,Enrolled,
APL01755,APP01755,P003,4/7/2025,Qualified,Interview Slots Full
APL01756,APP01756,P002,9/17/2025,Applied,Did Not Meet Requirements
APL01757,APP01757,P001,2/28/2024,Enrolled,
APL01758,APP01758,P003,4/25/2025,Applied,Did Not Meet Requirements
APL01759,APP01759,P007,1/28/2024,Qualified,Could Not Be Reached
APL01760,APP01760,P008,1/5/2025,Applied,Incomplete Application
APL01761,APP01761,P007,4/11/2024,Applied,Incomplete Application
APL01762,APP01762,P008,6/11/2024,Enrolled,
APL01763,APP01763,P002,1/6/2025,Qualified,No Response
APL01764,APP01764,P003,7/16/2025,Qualified,Could Not Be Reached
APL01765,APP01765,P002,1/19/2024,Applied,Gender Mismatch
APL01766,APP01766,P004,4/19/2025,Qualified,No Response
APL01767,APP01767,P001,4/28/2025,Interviewed,Declined Offer
APL01768,APP01768,P004,9/2/2025,Applied,Gender Mismatch
APL01769,APP01769,P005,2/11/2024,Applied,Gender Mismatch
APL01770,APP01770,P005,2/18/2025,Qualified,No Response
APL01771,APP01771,P001,1/10/2024,Qualified,Interview Slots Full
APL01772,APP01772,P005,8/30/2025,Applied,Incomplete Application
APL01773,APP01773,P004,3/1/2025,Qualified,No Response
APL01774,APP01774,P001,1/29/2025,Applied,Incomplete Application
APL01775,APP01775,P002,6/4/2024,Interviewed,Cohort Full
APL01776,APP01776,P008,4/22/2024,Qualified,Could Not Be Reached
APL01777,APP01777,P003,2/11/2024,Qualified,Could Not Be Reached
APL01778,APP01778,P004,6/13/2024,Interviewed,Low Interview Score
APL01779,APP01779,P004,6/27/2025,Interviewed,Low Interview Score
APL01780,APP01780,P006,2/3/2025,Qualified,Interview Slots Full
APL01781,APP01781,P001,3/30/2024,Qualified,Interview Slots Full
APL01782,APP01782,P002,8/15/2024,Interviewed,Declined Offer
APL01783,APP01783,P007,4/22/2025,Qualified,Interview Slots Full
APL01784,APP01784,P004,1/21/2025,Qualified,Interview Slots Full
APL01785,APP01785,P005,7/2/2025,Interviewed,Cohort Full
APL01786,APP01786,P002,9/16/2025,Applied,Did Not Meet Requirements
APL01787,APP01787,P008,7/24/2025,Applied,Did Not Meet Requirements
APL01788,APP01788,P001,3/19/2024,Applied,Gender Mismatch
APL01789,APP01789,P002,3/3/2024,Enrolled,
APL01790,APP01790,P005,9/23/2025,Interviewed,Cohort Full
APL01791,APP01791,P004,8/5/2024,Qualified,No Response
APL01792,APP01792,P004,3/22/2025,Applied,Incomplete Application
APL01793,APP01793,P008,1/5/2025,Applied,Incomplete Application
APL01794,APP01794,P007,2/27/2025,Applied,Did Not Meet Requirements
APL01795,APP01795,P007,6/29/2024,Interviewed,Low Interview Score
APL01796,APP01796,P001,4/12/2024,Qualified,Interview Slots Full
APL01797,APP01797,P001,3/8/2025,Enrolled,
APL01798,APP01798,P007,4/23/2025,Enrolled,
APL01799,APP01799,P004,3/21/2025,Qualified,Could Not Be Reached
APL01800,APP01800,P001,4/14/2024,Applied,Did Not Meet Requirements
APL01801,APP01801,P001,7/25/2025,Applied,Gender Mismatch
APL01802,APP01802,P004,3/18/2025,Qualified,Could Not Be Reached
APL01803,APP01803,P007,6/24/2024,Applied,Incomplete Application
APL01804,APP01804,P003,6/6/2025,Qualified,Interview Slots Full
APL01805,APP01805,P007,1/29/2025,Applied,Incomplete Application
APL01806,APP01806,P004,3/23/2025,Enrolled,
APL01807,APP01807,P003,7/11/2024,Qualified,No Response
APL01808,APP01808,P003,9/4/2025,Qualified,Interview Slots Full
APL01809,APP01809,P003,2/3/2024,Applied,Did Not Meet Requirements
APL01810,APP01810,P003,6/2/2025,Applied,Did Not Meet Requirements
APL01811,APP01811,P004,6/2/2024,Enrolled,
APL01812,APP01812,P007,9/7/2024,Interviewed,Low Interview Score
APL01813,APP01813,P001,7/23/2024,Interviewed,Declined Offer
APL01814,APP01814,P008,7/19/2024,Applied,Incomplete Application
APL01815,APP01815,P003,4/20/2024,Enrolled,
APL01816,APP01816,P002,1/21/2025,Applied,Incomplete Application
APL01817,APP01817,P001,9/16/2024,Applied,Incomplete Application
APL01818,APP01818,P003,7/14/2025,Applied,Did Not Meet Requirements
APL01819,APP01819,P004,9/17/2024,Applied,Incomplete Application
APL01820,APP01820,P001,6/26/2025,Qualified,Could Not Be Reached
APL01821,APP01821,P005,1/9/2025,Qualified,Could Not Be Reached
APL01822,APP01822,P005,3/3/2024,Qualified,Could Not Be Reached
APL01823,APP01823,P007,9/2/2024,Applied,Did Not Meet Requirements
APL01824,APP01824,P006,1/30/2025,Qualified,Interview Slots Full
APL01825,APP01825,P005,4/10/2024,Enrolled,
APL01826,APP01826,P006,3/9/2024,Applied,Did Not Meet Requirements
APL01827,APP01827,P001,9/10/2025,Applied,Incomplete Application
APL01828,APP01828,P001,3/30/2025,Enrolled,
APL01829,APP01829,P004,3/14/2024,Enrolled,
APL01830,APP01830,P002,8/31/2024,Applied,Incomplete Application
APL01831,APP01831,P004,1/2/2025,Interviewed,Cohort Full
APL01832,APP01832,P008,2/9/2025,Applied,Gender Mismatch
APL01833,APP01833,P006,9/16/2024,Enrolled,
APL01834,APP01834,P002,2/9/2024,Qualified,No Response
APL01835,APP01835,P004,8/11/2024,Applied,Did Not Meet Requirements
APL01836,APP01836,P005,6/2/2025,Interviewed,Cohort Full
APL01837,APP01837,P001,9/5/2025,Enrolled,
APL01838,APP01838,P001,7/1/2025,Qualified,No Response
APL01839,APP01839,P008,4/23/2024,Applied,Gender Mismatch
APL01840,APP01840,P008,9/14/2024,Enrolled,
APL01841,APP01841,P008,8/4/2024,Enrolled,
APL01842,APP01842,P005,6/25/2025,Applied,Gender Mismatch
APL01843,APP01843,P007,9/30/2025,Qualified,Interview Slots Full
APL01844,APP01844,P006,7/4/2025,Applied,Did Not Meet Requirements
APL01845,APP01845,P003,1/25/2024,Applied,Did Not Meet Requirements
APL01846,APP01846,P002,7/27/2025,Applied,Gender Mismatch
APL01847,APP01847,P002,1/31/2024,Applied,Incomplete Application
APL01848,APP01848,P008,4/30/2025,Enrolled,
APL01849,APP01849,P004,7/19/2024,Qualified,Could Not Be Reached
APL01850,APP01850,P001,8/11/2025,Interviewed,Cohort Full
APL01851,APP01851,P002,7/6/2025,Enrolled,
APL01852,APP01852,P005,8/8/2025,Applied,Incomplete Application
APL01853,APP01853,P005,1/8/2025,Applied,Gender Mismatch
APL01854,APP01854,P004,9/30/2024,Interviewed,Low Interview Score
APL01855,APP01855,P001,7/19/2025,Applied,Did Not Meet Requirements
APL01856,APP01856,P003,3/1/2025,Applied,Incomplete Application
APL01857,APP01857,P006,1/30/2024,Applied,Did Not Meet Requirements
APL01858,APP01858,P002,8/3/2024,Applied,Did Not Meet Requirements
APL01859,APP01859,P001,1/15/2024,Qualified,No Response
APL01860,APP01860,P003,2/17/2025,Enrolled,
APL01861,APP01861,P001,1/19/2024,Applied,Incomplete Application
APL01862,APP01862,P007,4/24/2024,Interviewed,Low Interview Score
APL01863,APP01863,P006,6/30/2025,Enrolled,
APL01864,APP01864,P004,2/7/2024,Qualified,No Response
APL01865,APP01865,P002,4/2/2024,Qualified,No Response
APL01866,APP01866,P003,1/23/2024,Applied,Did Not Meet Requirements
APL01867,APP01867,P006,9/19/2025,Applied,Did Not Meet Requirements
APL01868,APP01868,P002,2/5/2024,Enrolled,
APL01869,APP01869,P007,9/9/2024,Enrolled,
APL01870,APP01870,P004,7/15/2025,Qualified,Could Not Be Reached
APL01871,APP01871,P006,1/15/2024,Applied,Incomplete Application
APL01872,APP01872,P005,1/3/2024,Applied,Incomplete Application
APL01873,APP01873,P001,7/27/2024,Qualified,Could Not Be Reached
APL01874,APP01874,P004,1/26/2024,Applied,Did Not Meet Requirements
APL01875,APP01875,P007,7/18/2024,Interviewed,Cohort Full
APL01876,APP01876,P007,2/13/2025,Interviewed,Declined Offer
APL01877,APP01877,P004,9/12/2025,Applied,Did Not Meet Requirements
APL01878,APP01878,P008,2/22/2025,Enrolled,
APL01879,APP01879,P001,2/28/2024,Qualified,No Response
APL01880,APP01880,P006,7/15/2025,Enrolled,
APL01881,APP01881,P004,9/5/2024,Qualified,Interview Slots Full
APL01882,APP01882,P007,9/5/2024,Applied,Did Not Meet Requirements
APL01883,APP01883,P002,8/14/2024,Applied,Did Not Meet Requirements
APL01884,APP01884,P008,2/16/2025,Enrolled,
APL01885,APP01885,P004,8/24/2024,Applied,Gender Mismatch
APL01886,APP01886,P002,1/28/2024,Applied,Gender Mismatch
APL01887,APP01887,P003,8/22/2025,Applied,Gender Mismatch
APL01888,APP01888,P004,7/19/2025,Applied,Did Not Meet Requirements
APL01889,APP01889,P001,8/24/2025,Enrolled,
APL01890,APP01890,P004,3/8/2025,Qualified,No Response
APL01891,APP01891,P008,3/18/2025,Interviewed,Declined Offer
APL01892,APP01892,P003,6/30/2025,Applied,Did Not Meet Requirements
APL01893,APP01893,P001,6/3/2025,Interviewed,Cohort Full
APL01894,APP01894,P002,1/31/2024,Applied,Incomplete Application
APL01895,APP01895,P001,3/14/2025,Qualified,No Response
APL01896,APP01896,P003,2/11/2024,Interviewed,Declined Offer
APL01897,APP01897,P002,1/23/2025,Applied,Incomplete Application
APL01898,APP01898,P003,7/3/2025,Applied,Gender Mismatch
APL01899,APP01899,P004,6/14/2024,Applied,Did Not Meet Requirements
APL01900,APP01900,P006,4/27/2025,Qualified,Interview Slots Full
APL01901,APP01901,P001,4/5/2024,Applied,Did Not Meet Requirements
APL01902,APP01902,P003,2/12/2025,Qualified,Interview Slots Full
APL01903,APP01903,P008,6/15/2025,Applied,Incomplete Application
APL01904,APP01904,P005,9/24/2024,Applied,Did Not Meet Requirements
APL01905,APP01905,P008,1/11/2024,Qualified,No Response
APL01906,APP01906,P007,9/5/2025,Applied,Gender Mismatch
APL01907,APP01907,P006,4/13/2024,Interviewed,Cohort Full
APL01908,APP01908,P005,3/28/2025,Qualified,No Response
APL01909,APP01909,P004,2/24/2025,Interviewed,Cohort Full
APL01910,APP01910,P003,2/19/2025,Applied,Gender Mismatch
APL01911,APP01911,P004,9/16/2025,Qualified,Interview Slots Full
APL01912,APP01912,P002,3/26/2024,Applied,Did Not Meet Requirements
APL01913,APP01913,P004,7/31/2024,Applied,Incomplete Application
APL01914,APP01914,P004,9/17/2024,Interviewed,Cohort Full
APL01915,APP01915,P003,8/15/2025,Enrolled,
APL01916,APP01916,P002,3/30/2024,Applied,Did Not Meet Requirements
APL01917,APP01917,P001,3/18/2024,Qualified,Interview Slots Full
APL01918,APP01918,P004,7/12/2024,Qualified,Interview Slots Full
APL01919,APP01919,P008,3/5/2025,Qualified,Could Not Be Reached
APL01920,APP01920,P001,7/6/2025,Enrolled,
APL01921,APP01921,P004,8/26/2024,Enrolled,
APL01922,APP01922,P001,8/10/2024,Applied,Incomplete Application
APL01923,APP01923,P002,9/19/2024,Qualified,Could Not Be Reached
APL01924,APP01924,P002,7/8/2025,Interviewed,Low Interview Score
APL01925,APP01925,P004,7/19/2024,Qualified,Interview Slots Full
APL01926,APP01926,P007,7/3/2025,Qualified,Could Not Be Reached
APL01927,APP01927,P003,7/10/2024,Interviewed,Cohort Full
APL01928,APP01928,P004,9/5/2025,Applied,Did Not Meet Requirements
APL01929,APP01929,P003,9/4/2024,Applied,Incomplete Application
APL01930,APP01930,P001,1/10/2025,Qualified,Could Not Be Reached
APL01931,APP01931,P001,1/14/2024,Applied,Gender Mismatch
APL01932,APP01932,P003,2/13/2024,Qualified,No Response
APL01933,APP01933,P001,7/23/2024,Applied,Incomplete Application
APL01934,APP01934,P002,9/7/2024,Qualified,Could Not Be Reached
APL01935,APP01935,P001,1/8/2024,Interviewed,Low Interview Score
APL01936,APP01936,P003,2/22/2025,Interviewed,Low Interview Score
APL01937,APP01937,P005,1/16/2024,Enrolled,
APL01938,APP01938,P002,4/23/2024,Qualified,No Response
APL01939,APP01939,P006,4/16/2024,Applied,Did Not Meet Requirements
APL01940,APP01940,P007,7/7/2025,Interviewed,Declined Offer
APL01941,APP01941,P002,7/30/2024,Applied,Incomplete Application
APL01942,APP01942,P004,8/5/2025,Interviewed,Cohort Full
APL01943,APP01943,P004,9/19/2025,Qualified,Could Not Be Reached
APL01944,APP01944,P002,7/10/2025,Applied,Gender Mismatch
APL01945,APP01945,P001,1/29/2025,Applied,Incomplete Application
APL01946,APP01946,P001,2/28/2024,Applied,Did Not Meet Requirements
APL01947,APP01947,P001,2/8/2025,Interviewed,Declined Offer
APL01948,APP01948,P007,2/15/2025,Qualified,No Response
APL01949,APP01949,P005,6/23/2025,Applied,Gender Mismatch
APL01950,APP01950,P004,3/3/2025,Qualified,No Response
APL01951,APP01951,P004,7/5/2025,Applied,Did Not Meet Requirements
APL01952,APP01952,P001,6/16/2024,Interviewed,Declined Offer
APL01953,APP01953,P002,4/21/2025,Qualified,Interview Slots Full
APL01954,APP01954,P003,2/20/2024,Interviewed,Declined Offer
APL01955,APP01955,P006,2/21/2025,Applied,Did Not Meet Requirements
APL01956,APP01956,P004,6/27/2025,Interviewed,Declined Offer
APL01957,APP01957,P001,9/24/2024,Applied,Incomplete Application
APL01958,APP01958,P001,8/15/2025,Interviewed,Declined Offer
APL01959,APP01959,P004,9/11/2025,Applied,Incomplete Application
APL01960,APP01960,P005,4/6/2025,Applied,Did Not Meet Requirements
APL01961,APP01961,P002,3/10/2025,Interviewed,Low Interview Score
APL01962,APP01962,P005,9/1/2025,Applied,Gender Mismatch
APL01963,APP01963,P008,3/24/2024,Enrolled,
APL01964,APP01964,P004,3/26/2024,Qualified,Could Not Be Reached
APL01965,APP01965,P004,8/21/2024,Qualified,No Response
APL01966,APP01966,P007,2/1/2025,Applied,Incomplete Application
APL01967,APP01967,P001,3/16/2024,Applied,Did Not Meet Requirements
APL01968,APP01968,P004,4/26/2024,Applied,Gender Mismatch
APL01969,APP01969,P003,9/5/2025,Enrolled,
APL01970,APP01970,P004,3/31/2025,Applied,Incomplete Application
APL01971,APP01971,P002,6/12/2025,Applied,Gender Mismatch
APL01972,APP01972,P004,9/12/2025,Interviewed,Low Interview Score
APL01973,APP01973,P004,3/2/2025,Applied,Gender Mismatch
APL01974,APP01974,P005,7/23/2025,Applied,Gender Mismatch
APL01975,APP01975,P003,8/19/2024,Qualified,Could Not Be Reached
APL01976,APP01976,P005,6/10/2025,Interviewed,Cohort Full
APL01977,APP01977,P004,6/13/2024,Applied,Incomplete Application
APL01978,APP01978,P007,9/4/2025,Applied,Gender Mismatch
APL01979,APP01979,P002,6/21/2025,Applied,Did Not Meet Requirements
APL01980,APP01980,P004,9/27/2024,Applied,Incomplete Application
APL01981,APP01981,P001,7/22/2024,Enrolled,
APL01982,APP01982,P003,4/28/2025,Applied,Incomplete Application
APL01983,APP01983,P008,4/25/2024,Applied,Gender Mismatch
APL01984,APP01984,P007,3/25/2025,Qualified,Could Not Be Reached
APL01985,APP01985,P002,8/19/2024,Applied,Incomplete Application
APL01986,APP01986,P001,9/22/2025,Enrolled,
APL01987,APP01987,P003,7/7/2025,Interviewed,Declined Offer
APL01988,APP01988,P004,4/20/2025,Qualified,Interview Slots Full
APL01989,APP01989,P002,8/17/2025,Applied,Did Not Meet Requirements
APL01990,APP01990,P004,6/30/2025,Applied,Did Not Meet Requirements
APL01991,APP01991,P001,4/8/2024,Qualified,Interview Slots Full
APL01992,APP01992,P004,9/22/2025,Applied,Did Not Meet Requirements
APL01993,APP01993,P003,4/1/2025,Interviewed,Declined Offer
APL01994,APP01994,P001,9/26/2024,Qualified,No Response
APL01995,APP01995,P002,3/14/2025,Applied,Incomplete Application
APL01996,APP01996,P003,9/4/2024,Interviewed,Low Interview Score
APL01997,APP01997,P001,2/4/2025,Enrolled,
APL01998,APP01998,P003,9/11/2025,Applied,Did Not Meet Requirements
APL01999,APP01999,P004,7/27/2025,Qualified,Could Not Be Reached
APL02000,APP02000,P001,2/2/2024,Qualified,No Response
APL02001,APP02001,P004,8/15/2024,Qualified,Could Not Be Reached
APL02002,APP02002,P001,1/24/2024,Applied,Incomplete Application
APL02003,APP02003,P008,1/16/2025,Applied,Did Not Meet Requirements
APL02004,APP02004,P006,8/5/2024,Applied,Gender Mismatch
APL02005,APP02005,P003,2/3/2024,Applied,Incomplete Application
APL02006,APP02006,P003,2/7/2025,Qualified,No Response
APL02007,APP02007,P004,1/11/2024,Qualified,No Response
APL02008,APP02008,P003,3/22/2025,Interviewed,Cohort Full
APL02009,APP02009,P002,9/29/2025,Interviewed,Low Interview Score
APL02010,APP02010,P006,1/14/2024,Enrolled,
APL02011,APP02011,P004,6/7/2024,Applied,Did Not Meet Requirements
APL02012,APP02012,P001,6/9/2025,Qualified,Could Not Be Reached
APL02013,APP02013,P004,2/5/2025,Qualified,No Response
APL02014,APP02014,P003,6/2/2024,Applied,Did Not Meet Requirements
APL02015,APP02015,P001,3/4/2025,Interviewed,Low Interview Score
APL02016,APP02016,P002,7/14/2025,Qualified,No Response
APL02017,APP02017,P002,6/23/2024,Applied,Incomplete Application
APL02018,APP02018,P002,8/27/2025,Qualified,No Response
APL02019,APP02019,P004,4/30/2024,Qualified,Interview Slots Full
APL02020,APP02020,P001,9/24/2024,Qualified,Interview Slots Full
APL02021,APP02021,P007,1/8/2024,Qualified,Could Not Be Reached
APL02022,APP02022,P001,6/16/2024,Applied,Did Not Meet Requirements
APL02023,APP02023,P002,7/15/2024,Applied,Gender Mismatch
APL02024,APP02024,P004,1/9/2025,Qualified,Interview Slots Full
APL02025,APP02025,P001,7/6/2025,Applied,Incomplete Application
APL02026,APP02026,P002,3/8/2024,Qualified,No Response
APL02027,APP02027,P005,4/24/2025,Qualified,Could Not Be Reached
APL02028,APP02028,P002,4/1/2025,Interviewed,Declined Offer
APL02029,APP02029,P008,3/31/2025,Enrolled,
APL02030,APP02030,P006,2/1/2025,Enrolled,
APL02031,APP02031,P004,9/5/2025,Applied,Did Not Meet Requirements
APL02032,APP02032,P004,8/10/2024,Applied,Incomplete Application
APL02033,APP02033,P002,3/15/2024,Applied,Did Not Meet Requirements
APL02034,APP02034,P002,7/26/2024,Enrolled,
APL02035,APP02035,P004,9/1/2024,Applied,Gender Mismatch
APL02036,APP02036,P005,7/31/2024,Applied,Incomplete Application
APL02037,APP02037,P005,7/23/2025,Qualified,Interview Slots Full
APL02038,APP02038,P006,8/5/2024,Applied,Gender Mismatch
APL02039,APP02039,P002,8/6/2024,Applied,Gender Mismatch
APL02040,APP02040,P008,1/18/2025,Applied,Did Not Meet Requirements
APL02041,APP02041,P008,6/14/2025,Interviewed,Low Interview Score
APL02042,APP02042,P001,2/8/2025,Applied,Did Not Meet Requirements
APL02043,APP02043,P001,4/16/2024,Qualified,Interview Slots Full
APL02044,APP02044,P002,7/16/2025,Qualified,Could Not Be Reached
APL02045,APP02045,P002,9/23/2025,Qualified,No Response
APL02046,APP02046,P007,4/29/2025,Interviewed,Declined Offer
APL02047,APP02047,P001,3/11/2025,Applied,Incomplete Application
APL02048,APP02048,P004,2/10/2024,Applied,Gender Mismatch
APL02049,APP02049,P008,8/28/2024,Applied,Incomplete Application
APL02050,APP02050,P003,7/10/2024,Qualified,Interview Slots Full
APL02051,APP02051,P005,1/17/2024,Qualified,No Response
APL02052,APP02052,P003,3/29/2025,Enrolled,
APL02053,APP02053,P004,4/23/2024,Qualified,Could Not Be Reached
APL02054,APP02054,P001,4/15/2025,Applied,Gender Mismatch
APL02055,APP02055,P006,2/13/2024,Qualified,Could Not Be Reached
APL02056,APP02056,P004,6/12/2025,Applied,Incomplete Application
APL02057,APP02057,P001,8/22/2025,Qualified,Could Not Be Reached
APL02058,APP02058,P002,7/20/2024,Applied,Did Not Meet Requirements
APL02059,APP02059,P004,9/27/2025,Qualified,Interview Slots Full
APL02060,APP02060,P008,9/1/2024,Applied,Incomplete Application
APL02061,APP02061,P003,1/9/2025,Qualified,No Response
APL02062,APP02062,P004,8/15/2024,Applied,Did Not Meet Requirements
APL02063,APP02063,P002,9/28/2024,Applied,Did Not Meet Requirements
APL02064,APP02064,P006,2/1/2024,Enrolled,
APL02065,APP02065,P008,9/20/2024,Interviewed,Declined Offer
APL02066,APP02066,P004,6/2/2024,Enrolled,
APL02067,APP02067,P001,8/24/2025,Qualified,Interview Slots Full
APL02068,APP02068,P005,8/6/2025,Applied,Incomplete Application
APL02069,APP02069,P004,9/22/2025,Qualified,No Response
APL02070,APP02070,P003,1/30/2024,Interviewed,Low Interview Score
APL02071,APP02071,P006,4/21/2025,Qualified,Could Not Be Reached
APL02072,APP02072,P003,8/23/2025,Interviewed,Low Interview Score
APL02073,APP02073,P004,8/16/2025,Qualified,Could Not Be Reached
APL02074,APP02074,P002,7/25/2025,Applied,Did Not Meet Requirements
APL02075,APP02075,P002,6/19/2025,Qualified,Could Not Be Reached
APL02076,APP02076,P003,8/29/2025,Applied,Incomplete Application
APL02077,APP02077,P002,9/8/2025,Applied,Incomplete Application
APL02078,APP02078,P002,1/25/2024,Applied,Did Not Meet Requirements
APL02079,APP02079,P004,7/30/2025,Qualified,No Response
APL02080,APP02080,P002,6/4/2024,Interviewed,Cohort Full
APL02081,APP02081,P003,8/27/2025,Applied,Incomplete Application
APL02082,APP02082,P008,2/5/2024,Applied,Gender Mismatch
APL02083,APP02083,P002,9/5/2024,Qualified,Could Not Be Reached
APL02084,APP02084,P004,2/20/2025,Applied,Incomplete Application
APL02085,APP02085,P003,9/18/2024,Qualified,Could Not Be Reached
APL02086,APP02086,P001,6/5/2025,Interviewed,Declined Offer
APL02087,APP02087,P006,2/15/2025,Applied,Did Not Meet Requirements
APL02088,APP02088,P001,6/3/2025,Applied,Gender Mismatch
APL02089,APP02089,P004,6/10/2024,Applied,Did Not Meet Requirements
APL02090,APP02090,P004,1/25/2024,Enrolled,
APL02091,APP02091,P005,8/2/2024,Qualified,No Response
APL02092,APP02092,P003,9/5/2024,Enrolled,
APL02093,APP02093,P006,9/12/2025,Qualified,Could Not Be Reached
APL02094,APP02094,P002,2/17/2025,Applied,Gender Mismatch
APL02095,APP02095,P001,8/17/2025,Qualified,No Response
APL02096,APP02096,P006,1/15/2025,Interviewed,Declined Offer
APL02097,APP02097,P001,3/13/2024,Applied,Did Not Meet Requirements
APL02098,APP02098,P007,4/14/2025,Interviewed,Cohort Full
APL02099,APP02099,P003,3/29/2024,Enrolled,
APL02100,APP02100,P002,1/24/2025,Qualified,Could Not Be Reached
APL02101,APP02101,P004,1/6/2025,Applied,Incomplete Application
APL02102,APP02102,P004,8/20/2024,Qualified,No Response
APL02103,APP02103,P004,2/27/2024,Applied,Did Not Meet Requirements
APL02104,APP02104,P003,3/5/2025,Applied,Incomplete Application
APL02105,APP02105,P006,9/27/2024,Applied,Did Not Meet Requirements
APL02106,APP02106,P007,2/12/2024,Applied,Incomplete Application
APL02107,APP02107,P004,2/10/2024,Applied,Incomplete Application
APL02108,APP02108,P005,1/31/2024,Enrolled,
APL02109,APP02109,P004,9/5/2025,Enrolled,
APL02110,APP02110,P006,7/31/2024,Applied,Gender Mismatch
APL02111,APP02111,P002,3/26/2024,Qualified,Could Not Be Reached
APL02112,APP02112,P005,6/19/2024,Qualified,No Response
APL02113,APP02113,P004,9/29/2024,Qualified,No Response
APL02114,APP02114,P004,7/9/2025,Qualified,Could Not Be Reached
APL02115,APP02115,P003,6/21/2024,Enrolled,
APL02116,APP02116,P003,4/15/2025,Qualified,Could Not Be Reached
APL02117,APP02117,P002,8/29/2024,Enrolled,
APL02118,APP02118,P004,1/5/2024,Qualified,Could Not Be Reached
APL02119,APP02119,P003,8/15/2025,Interviewed,Declined Offer
APL02120,APP02120,P008,7/29/2024,Qualified,Could Not Be Reached
APL02121,APP02121,P005,7/26/2024,Enrolled,
APL02122,APP02122,P004,9/4/2024,Applied,Did Not Meet Requirements
APL02123,APP02123,P004,8/1/2025,Applied,Did Not Meet Requirements
APL02124,APP02124,P003,4/7/2025,Interviewed,Declined Offer
APL02125,APP02125,P003,8/26/2025,Applied,Incomplete Application
APL02126,APP02126,P008,6/9/2024,Enrolled,
APL02127,APP02127,P006,7/25/2025,Qualified,Interview Slots Full
APL02128,APP02128,P003,6/5/2024,Interviewed,Low Interview Score
APL02129,APP02129,P002,7/26/2024,Applied,Incomplete Application
APL02130,APP02130,P001,7/28/2025,Enrolled,
APL02131,APP02131,P002,9/11/2025,Applied,Did Not Meet Requirements
APL02132,APP02132,P004,4/5/2024,Qualified,Interview Slots Full
APL02133,APP02133,P007,9/20/2025,Qualified,No Response
APL02134,APP02134,P004,9/4/2024,Qualified,No Response
APL02135,APP02135,P003,8/16/2025,Interviewed,Low Interview Score
APL02136,APP02136,P002,6/19/2024,Applied,Gender Mismatch
APL02137,APP02137,P001,4/6/2025,Applied,Incomplete Application
APL02138,APP02138,P004,2/18/2025,Qualified,No Response
APL02139,APP02139,P008,1/28/2025,Interviewed,Declined Offer
APL02140,APP02140,P006,7/27/2024,Interviewed,Low Interview Score
APL02141,APP02141,P004,9/22/2024,Applied,Did Not Meet Requirements
APL02142,APP02142,P005,7/21/2025,Interviewed,Low Interview Score
APL02143,APP02143,P004,4/5/2025,Qualified,Could Not Be Reached
APL02144,APP02144,P001,1/8/2024,Interviewed,Low Interview Score
APL02145,APP02145,P001,9/26/2024,Interviewed,Cohort Full
APL02146,APP02146,P005,9/24/2024,Qualified,Interview Slots Full
APL02147,APP02147,P005,2/3/2025,Qualified,Could Not Be Reached
APL02148,APP02148,P006,9/5/2024,Enrolled,
APL02149,APP02149,P001,9/12/2025,Qualified,No Response
APL02150,APP02150,P001,1/7/2024,Enrolled,
APL02151,APP02151,P005,3/27/2025,Enrolled,
APL02152,APP02152,P005,2/7/2024,Interviewed,Cohort Full
APL02153,APP02153,P001,3/30/2024,Qualified,Interview Slots Full
APL02154,APP02154,P003,6/7/2024,Enrolled,
APL02155,APP02155,P008,3/14/2025,Applied,Incomplete Application
APL02156,APP02156,P001,9/23/2024,Enrolled,
APL02157,APP02157,P004,6/5/2024,Interviewed,Cohort Full
APL02158,APP02158,P001,8/7/2025,Applied,Incomplete Application
APL02159,APP02159,P008,4/20/2024,Applied,Did Not Meet Requirements
APL02160,APP02160,P003,9/26/2024,Interviewed,Cohort Full
APL02161,APP02161,P006,7/7/2025,Qualified,No Response
APL02162,APP02162,P004,8/18/2024,Applied,Gender Mismatch
APL02163,APP02163,P002,4/14/2024,Qualified,Interview Slots Full
APL02164,APP02164,P006,3/6/2025,Applied,Did Not Meet Requirements
APL02165,APP02165,P006,9/7/2024,Applied,Incomplete Application
APL02166,APP02166,P002,8/12/2024,Applied,Did Not Meet Requirements
APL02167,APP02167,P006,1/8/2025,Applied,Did Not Meet Requirements
APL02168,APP02168,P002,4/14/2025,Applied,Incomplete Application
APL02169,APP02169,P007,2/11/2024,Qualified,Could Not Be Reached
APL02170,APP02170,P004,2/28/2024,Applied,Incomplete Application
APL02171,APP02171,P001,6/27/2024,Qualified,Could Not Be Reached
APL02172,APP02172,P004,4/2/2025,Enrolled,
APL02173,APP02173,P001,8/7/2025,Interviewed,Declined Offer
APL02174,APP02174,P004,9/14/2024,Applied,Did Not Meet Requirements
APL02175,APP02175,P006,4/17/2024,Applied,Incomplete Application
APL02176,APP02176,P003,6/21/2024,Applied,Did Not Meet Requirements
APL02177,APP02177,P007,8/10/2025,Applied,Did Not Meet Requirements
APL02178,APP02178,P004,7/5/2024,Applied,Incomplete Application
APL02179,APP02179,P002,9/9/2024,Applied,Incomplete Application
APL02180,APP02180,P002,9/7/2025,Applied,Gender Mismatch
APL02181,APP02181,P007,3/26/2024,Interviewed,Declined Offer
APL02182,APP02182,P006,3/30/2025,Applied,Did Not Meet Requirements
APL02183,APP02183,P007,7/11/2024,Applied,Incomplete Application
APL02184,APP02184,P001,1/1/2025,Qualified,No Response
APL02185,APP02185,P001,7/4/2024,Interviewed,Low Interview Score
APL02186,APP02186,P004,8/3/2024,Qualified,Interview Slots Full
APL02187,APP02187,P004,7/6/2024,Applied,Incomplete Application
APL02188,APP02188,P005,1/29/2025,Interviewed,Declined Offer
APL02189,APP02189,P001,9/13/2025,Applied,Did Not Meet Requirements
APL02190,APP02190,P002,6/24/2025,Qualified,No Response
APL02191,APP02191,P001,9/12/2024,Qualified,Interview Slots Full
APL02192,APP02192,P004,1/10/2024,Qualified,No Response
APL02193,APP02193,P001,9/19/2024,Applied,Incomplete Application
APL02194,APP02194,P004,2/8/2025,Qualified,No Response
APL02195,APP02195,P002,2/10/2024,Qualified,No Response
APL02196,APP02196,P001,8/8/2025,Qualified,Interview Slots Full
APL02197,APP02197,P004,1/21/2025,Interviewed,Cohort Full
APL02198,APP02198,P007,7/30/2024,Interviewed,Cohort Full
APL02199,APP02199,P005,7/31/2025,Qualified,Could Not Be Reached
APL02200,APP02200,P001,2/11/2024,Enrolled,
APL02201,APP02201,P002,7/1/2025,Applied,Incomplete Application
APL02202,APP02202,P003,2/14/2024,Enrolled,
APL02203,APP02203,P004,6/16/2024,Applied,Did Not Meet Requirements
APL02204,APP02204,P008,9/19/2025,Interviewed,Cohort Full
APL02205,APP02205,P003,2/2/2024,Enrolled,
APL02206,APP02206,P008,6/28/2024,Applied,Incomplete Application
APL02207,APP02207,P002,1/9/2024,Applied,Incomplete Application
APL02208,APP02208,P002,2/27/2025,Interviewed,Low Interview Score
APL02209,APP02209,P002,7/7/2025,Enrolled,
APL02210,APP02210,P002,8/28/2025,Qualified,No Response
APL02211,APP02211,P001,1/13/2024,Qualified,Interview Slots Full
APL02212,APP02212,P005,7/25/2025,Applied,Did Not Meet Requirements
APL02213,APP02213,P008,8/2/2024,Interviewed,Declined Offer
APL02214,APP02214,P003,1/3/2024,Interviewed,Cohort Full
APL02215,APP02215,P002,7/16/2025,Interviewed,Cohort Full
APL02216,APP02216,P004,4/3/2024,Applied,Incomplete Application
APL02217,APP02217,P002,7/28/2025,Applied,Did Not Meet Requirements
APL02218,APP02218,P004,2/6/2024,Qualified,Interview Slots Full
APL02219,APP02219,P002,1/28/2024,Qualified,Interview Slots Full
APL02220,APP02220,P001,7/17/2025,Enrolled,
APL02221,APP02221,P005,2/13/2025,Qualified,No Response
APL02222,APP02222,P002,4/17/2025,Applied,Did Not Meet Requirements
APL02223,APP02223,P008,4/15/2025,Qualified,No Response
APL02224,APP02224,P001,1/12/2025,Enrolled,
APL02225,APP02225,P006,3/16/2024,Qualified,No Response
APL02226,APP02226,P003,7/3/2025,Interviewed,Cohort Full
APL02227,APP02227,P001,7/3/2024,Qualified,Interview Slots Full
APL02228,APP02228,P003,2/13/2024,Applied,Gender Mismatch
APL02229,APP02229,P001,3/25/2025,Interviewed,Low Interview Score
APL02230,APP02230,P001,9/25/2024,Qualified,No Response
APL02231,APP02231,P004,2/28/2025,Applied,Incomplete Application
APL02232,APP02232,P001,6/2/2024,Applied,Did Not Meet Requirements
APL02233,APP02233,P002,3/7/2025,Interviewed,Declined Offer
APL02234,APP02234,P006,4/2/2025,Applied,Gender Mismatch
APL02235,APP02235,P005,3/5/2025,Enrolled,
APL02236,APP02236,P005,9/2/2025,Qualified,Interview Slots Full
APL02237,APP02237,P004,4/11/2025,Applied,Incomplete Application
APL02238,APP02238,P008,7/14/2025,Interviewed,Cohort Full
APL02239,APP02239,P003,1/29/2025,Applied,Incomplete Application
APL02240,APP02240,P005,7/30/2025,Interviewed,Low Interview Score
APL02241,APP02241,P004,4/25/2024,Qualified,Could Not Be Reached
APL02242,APP02242,P008,8/9/2025,Qualified,Interview Slots Full
APL02243,APP02243,P001,9/10/2025,Interviewed,Low Interview Score
APL02244,APP02244,P002,6/18/2024,Qualified,No Response
APL02245,APP02245,P008,6/20/2025,Applied,Did Not Meet Requirements
APL02246,APP02246,P004,4/15/2024,Applied,Gender Mismatch
APL02247,APP02247,P004,9/24/2024,Applied,Incomplete Application
APL02248,APP02248,P001,6/20/2024,Qualified,Interview Slots Full
APL02249,APP02249,P002,3/30/2025,Applied,Did Not Meet Requirements
APL02250,APP02250,P001,7/6/2024,Applied,Incomplete Application
APL02251,APP02251,P006,2/9/2025,Interviewed,Cohort Full
APL02252,APP02252,P001,2/23/2025,Enrolled,
APL02253,APP02253,P004,3/10/2025,Qualified,Interview Slots Full
APL02254,APP02254,P002,6/20/2025,Qualified,Could Not Be Reached
APL02255,APP02255,P004,4/5/2025,Qualified,No Response
APL02256,APP02256,P008,3/25/2025,Interviewed,Low Interview Score
APL02257,APP02257,P002,6/19/2025,Applied,Did Not Meet Requirements
APL02258,APP02258,P005,2/4/2025,Applied,Gender Mismatch
APL02259,APP02259,P004,1/29/2025,Applied,Gender Mismatch
APL02260,APP02260,P002,9/28/2024,Qualified,No Response
APL02261,APP02261,P006,9/21/2025,Qualified,Interview Slots Full
APL02262,APP02262,P005,3/25/2025,Applied,Incomplete Application
APL02263,APP02263,P005,1/27/2025,Qualified,Interview Slots Full
APL02264,APP02264,P004,2/26/2024,Enrolled,
APL02265,APP02265,P004,6/30/2025,Qualified,Interview Slots Full
APL02266,APP02266,P006,1/15/2024,Interviewed,Declined Offer
APL02267,APP02267,P005,2/13/2024,Applied,Gender Mismatch
APL02268,APP02268,P002,8/31/2025,Interviewed,Cohort Full
APL02269,APP02269,P003,3/15/2024,Qualified,No Response
APL02270,APP02270,P005,2/25/2024,Qualified,Interview Slots Full
APL02271,APP02271,P002,4/19/2024,Interviewed,Cohort Full
APL02272,APP02272,P003,8/27/2025,Qualified,Could Not Be Reached
APL02273,APP02273,P004,6/6/2025,Applied,Incomplete Application
APL02274,APP02274,P003,9/14/2024,Enrolled,
APL02275,APP02275,P005,3/29/2024,Enrolled,
APL02276,APP02276,P004,6/17/2025,Applied,Did Not Meet Requirements
APL02277,APP02277,P001,2/17/2024,Qualified,Interview Slots Full
APL02278,APP02278,P003,1/16/2024,Applied,Incomplete Application
APL02279,APP02279,P002,2/27/2025,Qualified,No Response
APL02280,APP02280,P004,8/23/2024,Applied,Gender Mismatch
APL02281,APP02281,P008,8/27/2024,Enrolled,
APL02282,APP02282,P005,2/7/2025,Applied,Incomplete Application
APL02283,APP02283,P001,7/29/2024,Qualified,Could Not Be Reached
APL02284,APP02284,P002,9/9/2025,Applied,Did Not Meet Requirements
APL02285,APP02285,P001,4/15/2024,Applied,Did Not Meet Requirements
APL02286,APP02286,P002,8/19/2024,Interviewed,Low Interview Score
APL02287,APP02287,P001,3/18/2024,Applied,Incomplete Application
APL02288,APP02288,P001,2/25/2025,Qualified,No Response
APL02289,APP02289,P004,8/10/2024,Applied,Gender Mismatch
APL02290,APP02290,P003,8/25/2025,Applied,Did Not Meet Requirements
APL02291,APP02291,P001,8/19/2025,Applied,Incomplete Application
APL02292,APP02292,P002,7/9/2024,Interviewed,Cohort Full
APL02293,APP02293,P006,7/26/2024,Interviewed,Cohort Full
APL02294,APP02294,P006,6/21/2024,Applied,Incomplete Application
APL02295,APP02295,P007,7/7/2024,Interviewed,Declined Offer
APL02296,APP02296,P004,3/19/2025,Enrolled,
APL02297,APP02297,P003,4/7/2025,Qualified,Interview Slots Full
APL02298,APP02298,P005,7/21/2025,Qualified,No Response
APL02299,APP02299,P005,7/23/2024,Qualified,Interview Slots Full
APL02300,APP02300,P008,2/15/2025,Applied,Gender Mismatch
APL02301,APP02301,P004,3/28/2025,Applied,Gender Mismatch
APL02302,APP02302,P004,2/18/2025,Qualified,Interview Slots Full
APL02303,APP02303,P008,6/10/2024,Enrolled,
APL02304,APP02304,P007,3/6/2025,Qualified,Could Not Be Reached
APL02305,APP02305,P001,1/30/2025,Qualified,Could Not Be Reached
APL02306,APP02306,P008,1/31/2025,Enrolled,
APL02307,APP02307,P005,1/20/2025,Qualified,Could Not Be Reached
APL02308,APP02308,P008,3/24/2024,Qualified,Could Not Be Reached
APL02309,APP02309,P001,4/21/2025,Qualified,Interview Slots Full
APL02310,APP02310,P002,8/11/2024,Qualified,Could Not Be Reached
APL02311,APP02311,P002,1/18/2024,Applied,Gender Mismatch
APL02312,APP02312,P002,9/5/2025,Qualified,Interview Slots Full
APL02313,APP02313,P007,9/9/2024,Qualified,Interview Slots Full
APL02314,APP02314,P002,7/3/2025,Applied,Did Not Meet Requirements
APL02315,APP02315,P004,6/1/2025,Qualified,Could Not Be Reached
APL02316,APP02316,P001,4/29/2025,Qualified,Could Not Be Reached
APL02317,APP02317,P004,4/13/2024,Enrolled,
APL02318,APP02318,P001,2/15/2024,Applied,Incomplete Application
APL02319,APP02319,P001,1/24/2024,Applied,Incomplete Application
APL02320,APP02320,P005,1/6/2024,Qualified,Could Not Be Reached
APL02321,APP02321,P004,9/28/2024,Applied,Incomplete Application
APL02322,APP02322,P008,9/16/2025,Qualified,Could Not Be Reached
APL02323,APP02323,P008,3/13/2025,Applied,Did Not Meet Requirements
APL02324,APP02324,P007,4/19/2025,Applied,Did Not Meet Requirements
APL02325,APP02325,P001,8/29/2024,Interviewed,Low Interview Score
APL02326,APP02326,P003,6/21/2024,Applied,Incomplete Application
APL02327,APP02327,P004,2/26/2025,Qualified,Could Not Be Reached
APL02328,APP02328,P005,3/23/2025,Applied,Gender Mismatch
APL02329,APP02329,P005,8/31/2025,Enrolled,
APL02330,APP02330,P004,9/24/2024,Applied,Did Not Meet Requirements
APL02331,APP02331,P001,8/22/2025,Interviewed,Cohort Full
APL02332,APP02332,P002,4/19/2024,Interviewed,Cohort Full
APL02333,APP02333,P002,9/18/2025,Applied,Did Not Meet Requirements
APL02334,APP02334,P008,2/28/2025,Qualified,No Response
APL02335,APP02335,P004,8/15/2025,Enrolled,
APL02336,APP02336,P001,9/27/2025,Qualified,Interview Slots Full
APL02337,APP02337,P007,8/9/2025,Enrolled,
APL02338,APP02338,P001,3/17/2025,Qualified,Interview Slots Full
APL02339,APP02339,P003,9/10/2025,Interviewed,Declined Offer
APL02340,APP02340,P001,7/6/2025,Applied,Did Not Meet Requirements
APL02341,APP02341,P002,7/12/2024,Interviewed,Declined Offer
APL02342,APP02342,P003,7/23/2024,Applied,Did Not Meet Requirements
APL02343,APP02343,P002,7/31/2025,Applied,Incomplete Application
APL02344,APP02344,P004,1/5/2024,Interviewed,Low Interview Score
APL02345,APP02345,P008,9/7/2025,Enrolled,
APL02346,APP02346,P005,4/10/2024,Applied,Incomplete Application
APL02347,APP02347,P002,6/7/2025,Qualified,Could Not Be Reached
APL02348,APP02348,P004,9/20/2024,Applied,Did Not Meet Requirements
APL02349,APP02349,P004,1/16/2025,Qualified,No Response
APL02350,APP02350,P007,2/4/2025,Applied,Incomplete Application
APL02351,APP02351,P004,7/4/2024,Applied,Did Not Meet Requirements
APL02352,APP02352,P005,4/28/2024,Qualified,No Response
APL02353,APP02353,P002,8/7/2024,Interviewed,Low Interview Score
APL02354,APP02354,P003,6/19/2025,Applied,Did Not Meet Requirements
APL02355,APP02355,P004,4/14/2024,Applied,Incomplete Application
APL02356,APP02356,P002,7/13/2024,Enrolled,
APL02357,APP02357,P001,4/16/2025,Qualified,Could Not Be Reached
APL02358,APP02358,P001,2/28/2025,Applied,Gender Mismatch
APL02359,APP02359,P003,9/29/2024,Applied,Did Not Meet Requirements
APL02360,APP02360,P004,6/21/2025,Applied,Did Not Meet Requirements
APL02361,APP02361,P001,4/14/2025,Qualified,Interview Slots Full
APL02362,APP02362,P004,2/20/2024,Interviewed,Cohort Full
APL02363,APP02363,P006,8/25/2025,Applied,Did Not Meet Requirements
APL02364,APP02364,P001,8/23/2024,Applied,Incomplete Application
APL02365,APP02365,P003,9/10/2024,Interviewed,Cohort Full
APL02366,APP02366,P006,2/26/2025,Interviewed,Cohort Full
APL02367,APP02367,P004,4/24/2025,Qualified,Interview Slots Full
APL02368,APP02368,P001,3/8/2024,Interviewed,Declined Offer
APL02369,APP02369,P003,6/27/2025,Qualified,Could Not Be Reached
APL02370,APP02370,P001,8/30/2024,Enrolled,
APL02371,APP02371,P002,2/6/2024,Applied,Incomplete Application
APL02372,APP02372,P005,3/12/2025,Applied,Incomplete Application
APL02373,APP02373,P004,3/15/2024,Qualified,No Response
APL02374,APP02374,P002,4/5/2024,Applied,Did Not Meet Requirements
APL02375,APP02375,P004,6/19/2024,Interviewed,Declined Offer
APL02376,APP02376,P001,7/20/2025,Applied,Did Not Meet Requirements
APL02377,APP02377,P008,1/1/2024,Applied,Gender Mismatch
APL02378,APP02378,P004,4/18/2025,Qualified,Could Not Be Reached
APL02379,APP02379,P004,7/29/2025,Applied,Incomplete Application
APL02380,APP02380,P005,6/23/2025,Qualified,Could Not Be Reached
APL02381,APP02381,P001,2/20/2024,Applied,Did Not Meet Requirements
APL02382,APP02382,P004,7/9/2024,Interviewed,Cohort Full
APL02383,APP02383,P004,8/27/2024,Applied,Gender Mismatch
APL02384,APP02384,P002,7/19/2025,Applied,Gender Mismatch
APL02385,APP02385,P007,7/24/2024,Applied,Gender Mismatch
APL02386,APP02386,P006,4/18/2024,Qualified,No Response
APL02387,APP02387,P003,3/5/2024,Qualified,Could Not Be Reached
APL02388,APP02388,P008,6/15/2024,Enrolled,
APL02389,APP02389,P004,2/6/2024,Applied,Incomplete Application
APL02390,APP02390,P004,2/16/2025,Applied,Incomplete Application
APL02391,APP02391,P004,6/18/2024,Enrolled,
APL02392,APP02392,P007,8/8/2024,Enrolled,
APL02393,APP02393,P003,3/29/2025,Enrolled,
APL02394,APP02394,P008,3/14/2025,Applied,Gender Mismatch
APL02395,APP02395,P004,1/5/2024,Qualified,No Response
APL02396,APP02396,P002,7/30/2024,Qualified,Interview Slots Full
APL02397,APP02397,P002,7/3/2025,Interviewed,Cohort Full
APL02398,APP02398,P003,3/28/2025,Qualified,No Response
APL02399,APP02399,P001,9/2/2025,Interviewed,Low Interview Score
APL02400,APP02400,P001,3/2/2024,Interviewed,Cohort Full
APL02401,APP02401,P001,1/19/2024,Enrolled,
APL02402,APP02402,P002,2/9/2025,Qualified,Could Not Be Reached
APL02403,APP02403,P004,1/25/2025,Applied,Incomplete Application
APL02404,APP02404,P002,9/7/2025,Applied,Did Not Meet Requirements
APL02405,APP02405,P004,1/9/2024,Applied,Gender Mismatch
APL02406,APP02406,P005,8/20/2024,Interviewed,Declined Offer
APL02407,APP02407,P008,6/8/2025,Qualified,Interview Slots Full
APL02408,APP02408,P004,1/11/2024,Applied,Gender Mismatch
APL02409,APP02409,P006,9/28/2025,Qualified,No Response
APL02410,APP02410,P004,4/10/2025,Applied,Incomplete Application
APL02411,APP02411,P007,6/20/2024,Enrolled,
APL02412,APP02412,P004,3/3/2024,Applied,Gender Mismatch
APL02413,APP02413,P008,7/31/2024,Applied,Did Not Meet Requirements
APL02414,APP02414,P002,8/8/2024,Applied,Gender Mismatch
APL02415,APP02415,P003,1/1/2024,Qualified,Interview Slots Full
APL02416,APP02416,P001,8/15/2025,Qualified,Interview Slots Full
APL02417,APP02417,P002,1/28/2025,Enrolled,
APL02418,APP02418,P008,2/7/2024,Qualified,Interview Slots Full
APL02419,APP02419,P007,7/18/2025,Applied,Incomplete Application
APL02420,APP02420,P006,8/21/2025,Applied,Gender Mismatch
APL02421,APP02421,P001,1/31/2024,Applied,Did Not Meet Requirements
APL02422,APP02422,P001,1/3/2025,Applied,Incomplete Application
APL02423,APP02423,P002,4/25/2025,Qualified,No Response
APL02424,APP02424,P005,3/1/2024,Applied,Incomplete Application
APL02425,APP02425,P004,3/30/2024,Enrolled,
APL02426,APP02426,P005,3/23/2024,Applied,Incomplete Application
APL02427,APP02427,P007,6/6/2024,Interviewed,Declined Offer
APL02428,APP02428,P006,3/16/2025,Qualified,No Response
APL02429,APP02429,P002,8/21/2025,Qualified,No Response
APL02430,APP02430,P002,6/16/2025,Qualified,Could Not Be Reached
APL02431,APP02431,P008,8/2/2025,Qualified,Could Not Be Reached
APL02432,APP02432,P001,8/2/2024,Interviewed,Low Interview Score
APL02433,APP02433,P001,2/15/2025,Qualified,Could Not Be Reached
APL02434,APP02434,P002,2/22/2025,Applied,Gender Mismatch
APL02435,APP02435,P007,4/15/2025,Applied,Gender Mismatch
APL02436,APP02436,P002,9/28/2025,Applied,Incomplete Application
APL02437,APP02437,P004,6/29/2025,Applied,Incomplete Application
APL02438,APP02438,P001,9/15/2025,Interviewed,Cohort Full
APL02439,APP02439,P002,7/29/2025,Enrolled,
APL02440,APP02440,P005,4/17/2024,Applied,Did Not Meet Requirements
APL02441,APP02441,P004,6/23/2025,Applied,Gender Mismatch
APL02442,APP02442,P006,2/26/2025,Applied,Did Not Meet Requirements
APL02443,APP02443,P005,6/15/2024,Applied,Gender Mismatch
APL02444,APP02444,P001,3/30/2025,Qualified,No Response
APL02445,APP02445,P002,2/4/2024,Applied,Incomplete Application
APL02446,APP02446,P002,8/13/2025,Enrolled,
APL02447,APP02447,P002,6/28/2024,Applied,Incomplete Application
APL02448,APP02448,P006,7/24/2025,Enrolled,
APL02449,APP02449,P004,8/22/2025,Applied,Gender Mismatch
APL02450,APP02450,P001,6/28/2025,Qualified,No Response
APL02451,APP02451,P004,9/13/2024,Interviewed,Declined Offer
APL02452,APP02452,P001,8/14/2025,Applied,Incomplete Application
APL02453,APP02453,P002,6/18/2025,Applied,Incomplete Application
APL02454,APP02454,P004,2/19/2025,Qualified,No Response
APL02455,APP02455,P006,7/14/2025,Applied,Incomplete Application
APL02456,APP02456,P008,1/22/2024,Qualified,No Response
APL02457,APP02457,P001,9/18/2025,Interviewed,Cohort Full
APL02458,APP02458,P004,7/20/2025,Qualified,No Response
APL02459,APP02459,P006,9/25/2025,Interviewed,Cohort Full
APL02460,APP02460,P008,6/16/2024,Applied,Did Not Meet Requirements
APL02461,APP02461,P005,9/21/2024,Applied,Incomplete Application
APL02462,APP02462,P005,3/27/2024,Qualified,Could Not Be Reached
APL02463,APP02463,P002,6/25/2025,Applied,Incomplete Application
APL02464,APP02464,P005,4/10/2025,Interviewed,Cohort Full
APL02465,APP02465,P001,9/24/2025,Qualified,Interview Slots Full
APL02466,APP02466,P004,1/16/2024,Applied,Gender Mismatch
APL02467,APP02467,P001,2/28/2024,Enrolled,
APL02468,APP02468,P007,8/1/2025,Applied,Did Not Meet Requirements
APL02469,APP02469,P001,2/17/2025,Qualified,No Response
APL02470,APP02470,P004,8/26/2025,Enrolled,
APL02471,APP02471,P002,7/9/2025,Applied,Gender Mismatch
APL02472,APP02472,P004,3/2/2024,Enrolled,
APL02473,APP02473,P004,1/22/2025,Qualified,Interview Slots Full
APL02474,APP02474,P003,3/18/2024,Interviewed,Low Interview Score
APL02475,APP02475,P002,9/1/2024,Qualified,No Response
APL02476,APP02476,P003,3/4/2024,Applied,Did Not Meet Requirements
APL02477,APP02477,P005,9/16/2025,Qualified,Could Not Be Reached
APL02478,APP02478,P006,6/22/2025,Interviewed,Cohort Full
APL02479,APP02479,P001,8/4/2024,Applied,Incomplete Application
APL02480,APP02480,P003,6/25/2024,Applied,Gender Mismatch
APL02481,APP02481,P004,2/4/2024,Interviewed,Low Interview Score
APL02482,APP02482,P001,4/11/2025,Qualified,Interview Slots Full
APL02483,APP02483,P003,1/6/2025,Qualified,No Response
APL02484,APP02484,P001,3/13/2024,Qualified,No Response
APL02485,APP02485,P007,8/23/2025,Enrolled,
APL02486,APP02486,P007,7/7/2024,Applied,Gender Mismatch
APL02487,APP02487,P001,7/28/2025,Applied,Did Not Meet Requirements
APL02488,APP02488,P005,8/21/2025,Qualified,Interview Slots Full
APL02489,APP02489,P008,4/14/2025,Qualified,No Response
APL02490,APP02490,P007,8/21/2025,Interviewed,Cohort Full
APL02491,APP02491,P002,7/31/2024,Applied,Incomplete Application
APL02492,APP02492,P002,3/28/2025,Qualified,Interview Slots Full
APL02493,APP02493,P005,6/2/2025,Interviewed,Low Interview Score
APL02494,APP02494,P001,3/31/2024,Applied,Gender Mismatch
APL02495,APP02495,P004,6/26/2025,Enrolled,
APL02496,APP02496,P001,8/28/2025,Interviewed,Low Interview Score
APL02497,APP02497,P003,6/24/2025,Enrolled,
APL02498,APP02498,P002,7/25/2024,Applied,Incomplete Application
APL02499,APP02499,P001,3/26/2025,Qualified,No Response
APL02500,APP02500,P004,3/9/2025,Applied,Did Not Meet Requirements
APL02501,APP02501,P003,9/30/2024,Applied,Did Not Meet Requirements
APL02502,APP02502,P008,7/23/2025,Qualified,Could Not Be Reached
APL02503,APP02503,P003,3/21/2024,Applied,Incomplete Application
APL02504,APP02504,P001,6/12/2025,Interviewed,Declined Offer
APL02505,APP02505,P001,7/4/2024,Applied,Did Not Meet Requirements
APL02506,APP02506,P002,3/3/2025,Applied,Did Not Meet Requirements
APL02507,APP02507,P008,2/16/2024,Applied,Gender Mismatch
APL02508,APP02508,P005,3/25/2025,Applied,Did Not Meet Requirements
APL02509,APP02509,P008,7/6/2025,Enrolled,
APL02510,APP02510,P002,1/4/2025,Applied,Gender Mismatch
APL02511,APP02511,P008,2/21/2024,Applied,Gender Mismatch
APL02512,APP02512,P004,3/1/2024,Applied,Did Not Meet Requirements
APL02513,APP02513,P008,8/15/2024,Qualified,No Response
APL02514,APP02514,P004,7/16/2025,Qualified,Could Not Be Reached
APL02515,APP02515,P001,6/14/2024,Applied,Did Not Meet Requirements
APL02516,APP02516,P007,9/25/2024,Interviewed,Cohort Full
APL02517,APP02517,P001,1/23/2025,Applied,Incomplete Application
APL02518,APP02518,P008,9/6/2024,Enrolled,
APL02519,APP02519,P001,3/26/2024,Applied,Incomplete Application
APL02520,APP02520,P004,2/10/2025,Applied,Did Not Meet Requirements
APL02521,APP02521,P001,8/4/2025,Enrolled,
APL02522,APP02522,P003,3/22/2025,Enrolled,
APL02523,APP02523,P003,4/30/2025,Applied,Gender Mismatch
APL02524,APP02524,P001,3/25/2025,Applied,Incomplete Application
APL02525,APP02525,P001,7/23/2024,Enrolled,
APL02526,APP02526,P004,1/10/2024,Interviewed,Cohort Full
APL02527,APP02527,P004,4/20/2025,Applied,Did Not Meet Requirements
APL02528,APP02528,P004,6/20/2024,Qualified,No Response
APL02529,APP02529,P001,4/4/2025,Qualified,No Response
APL02530,APP02530,P001,6/30/2025,Applied,Gender Mismatch
APL02531,APP02531,P001,4/2/2024,Interviewed,Low Interview Score
APL02532,APP02532,P005,9/20/2025,Enrolled,
APL02533,APP02533,P004,7/18/2024,Applied,Incomplete Application
APL02534,APP02534,P008,6/14/2025,Qualified,No Response
APL02535,APP02535,P007,6/16/2025,Interviewed,Cohort Full
APL02536,APP02536,P004,1/28/2024,Applied,Gender Mismatch
APL02537,APP02537,P005,1/15/2025,Qualified,Interview Slots Full
APL02538,APP02538,P004,7/16/2025,Interviewed,Low Interview Score
APL02539,APP02539,P001,3/2/2024,Interviewed,Low Interview Score
APL02540,APP02540,P003,8/30/2024,Qualified,Could Not Be Reached
APL02541,APP02541,P008,2/17/2024,Qualified,Could Not Be Reached
APL02542,APP02542,P001,1/14/2024,Qualified,No Response
APL02543,APP02543,P001,8/24/2024,Enrolled,
APL02544,APP02544,P002,2/10/2025,Applied,Incomplete Application
APL02545,APP02545,P001,1/10/2025,Interviewed,Cohort Full
APL02546,APP02546,P004,4/24/2024,Applied,Gender Mismatch
APL02547,APP02547,P004,9/18/2024,Applied,Incomplete Application
APL02548,APP02548,P006,8/20/2025,Applied,Incomplete Application
APL02549,APP02549,P002,1/26/2024,Qualified,No Response
APL02550,APP02550,P005,3/12/2024,Interviewed,Cohort Full
APL02551,APP02551,P002,1/28/2025,Enrolled,
APL02552,APP02552,P006,8/25/2024,Applied,Gender Mismatch
APL02553,APP02553,P004,3/5/2024,Enrolled,
APL02554,APP02554,P006,2/27/2024,Applied,Did Not Meet Requirements
APL02555,APP02555,P006,9/27/2025,Qualified,No Response
APL02556,APP02556,P003,8/6/2025,Applied,Incomplete Application
APL02557,APP02557,P004,4/22/2025,Applied,Did Not Meet Requirements
APL02558,APP02558,P001,2/19/2024,Qualified,Could Not Be Reached
APL02559,APP02559,P007,4/29/2024,Applied,Did Not Meet Requirements
APL02560,APP02560,P002,3/16/2025,Applied,Did Not Meet Requirements
APL02561,APP02561,P003,9/27/2024,Applied,Incomplete Application
APL02562,APP02562,P003,2/21/2024,Interviewed,Cohort Full
APL02563,APP02563,P002,6/6/2024,Qualified,No Response
APL02564,APP02564,P002,4/8/2025,Applied,Did Not Meet Requirements
APL02565,APP02565,P007,2/11/2024,Applied,Did Not Meet Requirements
APL02566,APP02566,P002,9/27/2025,Qualified,No Response
APL02567,APP02567,P005,2/15/2025,Applied,Did Not Meet Requirements
APL02568,APP02568,P001,6/12/2024,Qualified,Could Not Be Reached
APL02569,APP02569,P001,7/2/2024,Interviewed,Declined Offer
APL02570,APP02570,P002,9/27/2024,Applied,Incomplete Application
APL02571,APP02571,P004,3/29/2024,Applied,Incomplete Application
APL02572,APP02572,P001,3/11/2024,Qualified,Could Not Be Reached
APL02573,APP02573,P003,7/25/2025,Enrolled,
APL02574,APP02574,P001,9/18/2025,Interviewed,Low Interview Score
APL02575,APP02575,P005,6/2/2025,Applied,Incomplete Application
APL02576,APP02576,P001,8/2/2025,Qualified,Could Not Be Reached
APL02577,APP02577,P008,1/7/2025,Enrolled,
APL02578,APP02578,P004,8/6/2024,Qualified,No Response
APL02579,APP02579,P004,8/1/2025,Applied,Gender Mismatch
APL02580,APP02580,P002,3/21/2024,Enrolled,
APL02581,APP02581,P001,4/20/2025,Applied,Did Not Meet Requirements
APL02582,APP02582,P008,6/26/2024,Qualified,Interview Slots Full
APL02583,APP02583,P005,7/14/2024,Enrolled,
APL02584,APP02584,P001,7/22/2024,Applied,Gender Mismatch
APL02585,APP02585,P002,4/16/2024,Qualified,Interview Slots Full
APL02586,APP02586,P005,7/12/2024,Interviewed,Low Interview Score
APL02587,APP02587,P008,1/10/2024,Interviewed,Cohort Full
APL02588,APP02588,P002,1/25/2024,Applied,Did Not Meet Requirements
APL02589,APP02589,P001,1/11/2024,Interviewed,Declined Offer
APL02590,APP02590,P003,3/31/2025,Applied,Did Not Meet Requirements
APL02591,APP02591,P004,8/20/2025,Applied,Incomplete Application
APL02592,APP02592,P001,8/28/2025,Qualified,Could Not Be Reached
APL02593,APP02593,P001,1/9/2024,Qualified,Interview Slots Full
APL02594,APP02594,P008,6/22/2024,Qualified,Could Not Be Reached
APL02595,APP02595,P003,1/4/2024,Applied,Gender Mismatch
APL02596,APP02596,P008,6/11/2025,Applied,Incomplete Application
APL02597,APP02597,P004,7/30/2024,Applied,Did Not Meet Requirements
APL02598,APP02598,P007,3/16/2024,Enrolled,
APL02599,APP02599,P001,1/4/2025,Qualified,Interview Slots Full
APL02600,APP02600,P007,1/15/2024,Qualified,Could Not Be Reached
APL02601,APP02601,P003,9/27/2024,Interviewed,Low Interview Score
APL02602,APP02602,P006,3/11/2024,Interviewed,Low Interview Score
APL02603,APP02603,P002,6/18/2024,Qualified,No Response
APL02604,APP02604,P002,2/10/2025,Enrolled,
APL02605,APP02605,P006,4/11/2025,Qualified,No Response
APL02606,APP02606,P002,4/20/2024,Qualified,Interview Slots Full
APL02607,APP02607,P002,1/1/2024,Applied,Did Not Meet Requirements
APL02608,APP02608,P003,3/3/2025,Enrolled,
APL02609,APP02609,P005,9/25/2024,Qualified,Could Not Be Reached
APL02610,APP02610,P005,2/19/2025,Applied,Incomplete Application
APL02611,APP02611,P001,7/26/2024,Applied,Incomplete Application
APL02612,APP02612,P004,1/23/2025,Applied,Incomplete Application
APL02613,APP02613,P001,6/14/2024,Qualified,Could Not Be Reached
APL02614,APP02614,P006,3/16/2024,Qualified,Could Not Be Reached
APL02615,APP02615,P001,8/21/2024,Qualified,No Response
APL02616,APP02616,P004,7/13/2025,Qualified,No Response
APL02617,APP02617,P008,9/17/2025,Qualified,Interview Slots Full
APL02618,APP02618,P004,2/20/2024,Applied,Incomplete Application
APL02619,APP02619,P004,7/13/2024,Applied,Did Not Meet Requirements
APL02620,APP02620,P004,9/19/2025,Applied,Incomplete Application
APL02621,APP02621,P008,1/28/2024,Qualified,Interview Slots Full
APL02622,APP02622,P008,4/26/2025,Applied,Incomplete Application
APL02623,APP02623,P002,2/13/2025,Interviewed,Cohort Full
APL02624,APP02624,P003,7/29/2024,Enrolled,
APL02625,APP02625,P001,7/17/2024,Interviewed,Declined Offer
APL02626,APP02626,P004,4/24/2024,Applied,Did Not Meet Requirements
APL02627,APP02627,P002,8/2/2024,Qualified,Interview Slots Full
APL02628,APP02628,P002,7/12/2024,Qualified,Could Not Be Reached
APL02629,APP02629,P003,1/24/2024,Interviewed,Cohort Full
APL02630,APP02630,P001,7/23/2025,Applied,Did Not Meet Requirements
APL02631,APP02631,P002,2/9/2025,Enrolled,
APL02632,APP02632,P004,2/21/2025,Applied,Did Not Meet Requirements
APL02633,APP02633,P007,7/27/2025,Applied,Did Not Meet Requirements
APL02634,APP02634,P004,6/14/2024,Applied,Did Not Meet Requirements
APL02635,APP02635,P001,2/15/2025,Enrolled,
APL02636,APP02636,P004,3/3/2024,Qualified,Interview Slots Full
APL02637,APP02637,P001,8/31/2024,Interviewed,Declined Offer
APL02638,APP02638,P004,6/8/2025,Applied,Did Not Meet Requirements
APL02639,APP02639,P001,4/29/2025,Applied,Did Not Meet Requirements
APL02640,APP02640,P002,6/8/2025,Applied,Incomplete Application
APL02641,APP02641,P008,9/11/2024,Applied,Incomplete Application
APL02642,APP02642,P001,3/9/2024,Enrolled,
APL02643,APP02643,P008,6/18/2024,Interviewed,Low Interview Score
APL02644,APP02644,P008,9/7/2025,Qualified,Interview Slots Full
APL02645,APP02645,P002,9/7/2024,Interviewed,Low Interview Score
APL02646,APP02646,P004,2/6/2025,Interviewed,Declined Offer
APL02647,APP02647,P008,7/30/2024,Applied,Incomplete Application
APL02648,APP02648,P004,8/5/2025,Qualified,Could Not Be Reached
APL02649,APP02649,P001,6/14/2025,Qualified,No Response
APL02650,APP02650,P003,8/3/2024,Enrolled,
APL02651,APP02651,P005,2/20/2025,Applied,Did Not Meet Requirements
APL02652,APP02652,P005,8/26/2025,Applied,Gender Mismatch
APL02653,APP02653,P002,1/23/2025,Qualified,Interview Slots Full
APL02654,APP02654,P002,6/19/2024,Applied,Incomplete Application
APL02655,APP02655,P003,3/20/2024,Interviewed,Declined Offer
APL02656,APP02656,P004,2/9/2024,Enrolled,
APL02657,APP02657,P003,1/28/2024,Qualified,No Response
APL02658,APP02658,P008,7/15/2024,Applied,Incomplete Application
APL02659,APP02659,P006,7/5/2025,Applied,Incomplete Application
APL02660,APP02660,P008,9/21/2024,Applied,Did Not Meet Requirements
APL02661,APP02661,P004,7/26/2024,Interviewed,Cohort Full
APL02662,APP02662,P004,2/26/2024,Applied,Gender Mismatch
APL02663,APP02663,P007,3/6/2024,Interviewed,Declined Offer
APL02664,APP02664,P008,1/26/2025,Applied,Incomplete Application
APL02665,APP02665,P002,3/23/2025,Applied,Did Not Meet Requirements
APL02666,APP02666,P004,2/23/2024,Enrolled,
APL02667,APP02667,P006,8/10/2024,Qualified,Could Not Be Reached
APL02668,APP02668,P004,7/29/2025,Enrolled,
APL02669,APP02669,P007,8/7/2024,Interviewed,Low Interview Score
APL02670,APP02670,P004,1/19/2025,Applied,Incomplete Application
APL02671,APP02671,P001,9/4/2025,Applied,Gender Mismatch
APL02672,APP02672,P005,2/1/2025,Enrolled,
APL02673,APP02673,P004,4/4/2025,Qualified,Interview Slots Full
APL02674,APP02674,P007,3/4/2024,Applied,Incomplete Application
APL02675,APP02675,P007,3/27/2025,Enrolled,
APL02676,APP02676,P001,6/25/2025,Interviewed,Cohort Full
APL02677,APP02677,P003,7/4/2024,Qualified,Could Not Be Reached
APL02678,APP02678,P006,2/20/2024,Qualified,Interview Slots Full
APL02679,APP02679,P003,7/9/2024,Qualified,Interview Slots Full
APL02680,APP02680,P007,1/17/2025,Applied,Incomplete Application
APL02681,APP02681,P003,8/31/2025,Applied,Incomplete Application
APL02682,APP02682,P006,7/14/2025,Qualified,No Response
APL02683,APP02683,P006,9/14/2024,Applied,Did Not Meet Requirements
APL02684,APP02684,P001,6/22/2025,Interviewed,Declined Offer
APL02685,APP02685,P001,2/14/2025,Enrolled,
APL02686,APP02686,P004,2/20/2024,Applied,Incomplete Application
APL02687,APP02687,P002,8/14/2025,Applied,Did Not Meet Requirements
APL02688,APP02688,P008,3/19/2025,Qualified,No Response
APL02689,APP02689,P002,6/1/2024,Enrolled,
APL02690,APP02690,P005,4/30/2024,Applied,Incomplete Application
APL02691,APP02691,P001,9/6/2025,Qualified,Interview Slots Full
APL02692,APP02692,P004,9/12/2025,Interviewed,Cohort Full
APL02693,APP02693,P005,6/25/2024,Applied,Gender Mismatch
APL02694,APP02694,P004,9/15/2024,Applied,Incomplete Application
APL02695,APP02695,P001,6/28/2024,Enrolled,
APL02696,APP02696,P003,8/4/2024,Enrolled,
APL02697,APP02697,P002,2/17/2024,Enrolled,
APL02698,APP02698,P004,3/20/2025,Enrolled,
APL02699,APP02699,P001,1/27/2025,Qualified,No Response
APL02700,APP02700,P001,4/27/2025,Qualified,Could Not Be Reached
APL02701,APP02701,P001,2/18/2024,Qualified,Could Not Be Reached
APL02702,APP02702,P008,1/29/2025,Applied,Did Not Meet Requirements
APL02703,APP02703,P008,6/1/2024,Qualified,No Response
APL02704,APP02704,P002,2/18/2025,Enrolled,
APL02705,APP02705,P007,9/3/2024,Applied,Gender Mismatch
APL02706,APP02706,P002,9/8/2024,Qualified,Could Not Be Reached
APL02707,APP02707,P004,8/24/2024,Qualified,Interview Slots Full
APL02708,APP02708,P004,6/28/2024,Qualified,No Response
APL02709,APP02709,P005,4/13/2024,Qualified,No Response
APL02710,APP02710,P002,9/28/2025,Qualified,Interview Slots Full
APL02711,APP02711,P004,3/19/2024,Enrolled,
APL02712,APP02712,P005,4/21/2024,Applied,Incomplete Application
APL02713,APP02713,P007,1/16/2025,Applied,Incomplete Application
APL02714,APP02714,P007,7/31/2025,Applied,Incomplete Application
APL02715,APP02715,P004,1/30/2025,Interviewed,Cohort Full
APL02716,APP02716,P004,2/28/2024,Qualified,No Response
APL02717,APP02717,P004,6/19/2024,Applied,Gender Mismatch
APL02718,APP02718,P001,4/17/2024,Applied,Incomplete Application
APL02719,APP02719,P004,7/13/2025,Qualified,Interview Slots Full
APL02720,APP02720,P006,7/2/2024,Qualified,No Response
APL02721,APP02721,P004,4/10/2025,Applied,Gender Mismatch
APL02722,APP02722,P007,3/3/2024,Qualified,Interview Slots Full
APL02723,APP02723,P007,9/2/2025,Qualified,No Response
APL02724,APP02724,P003,1/13/2025,Interviewed,Cohort Full
APL02725,APP02725,P005,7/13/2024,Qualified,Could Not Be Reached
APL02726,APP02726,P004,9/26/2024,Applied,Did Not Meet Requirements
APL02727,APP02727,P004,8/7/2025,Interviewed,Low Interview Score
APL02728,APP02728,P004,2/21/2025,Qualified,Could Not Be Reached
APL02729,APP02729,P005,1/23/2024,Applied,Incomplete Application
APL02730,APP02730,P008,3/16/2025,Applied,Did Not Meet Requirements
APL02731,APP02731,P004,1/20/2024,Interviewed,Low Interview Score
APL02732,APP02732,P004,4/17/2024,Applied,Did Not Meet Requirements
APL02733,APP02733,P006,9/15/2024,Applied,Incomplete Application
APL02734,APP02734,P006,8/24/2025,Qualified,Interview Slots Full
APL02735,APP02735,P002,9/20/2024,Interviewed,Low Interview Score
APL02736,APP02736,P005,2/8/2024,Qualified,Interview Slots Full
APL02737,APP02737,P008,9/23/2024,Interviewed,Declined Offer
APL02738,APP02738,P007,7/17/2024,Interviewed,Cohort Full
APL02739,APP02739,P004,2/18/2025,Enrolled,
APL02740,APP02740,P001,8/21/2025,Enrolled,
APL02741,APP02741,P005,3/22/2024,Applied,Gender Mismatch
APL02742,APP02742,P003,1/30/2025,Applied,Did Not Meet Requirements
APL02743,APP02743,P006,8/18/2024,Interviewed,Cohort Full
APL02744,APP02744,P001,2/20/2025,Enrolled,
APL02745,APP02745,P001,1/9/2025,Applied,Did Not Meet Requirements
APL02746,APP02746,P004,6/14/2024,Qualified,Could Not Be Reached
APL02747,APP02747,P004,3/25/2024,Interviewed,Low Interview Score
APL02748,APP02748,P003,1/5/2024,Applied,Incomplete Application
APL02749,APP02749,P004,9/13/2025,Interviewed,Low Interview Score
APL02750,APP02750,P007,8/9/2025,Qualified,Could Not Be Reached
APL02751,APP02751,P006,1/22/2024,Qualified,No Response
APL02752,APP02752,P002,6/18/2024,Interviewed,Declined Offer
APL02753,APP02753,P005,8/31/2025,Applied,Gender Mismatch
APL02754,APP02754,P005,9/3/2025,Applied,Gender Mismatch
APL02755,APP02755,P004,3/7/2025,Applied,Incomplete Application
APL02756,APP02756,P001,4/20/2025,Qualified,Interview Slots Full
APL02757,APP02757,P008,3/25/2024,Interviewed,Cohort Full
APL02758,APP02758,P005,9/27/2024,Qualified,No Response
APL02759,APP02759,P005,4/24/2024,Enrolled,
APL02760,APP02760,P001,3/31/2024,Qualified,No Response
APL02761,APP02761,P004,7/13/2024,Applied,Incomplete Application
APL02762,APP02762,P003,1/3/2025,Applied,Gender Mismatch
APL02763,APP02763,P004,6/8/2025,Interviewed,Declined Offer
APL02764,APP02764,P004,6/27/2024,Interviewed,Cohort Full
APL02765,APP02765,P001,6/12/2025,Interviewed,Low Interview Score
APL02766,APP02766,P005,8/13/2024,Applied,Incomplete Application
APL02767,APP02767,P002,1/25/2024,Applied,Incomplete Application
APL02768,APP02768,P002,8/22/2025,Applied,Gender Mismatch
APL02769,APP02769,P004,9/13/2025,Applied,Gender Mismatch
APL02770,APP02770,P004,8/14/2024,Applied,Did Not Meet Requirements
APL02771,APP02771,P003,3/18/2025,Qualified,No Response
APL02772,APP02772,P001,6/3/2024,Applied,Gender Mismatch
APL02773,APP02773,P003,9/22/2024,Qualified,Interview Slots Full
APL02774,APP02774,P002,4/12/2025,Qualified,Could Not Be Reached
APL02775,APP02775,P003,9/2/2025,Applied,Incomplete Application
APL02776,APP02776,P005,6/9/2025,Enrolled,
APL02777,APP02777,P004,2/27/2024,Qualified,Interview Slots Full
APL02778,APP02778,P003,9/13/2024,Qualified,Interview Slots Full
APL02779,APP02779,P002,2/12/2024,Enrolled,
APL02780,APP02780,P001,9/26/2025,Applied,Incomplete Application
APL02781,APP02781,P005,8/25/2024,Applied,Did Not Meet Requirements
APL02782,APP02782,P004,4/27/2025,Interviewed,Cohort Full
APL02783,APP02783,P001,3/28/2025,Qualified,Interview Slots Full
APL02784,APP02784,P002,3/10/2025,Enrolled,
APL02785,APP02785,P005,3/2/2024,Interviewed,Declined Offer
APL02786,APP02786,P001,6/16/2025,Qualified,No Response
APL02787,APP02787,P003,3/7/2025,Qualified,Could Not Be Reached
APL02788,APP02788,P004,7/6/2024,Interviewed,Cohort Full
APL02789,APP02789,P008,7/5/2024,Interviewed,Declined Offer
APL02790,APP02790,P008,9/18/2024,Qualified,Could Not Be Reached
APL02791,APP02791,P003,2/19/2024,Applied,Gender Mismatch
APL02792,APP02792,P003,1/6/2024,Qualified,Interview Slots Full
APL02793,APP02793,P001,3/5/2024,Qualified,No Response
APL02794,APP02794,P004,9/20/2025,Enrolled,
APL02795,APP02795,P003,1/24/2025,Interviewed,Declined Offer
APL02796,APP02796,P004,4/5/2024,Qualified,Interview Slots Full
APL02797,APP02797,P008,2/3/2025,Enrolled,
APL02798,APP02798,P006,6/24/2025,Applied,Incomplete Application
APL02799,APP02799,P004,6/10/2024,Qualified,Interview Slots Full
APL02800,APP02800,P008,3/22/2025,Applied,Gender Mismatch
APL02801,APP02801,P004,1/13/2024,Qualified,Could Not Be Reached
APL02802,APP02802,P002,3/10/2024,Applied,Incomplete Application
APL02803,APP02803,P004,7/15/2024,Qualified,Interview Slots Full
APL02804,APP02804,P005,8/26/2024,Qualified,No Response
APL02805,APP02805,P002,6/12/2024,Applied,Incomplete Application
APL02806,APP02806,P002,8/15/2025,Applied,Incomplete Application
APL02807,APP02807,P004,8/23/2025,Qualified,Interview Slots Full
APL02808,APP02808,P004,6/9/2024,Applied,Incomplete Application
APL02809,APP02809,P002,7/8/2025,Applied,Incomplete Application
APL02810,APP02810,P007,3/31/2024,Interviewed,Cohort Full
APL02811,APP02811,P003,7/1/2025,Qualified,Interview Slots Full
APL02812,APP02812,P005,4/12/2025,Qualified,Could Not Be Reached
APL02813,APP02813,P004,9/17/2024,Interviewed,Cohort Full
APL02814,APP02814,P005,8/31/2024,Interviewed,Low Interview Score
APL02815,APP02815,P003,1/20/2024,Interviewed,Declined Offer
APL02816,APP02816,P008,8/17/2025,Qualified,No Response
APL02817,APP02817,P001,9/29/2024,Applied,Did Not Meet Requirements
APL02818,APP02818,P003,9/10/2024,Applied,Incomplete Application
APL02819,APP02819,P001,2/28/2025,Enrolled,
APL02820,APP02820,P002,2/25/2024,Applied,Did Not Meet Requirements
APL02821,APP02821,P007,9/8/2024,Interviewed,Low Interview Score
APL02822,APP02822,P007,2/18/2025,Qualified,Interview Slots Full
APL02823,APP02823,P007,9/12/2025,Qualified,Could Not Be Reached
APL02824,APP02824,P008,3/22/2024,Applied,Incomplete Application
APL02825,APP02825,P002,7/9/2024,Applied,Did Not Meet Requirements
APL02826,APP02826,P004,7/22/2025,Applied,Incomplete Application
APL02827,APP02827,P008,4/10/2024,Interviewed,Declined Offer
APL02828,APP02828,P008,8/4/2025,Applied,Gender Mismatch
APL02829,APP02829,P001,6/2/2024,Applied,Did Not Meet Requirements
APL02830,APP02830,P007,3/25/2024,Qualified,No Response
APL02831,APP02831,P006,2/12/2025,Qualified,Could Not Be Reached
APL02832,APP02832,P008,6/17/2024,Applied,Did Not Meet Requirements
APL02833,APP02833,P004,7/5/2024,Enrolled,
APL02834,APP02834,P005,4/22/2025,Qualified,Could Not Be Reached
APL02835,APP02835,P004,1/29/2025,Qualified,Could Not Be Reached
APL02836,APP02836,P006,7/3/2025,Interviewed,Declined Offer
APL02837,APP02837,P003,4/22/2025,Enrolled,
APL02838,APP02838,P005,6/13/2024,Qualified,No Response
APL02839,APP02839,P001,4/19/2025,Applied,Incomplete Application
APL02840,APP02840,P001,9/7/2024,Interviewed,Low Interview Score
APL02841,APP02841,P004,6/22/2025,Qualified,Could Not Be Reached
APL02842,APP02842,P004,7/24/2024,Applied,Did Not Meet Requirements
APL02843,APP02843,P004,1/20/2025,Enrolled,
APL02844,APP02844,P001,2/29/2024,Interviewed,Cohort Full
APL02845,APP02845,P002,6/23/2025,Applied,Incomplete Application
APL02846,APP02846,P003,4/21/2024,Qualified,Could Not Be Reached
APL02847,APP02847,P001,7/23/2025,Applied,Incomplete Application
APL02848,APP02848,P006,4/2/2024,Interviewed,Cohort Full
APL02849,APP02849,P003,4/30/2025,Qualified,No Response
APL02850,APP02850,P003,4/8/2025,Interviewed,Cohort Full
APL02851,APP02851,P003,4/9/2025,Qualified,Interview Slots Full
APL02852,APP02852,P006,9/16/2025,Qualified,Interview Slots Full
APL02853,APP02853,P001,4/17/2024,Applied,Incomplete Application
APL02854,APP02854,P002,6/26/2025,Interviewed,Declined Offer
APL02855,APP02855,P007,8/27/2025,Applied,Incomplete Application
APL02856,APP02856,P001,7/27/2025,Interviewed,Declined Offer
APL02857,APP02857,P001,8/6/2024,Applied,Gender Mismatch
APL02858,APP02858,P002,4/24/2024,Enrolled,
APL02859,APP02859,P005,6/26/2024,Applied,Gender Mismatch
APL02860,APP02860,P007,3/5/2024,Applied,Gender Mismatch
APL02861,APP02861,P005,2/5/2024,Qualified,Interview Slots Full
APL02862,APP02862,P001,1/1/2024,Qualified,Could Not Be Reached
APL02863,APP02863,P005,8/25/2024,Applied,Did Not Meet Requirements
APL02864,APP02864,P003,4/8/2025,Interviewed,Low Interview Score
APL02865,APP02865,P007,9/20/2024,Interviewed,Cohort Full
APL02866,APP02866,P007,4/4/2025,Qualified,Could Not Be Reached
APL02867,APP02867,P004,3/25/2024,Enrolled,
APL02868,APP02868,P003,9/16/2025,Applied,Incomplete Application
APL02869,APP02869,P004,6/9/2024,Applied,Gender Mismatch
APL02870,APP02870,P005,4/25/2024,Applied,Gender Mismatch
APL02871,APP02871,P002,8/3/2025,Applied,Incomplete Application
APL02872,APP02872,P002,3/4/2024,Qualified,Could Not Be Reached
APL02873,APP02873,P003,4/3/2024,Enrolled,
APL02874,APP02874,P004,4/11/2024,Applied,Did Not Meet Requirements
APL02875,APP02875,P006,9/21/2025,Enrolled,
APL02876,APP02876,P002,2/15/2024,Enrolled,
APL02877,APP02877,P002,1/7/2025,Interviewed,Low Interview Score
APL02878,APP02878,P004,9/11/2024,Applied,Incomplete Application
APL02879,APP02879,P006,7/5/2024,Applied,Incomplete Application
APL02880,APP02880,P001,1/10/2025,Enrolled,
APL02881,APP02881,P005,3/29/2025,Applied,Incomplete Application
APL02882,APP02882,P001,9/16/2024,Applied,Did Not Meet Requirements
APL02883,APP02883,P001,4/1/2024,Applied,Incomplete Application
APL02884,APP02884,P006,4/23/2025,Interviewed,Declined Offer
APL02885,APP02885,P006,1/26/2024,Applied,Did Not Meet Requirements
APL02886,APP02886,P001,1/7/2024,Interviewed,Declined Offer
APL02887,APP02887,P003,9/15/2024,Applied,Incomplete Application
APL02888,APP02888,P004,8/6/2025,Applied,Incomplete Application
APL02889,APP02889,P003,1/5/2024,Applied,Gender Mismatch
APL02890,APP02890,P001,1/7/2024,Applied,Incomplete Application
APL02891,APP02891,P006,7/4/2025,Interviewed,Declined Offer
APL02892,APP02892,P003,7/27/2025,Qualified,No Response
APL02893,APP02893,P001,6/10/2024,Interviewed,Cohort Full
APL02894,APP02894,P004,8/17/2025,Qualified,Could Not Be Reached
APL02895,APP02895,P005,9/13/2024,Applied,Gender Mismatch
APL02896,APP02896,P002,8/12/2024,Qualified,Interview Slots Full
APL02897,APP02897,P007,7/8/2025,Enrolled,
APL02898,APP02898,P004,1/22/2025,Qualified,Interview Slots Full
APL02899,APP02899,P008,4/26/2024,Enrolled,
APL02900,APP02900,P004,8/25/2025,Applied,Did Not Meet Requirements
APL02901,APP02901,P001,8/28/2025,Interviewed,Declined Offer
APL02902,APP02902,P004,4/1/2025,Applied,Incomplete Application
APL02903,APP02903,P002,6/8/2025,Interviewed,Cohort Full
APL02904,APP02904,P002,7/3/2024,Qualified,Could Not Be Reached
APL02905,APP02905,P002,6/10/2024,Qualified,Could Not Be Reached
APL02906,APP02906,P003,9/26/2025,Applied,Did Not Meet Requirements
APL02907,APP02907,P004,3/11/2024,Qualified,Could Not Be Reached
APL02908,APP02908,P006,4/23/2025,Qualified,Could Not Be Reached
APL02909,APP02909,P002,4/13/2024,Enrolled,
APL02910,APP02910,P004,9/13/2024,Qualified,Could Not Be Reached
APL02911,APP02911,P001,1/23/2024,Applied,Did Not Meet Requirements
APL02912,APP02912,P004,6/19/2024,Applied,Did Not Meet Requirements
APL02913,APP02913,P002,6/27/2025,Qualified,No Response
APL02914,APP02914,P003,1/18/2025,Enrolled,
APL02915,APP02915,P008,3/27/2025,Qualified,No Response
APL02916,APP02916,P006,8/28/2024,Qualified,Could Not Be Reached
APL02917,APP02917,P004,9/19/2024,Applied,Gender Mismatch
APL02918,APP02918,P002,6/27/2024,Interviewed,Cohort Full
APL02919,APP02919,P004,9/13/2024,Qualified,No Response
APL02920,APP02920,P003,2/16/2025,Interviewed,Cohort Full
APL02921,APP02921,P008,2/12/2024,Interviewed,Low Interview Score
APL02922,APP02922,P004,3/23/2025,Qualified,Interview Slots Full
APL02923,APP02923,P008,9/22/2025,Enrolled,
APL02924,APP02924,P005,8/4/2024,Qualified,Could Not Be Reached
APL02925,APP02925,P003,3/15/2024,Enrolled,
APL02926,APP02926,P006,4/29/2025,Applied,Incomplete Application
APL02927,APP02927,P001,9/4/2025,Enrolled,
APL02928,APP02928,P008,4/12/2024,Interviewed,Declined Offer
APL02929,APP02929,P005,9/28/2024,Applied,Did Not Meet Requirements
APL02930,APP02930,P004,8/6/2025,Applied,Did Not Meet Requirements
APL02931,APP02931,P002,7/28/2025,Applied,Incomplete Application
APL02932,APP02932,P004,6/26/2025,Qualified,No Response
APL02933,APP02933,P008,3/4/2025,Interviewed,Cohort Full
APL02934,APP02934,P001,6/25/2025,Applied,Incomplete Application
APL02935,APP02935,P006,4/7/2024,Qualified,Could Not Be Reached
APL02936,APP02936,P008,6/10/2025,Enrolled,
APL02937,APP02937,P008,4/24/2025,Enrolled,
APL02938,APP02938,P006,3/8/2025,Qualified,Interview Slots Full
APL02939,APP02939,P003,9/27/2025,Enrolled,
APL02940,APP02940,P003,4/2/2024,Qualified,No Response
APL02941,APP02941,P007,8/23/2025,Enrolled,
APL02942,APP02942,P004,7/20/2025,Applied,Did Not Meet Requirements
APL02943,APP02943,P004,4/23/2024,Applied,Incomplete Application
APL02944,APP02944,P005,6/21/2024,Applied,Did Not Meet Requirements
APL02945,APP02945,P004,6/5/2025,Applied,Incomplete Application
APL02946,APP02946,P002,4/7/2024,Qualified,Interview Slots Full
APL02947,APP02947,P002,4/14/2024,Applied,Did Not Meet Requirements
APL02948,APP02948,P003,3/15/2025,Qualified,Interview Slots Full
APL02949,APP02949,P003,7/20/2024,Applied,Gender Mismatch
APL02950,APP02950,P004,2/1/2024,Applied,Did Not Meet Requirements
APL02951,APP02951,P001,4/2/2024,Applied,Incomplete Application
APL02952,APP02952,P002,8/31/2024,Applied,Gender Mismatch
APL02953,APP02953,P004,2/10/2024,Enrolled,
APL02954,APP02954,P002,9/1/2024,Applied,Incomplete Application
APL02955,APP02955,P008,3/27/2025,Qualified,No Response
APL02956,APP02956,P003,1/16/2025,Qualified,No Response
APL02957,APP02957,P005,6/25/2025,Qualified,Could Not Be Reached
APL02958,APP02958,P002,8/5/2025,Interviewed,Low Interview Score
APL02959,APP02959,P004,8/31/2024,Applied,Did Not Meet Requirements
APL02960,APP02960,P004,9/7/2024,Applied,Gender Mismatch
APL02961,APP02961,P008,1/1/2024,Applied,Did Not Meet Requirements
APL02962,APP02962,P002,4/10/2025,Qualified,Could Not Be Reached
APL02963,APP02963,P006,2/25/2024,Applied,Gender Mismatch
APL02964,APP02964,P004,3/12/2025,Applied,Incomplete Application
APL02965,APP02965,P002,6/29/2025,Applied,Gender Mismatch
APL02966,APP02966,P005,3/27/2024,Applied,Incomplete Application
APL02967,APP02967,P003,9/15/2025,Interviewed,Declined Offer
APL02968,APP02968,P001,3/6/2024,Enrolled,
APL02969,APP02969,P001,3/25/2024,Interviewed,Declined Offer
APL02970,APP02970,P004,4/12/2024,Interviewed,Cohort Full
APL02971,APP02971,P003,7/26/2025,Applied,Incomplete Application
APL02972,APP02972,P008,8/27/2024,Applied,Did Not Meet Requirements
APL02973,APP02973,P003,6/13/2024,Applied,Incomplete Application
APL02974,APP02974,P006,1/5/2025,Applied,Incomplete Application
APL02975,APP02975,P004,8/29/2025,Applied,Incomplete Application
APL02976,APP02976,P002,7/8/2024,Enrolled,
APL02977,APP02977,P002,2/7/2024,Interviewed,Declined Offer
APL02978,APP02978,P002,9/22/2025,Qualified,Interview Slots Full
APL02979,APP02979,P006,2/20/2024,Applied,Incomplete Application
APL02980,APP02980,P008,1/4/2024,Qualified,Interview Slots Full
APL02981,APP02981,P005,4/28/2025,Qualified,Interview Slots Full
APL02982,APP02982,P002,7/3/2025,Applied,Gender Mismatch
APL02983,APP02983,P004,4/29/2024,Qualified,Could Not Be Reached
APL02984,APP02984,P001,8/24/2025,Interviewed,Cohort Full
APL02985,APP02985,P008,9/25/2025,Enrolled,
APL02986,APP02986,P005,6/22/2024,Applied,Did Not Meet Requirements
APL02987,APP02987,P001,6/12/2025,Interviewed,Declined Offer
APL02988,APP02988,P007,7/21/2025,Applied,Did Not Meet Requirements
APL02989,APP02989,P004,8/10/2024,Interviewed,Cohort Full
APL02990,APP02990,P004,3/14/2024,Applied,Did Not Meet Requirements
APL02991,APP02991,P008,9/15/2024,Applied,Incomplete Application
APL02992,APP02992,P003,3/4/2024,Applied,Incomplete Application
APL02993,APP02993,P003,1/25/2024,Qualified,Could Not Be Reached
APL02994,APP02994,P003,7/23/2024,Applied,Did Not Meet Requirements
APL02995,APP02995,P002,6/30/2024,Enrolled,
APL02996,APP02996,P002,7/4/2024,Applied,Incomplete Application
APL02997,APP02997,P005,6/25/2024,Qualified,Interview Slots Full
APL02998,APP02998,P001,2/2/2024,Applied,Incomplete Application
APL02999,APP02999,P002,3/30/2025,Applied,Incomplete Application
APL03000,APP03000,P008,2/8/2025,Applied,Incomplete Application
APL03001,APP03001,P007,3/17/2024,Enrolled,
APL03002,APP03002,P005,4/30/2025,Interviewed,Low Interview Score
APL03003,APP03003,P003,8/22/2024,Applied,Did Not Meet Requirements
APL03004,APP03004,P003,4/4/2025,Applied,Gender Mismatch
APL03005,APP03005,P001,3/22/2024,Qualified,Could Not Be Reached
APL03006,APP03006,P005,4/19/2024,Applied,Gender Mismatch
APL03007,APP03007,P004,1/8/2025,Interviewed,Cohort Full
APL03008,APP03008,P005,9/21/2024,Applied,Gender Mismatch
APL03009,APP03009,P008,7/1/2024,Applied,Did Not Meet Requirements
APL03010,APP03010,P001,4/21/2025,Enrolled,
APL03011,APP03011,P002,1/10/2025,Applied,Incomplete Application
APL03012,APP03012,P001,9/4/2024,Qualified,No Response
APL03013,APP03013,P002,2/16/2025,Applied,Incomplete Application
APL03014,APP03014,P006,4/4/2025,Applied,Gender Mismatch
APL03015,APP03015,P005,2/3/2024,Qualified,Could Not Be Reached
APL03016,APP03016,P001,3/16/2024,Applied,Did Not Meet Requirements
APL03017,APP03017,P001,1/20/2025,Qualified,Interview Slots Full
APL03018,APP03018,P003,4/12/2025,Qualified,No Response
APL03019,APP03019,P008,6/7/2025,Qualified,No Response
APL03020,APP03020,P002,1/3/2025,Qualified,Could Not Be Reached
APL03021,APP03021,P004,6/9/2024,Applied,Did Not Meet Requirements
APL03022,APP03022,P001,8/18/2024,Applied,Incomplete Application
APL03023,APP03023,P002,9/22/2025,Applied,Did Not Meet Requirements
APL03024,APP03024,P008,8/19/2024,Qualified,Could Not Be Reached
APL03025,APP03025,P003,2/17/2025,Qualified,Interview Slots Full
APL03026,APP03026,P001,9/11/2025,Applied,Incomplete Application
APL03027,APP03027,P003,9/24/2024,Applied,Gender Mismatch
APL03028,APP03028,P005,6/4/2025,Qualified,Interview Slots Full
APL03029,APP03029,P001,8/25/2024,Applied,Incomplete Application
APL03030,APP03030,P002,4/17/2025,Qualified,Could Not Be Reached
APL03031,APP03031,P004,6/7/2025,Qualified,No Response
APL03032,APP03032,P001,9/30/2024,Qualified,No Response
APL03033,APP03033,P001,7/31/2024,Applied,Incomplete Application
APL03034,APP03034,P001,4/18/2025,Applied,Gender Mismatch
APL03035,APP03035,P001,8/4/2024,Qualified,Interview Slots Full
APL03036,APP03036,P003,4/10/2025,Applied,Gender Mismatch
APL03037,APP03037,P004,2/28/2025,Applied,Incomplete Application
APL03038,APP03038,P003,6/18/2024,Qualified,No Response
APL03039,APP03039,P002,3/26/2025,Applied,Did Not Meet Requirements
APL03040,APP03040,P008,4/8/2025,Qualified,Could Not Be Reached
APL03041,APP03041,P005,8/28/2024,Applied,Gender Mismatch
APL03042,APP03042,P005,6/20/2025,Interviewed,Low Interview Score
APL03043,APP03043,P001,4/11/2024,Applied,Gender Mismatch
APL03044,APP03044,P004,4/20/2024,Applied,Did Not Meet Requirements
APL03045,APP03045,P001,3/26/2025,Interviewed,Declined Offer
APL03046,APP03046,P001,9/14/2024,Interviewed,Low Interview Score
APL03047,APP03047,P002,4/17/2025,Applied,Did Not Meet Requirements
APL03048,APP03048,P002,6/3/2025,Applied,Gender Mismatch
APL03049,APP03049,P005,3/23/2025,Applied,Incomplete Application
APL03050,APP03050,P004,7/22/2025,Applied,Did Not Meet Requirements
APL03051,APP03051,P008,1/3/2024,Applied,Incomplete Application
APL03052,APP03052,P008,7/17/2024,Enrolled,
APL03053,APP03053,P004,6/8/2024,Qualified,Interview Slots Full
APL03054,APP03054,P001,6/8/2024,Qualified,No Response
APL03055,APP03055,P002,9/18/2025,Qualified,Interview Slots Full
APL03056,APP03056,P004,3/13/2024,Qualified,Interview Slots Full
APL03057,APP03057,P005,8/15/2025,Enrolled,
APL03058,APP03058,P005,3/22/2024,Interviewed,Cohort Full
APL03059,APP03059,P005,2/3/2024,Applied,Incomplete Application
APL03060,APP03060,P001,3/7/2025,Interviewed,Cohort Full
APL03061,APP03061,P004,3/16/2025,Applied,Gender Mismatch
APL03062,APP03062,P007,7/27/2024,Enrolled,
APL03063,APP03063,P005,8/3/2024,Applied,Incomplete Application
APL03064,APP03064,P008,9/8/2025,Applied,Gender Mismatch
APL03065,APP03065,P002,6/5/2024,Interviewed,Declined Offer
APL03066,APP03066,P001,9/9/2024,Applied,Incomplete Application
APL03067,APP03067,P001,1/13/2025,Applied,Did Not Meet Requirements
APL03068,APP03068,P001,8/18/2025,Enrolled,
APL03069,APP03069,P003,2/12/2024,Enrolled,
APL03070,APP03070,P008,6/17/2024,Enrolled,
APL03071,APP03071,P002,1/10/2024,Qualified,No Response
APL03072,APP03072,P006,8/31/2024,Applied,Did Not Meet Requirements
APL03073,APP03073,P002,8/24/2025,Applied,Did Not Meet Requirements
APL03074,APP03074,P003,9/10/2024,Qualified,No Response
APL03075,APP03075,P001,7/8/2024,Applied,Incomplete Application
APL03076,APP03076,P006,7/22/2025,Qualified,Could Not Be Reached
APL03077,APP03077,P003,1/29/2025,Qualified,Could Not Be Reached
APL03078,APP03078,P007,6/29/2025,Applied,Gender Mismatch
APL03079,APP03079,P001,4/6/2025,Applied,Did Not Meet Requirements
APL03080,APP03080,P001,3/10/2025,Interviewed,Declined Offer
APL03081,APP03081,P003,1/16/2024,Applied,Did Not Meet Requirements
APL03082,APP03082,P008,4/18/2024,Applied,Incomplete Application
APL03083,APP03083,P006,2/17/2024,Interviewed,Declined Offer
APL03084,APP03084,P002,8/26/2025,Interviewed,Cohort Full
APL03085,APP03085,P006,4/30/2025,Applied,Did Not Meet Requirements
APL03086,APP03086,P004,4/16/2025,Enrolled,
APL03087,APP03087,P002,7/9/2025,Enrolled,
APL03088,APP03088,P004,2/12/2024,Applied,Did Not Meet Requirements
APL03089,APP03089,P002,7/15/2024,Applied,Gender Mismatch
APL03090,APP03090,P006,2/5/2025,Applied,Did Not Meet Requirements
APL03091,APP03091,P004,6/30/2025,Qualified,Could Not Be Reached
APL03092,APP03092,P005,8/17/2024,Enrolled,
APL03093,APP03093,P007,8/24/2024,Interviewed,Cohort Full
APL03094,APP03094,P004,6/4/2025,Applied,Did Not Meet Requirements
APL03095,APP03095,P006,2/17/2024,Interviewed,Low Interview Score
APL03096,APP03096,P006,8/4/2024,Applied,Gender Mismatch
APL03097,APP03097,P003,7/19/2024,Applied,Gender Mismatch
APL03098,APP03098,P001,8/3/2024,Qualified,Could Not Be Reached
APL03099,APP03099,P004,9/25/2025,Enrolled,
APL03100,APP03100,P002,8/10/2024,Applied,Did Not Meet Requirements
APL03101,APP03101,P001,7/8/2025,Applied,Did Not Meet Requirements
APL03102,APP03102,P001,9/3/2025,Qualified,No Response
APL03103,APP03103,P003,4/6/2025,Interviewed,Low Interview Score
APL03104,APP03104,P008,7/3/2025,Qualified,Interview Slots Full
APL03105,APP03105,P007,2/7/2025,Qualified,No Response
APL03106,APP03106,P002,3/28/2025,Qualified,Interview Slots Full
APL03107,APP03107,P006,7/15/2024,Applied,Did Not Meet Requirements
APL03108,APP03108,P005,6/7/2024,Enrolled,
APL03109,APP03109,P004,7/11/2024,Qualified,No Response
APL03110,APP03110,P003,6/27/2024,Qualified,Interview Slots Full
APL03111,APP03111,P004,2/18/2024,Interviewed,Low Interview Score
APL03112,APP03112,P002,4/8/2025,Applied,Gender Mismatch
APL03113,APP03113,P001,2/8/2024,Qualified,Interview Slots Full
APL03114,APP03114,P001,4/17/2025,Enrolled,
APL03115,APP03115,P001,9/13/2025,Applied,Incomplete Application
APL03116,APP03116,P002,4/21/2025,Applied,Incomplete Application
APL03117,APP03117,P008,9/10/2024,Enrolled,
APL03118,APP03118,P004,2/18/2024,Qualified,Interview Slots Full
APL03119,APP03119,P003,2/29/2024,Interviewed,Low Interview Score
APL03120,APP03120,P002,3/5/2024,Applied,Did Not Meet Requirements
APL03121,APP03121,P006,3/15/2024,Applied,Incomplete Application
APL03122,APP03122,P005,1/19/2024,Enrolled,
APL03123,APP03123,P004,3/12/2025,Applied,Did Not Meet Requirements
APL03124,APP03124,P007,2/16/2025,Qualified,No Response
APL03125,APP03125,P001,8/16/2024,Qualified,No Response
APL03126,APP03126,P008,2/2/2024,Applied,Incomplete Application
APL03127,APP03127,P005,3/22/2024,Enrolled,
APL03128,APP03128,P002,6/15/2025,Applied,Incomplete Application
APL03129,APP03129,P002,3/6/2025,Qualified,Could Not Be Reached
APL03130,APP03130,P001,9/23/2024,Applied,Did Not Meet Requirements
APL03131,APP03131,P004,4/12/2024,Qualified,No Response
APL03132,APP03132,P007,9/13/2025,Applied,Gender Mismatch
APL03133,APP03133,P002,4/21/2025,Qualified,Could Not Be Reached
APL03134,APP03134,P004,6/11/2024,Qualified,No Response
APL03135,APP03135,P006,4/27/2024,Applied,Incomplete Application
APL03136,APP03136,P001,3/11/2025,Qualified,Interview Slots Full
APL03137,APP03137,P004,3/21/2025,Enrolled,
APL03138,APP03138,P001,3/20/2025,Applied,Incomplete Application
APL03139,APP03139,P005,6/21/2025,Enrolled,
APL03140,APP03140,P008,3/27/2025,Applied,Gender Mismatch
APL03141,APP03141,P003,2/2/2025,Applied,Did Not Meet Requirements
APL03142,APP03142,P007,8/2/2024,Applied,Incomplete Application
APL03143,APP03143,P005,3/5/2025,Applied,Did Not Meet Requirements
APL03144,APP03144,P008,9/21/2025,Enrolled,
APL03145,APP03145,P005,6/8/2024,Applied,Incomplete Application
APL03146,APP03146,P004,3/15/2024,Applied,Incomplete Application
APL03147,APP03147,P001,8/31/2025,Enrolled,
APL03148,APP03148,P004,4/17/2025,Interviewed,Cohort Full
APL03149,APP03149,P008,1/27/2024,Applied,Incomplete Application
APL03150,APP03150,P003,6/11/2025,Applied,Did Not Meet Requirements
APL03151,APP03151,P006,7/21/2024,Applied,Did Not Meet Requirements
APL03152,APP03152,P002,4/4/2024,Applied,Incomplete Application
APL03153,APP03153,P008,1/17/2024,Qualified,No Response
APL03154,APP03154,P002,3/21/2024,Applied,Did Not Meet Requirements
APL03155,APP03155,P006,7/19/2025,Applied,Gender Mismatch
APL03156,APP03156,P002,7/20/2025,Qualified,Interview Slots Full
APL03157,APP03157,P003,6/7/2025,Applied,Incomplete Application
APL03158,APP03158,P004,2/5/2024,Applied,Did Not Meet Requirements
APL03159,APP03159,P005,3/2/2025,Enrolled,
APL03160,APP03160,P006,4/9/2025,Interviewed,Cohort Full
APL03161,APP03161,P001,7/29/2025,Applied,Incomplete Application
APL03162,APP03162,P003,3/18/2024,Enrolled,
APL03163,APP03163,P008,8/2/2025,Qualified,No Response
APL03164,APP03164,P004,3/14/2025,Qualified,No Response
APL03165,APP03165,P001,1/1/2024,Applied,Incomplete Application
APL03166,APP03166,P007,9/3/2024,Qualified,Could Not Be Reached
APL03167,APP03167,P002,3/12/2024,Qualified,No Response
APL03168,APP03168,P008,2/10/2024,Qualified,Interview Slots Full
APL03169,APP03169,P004,3/7/2024,Applied,Did Not Meet Requirements
APL03170,APP03170,P003,7/3/2024,Interviewed,Low Interview Score
APL03171,APP03171,P008,7/27/2024,Qualified,Interview Slots Full
APL03172,APP03172,P004,9/15/2024,Applied,Incomplete Application
APL03173,APP03173,P003,6/22/2025,Qualified,Interview Slots Full
APL03174,APP03174,P004,1/6/2024,Enrolled,
APL03175,APP03175,P002,7/10/2024,Applied,Did Not Meet Requirements
APL03176,APP03176,P004,1/23/2024,Qualified,Interview Slots Full
APL03177,APP03177,P007,8/16/2025,Applied,Did Not Meet Requirements
APL03178,APP03178,P003,6/29/2025,Enrolled,
APL03179,APP03179,P004,6/3/2025,Enrolled,
APL03180,APP03180,P007,9/19/2025,Interviewed,Cohort Full
APL03181,APP03181,P005,4/29/2024,Qualified,No Response
APL03182,APP03182,P003,8/9/2024,Enrolled,
APL03183,APP03183,P004,9/29/2025,Qualified,Could Not Be Reached
APL03184,APP03184,P002,7/28/2025,Enrolled,
APL03185,APP03185,P002,4/5/2025,Applied,Gender Mismatch
APL03186,APP03186,P003,3/13/2025,Applied,Did Not Meet Requirements
APL03187,APP03187,P007,9/23/2025,Enrolled,
APL03188,APP03188,P007,2/15/2025,Qualified,Could Not Be Reached
APL03189,APP03189,P004,4/8/2025,Qualified,Interview Slots Full
APL03190,APP03190,P006,6/28/2025,Applied,Did Not Meet Requirements
APL03191,APP03191,P007,1/6/2024,Qualified,Could Not Be Reached
APL03192,APP03192,P002,7/4/2025,Applied,Did Not Meet Requirements
APL03193,APP03193,P004,8/6/2025,Interviewed,Cohort Full
APL03194,APP03194,P008,3/27/2024,Qualified,Could Not Be Reached
APL03195,APP03195,P003,8/18/2024,Qualified,Interview Slots Full
APL03196,APP03196,P005,1/22/2024,Applied,Incomplete Application
APL03197,APP03197,P008,3/8/2024,Qualified,Interview Slots Full
APL03198,APP03198,P002,4/8/2024,Applied,Did Not Meet Requirements
APL03199,APP03199,P005,4/19/2024,Applied,Did Not Meet Requirements
APL03200,APP03200,P002,4/5/2025,Enrolled,
APL03201,APP03201,P001,6/19/2024,Interviewed,Declined Offer
APL03202,APP03202,P001,3/30/2024,Qualified,Interview Slots Full
APL03203,APP03203,P002,4/25/2024,Qualified,Interview Slots Full
APL03204,APP03204,P004,4/29/2024,Enrolled,
APL03205,APP03205,P002,1/25/2024,Qualified,No Response
APL03206,APP03206,P005,6/1/2024,Qualified,Interview Slots Full
APL03207,APP03207,P007,4/18/2024,Applied,Gender Mismatch
APL03208,APP03208,P001,6/23/2025,Enrolled,
APL03209,APP03209,P002,3/13/2024,Qualified,Interview Slots Full
APL03210,APP03210,P001,8/20/2024,Applied,Incomplete Application
APL03211,APP03211,P001,2/9/2024,Applied,Gender Mismatch
APL03212,APP03212,P004,3/14/2025,Enrolled,
APL03213,APP03213,P005,2/5/2025,Qualified,No Response
APL03214,APP03214,P003,2/4/2024,Applied,Incomplete Application
APL03215,APP03215,P005,4/30/2025,Interviewed,Declined Offer
APL03216,APP03216,P008,4/2/2025,Enrolled,
APL03217,APP03217,P004,9/14/2025,Enrolled,
APL03218,APP03218,P002,2/12/2024,Applied,Did Not Meet Requirements
APL03219,APP03219,P004,8/15/2025,Qualified,Could Not Be Reached
APL03220,APP03220,P005,4/19/2024,Applied,Did Not Meet Requirements
APL03221,APP03221,P002,3/8/2025,Applied,Gender Mismatch
APL03222,APP03222,P001,9/10/2025,Interviewed,Declined Offer
APL03223,APP03223,P001,4/20/2024,Applied,Gender Mismatch
APL03224,APP03224,P008,7/31/2025,Qualified,Interview Slots Full
APL03225,APP03225,P003,3/27/2024,Applied,Gender Mismatch
APL03226,APP03226,P005,9/6/2025,Enrolled,
APL03227,APP03227,P008,6/3/2024,Qualified,No Response
APL03228,APP03228,P003,2/11/2024,Applied,Incomplete Application
APL03229,APP03229,P002,1/16/2025,Enrolled,
APL03230,APP03230,P008,9/27/2025,Applied,Incomplete Application
APL03231,APP03231,P001,2/7/2025,Applied,Incomplete Application
APL03232,APP03232,P003,3/7/2024,Qualified,Interview Slots Full
APL03233,APP03233,P004,6/1/2024,Applied,Gender Mismatch
APL03234,APP03234,P005,1/6/2025,Interviewed,Low Interview Score
APL03235,APP03235,P002,3/2/2024,Enrolled,
APL03236,APP03236,P001,1/7/2024,Enrolled,
APL03237,APP03237,P001,4/17/2025,Enrolled,
APL03238,APP03238,P008,4/27/2025,Applied,Did Not Meet Requirements
APL03239,APP03239,P004,7/24/2024,Qualified,Interview Slots Full
APL03240,APP03240,P001,6/3/2024,Qualified,No Response
APL03241,APP03241,P004,9/29/2025,Applied,Did Not Meet Requirements
APL03242,APP03242,P004,1/12/2025,Qualified,Could Not Be Reached
APL03243,APP03243,P002,3/7/2025,Applied,Incomplete Application
APL03244,APP03244,P001,6/25/2024,Interviewed,Low Interview Score
APL03245,APP03245,P002,7/23/2025,Enrolled,
APL03246,APP03246,P001,6/20/2024,Interviewed,Cohort Full
APL03247,APP03247,P005,4/7/2024,Qualified,Could Not Be Reached
APL03248,APP03248,P001,1/11/2024,Qualified,Could Not Be Reached
APL03249,APP03249,P004,9/25/2025,Applied,Did Not Meet Requirements
APL03250,APP03250,P002,8/11/2025,Enrolled,
APL03251,APP03251,P001,1/9/2025,Qualified,No Response
APL03252,APP03252,P004,7/7/2024,Qualified,No Response
APL03253,APP03253,P003,1/21/2024,Applied,Did Not Meet Requirements
APL03254,APP03254,P008,6/2/2024,Qualified,Interview Slots Full
APL03255,APP03255,P001,6/22/2024,Interviewed,Declined Offer
APL03256,APP03256,P001,1/24/2024,Qualified,No Response
APL03257,APP03257,P002,9/22/2024,Qualified,Interview Slots Full
APL03258,APP03258,P004,8/13/2025,Interviewed,Low Interview Score
APL03259,APP03259,P007,4/9/2025,Applied,Gender Mismatch
APL03260,APP03260,P001,9/6/2024,Qualified,No Response
APL03261,APP03261,P001,8/2/2025,Applied,Did Not Meet Requirements
APL03262,APP03262,P008,7/22/2024,Applied,Gender Mismatch
APL03263,APP03263,P002,3/24/2024,Applied,Incomplete Application
APL03264,APP03264,P007,9/27/2024,Applied,Gender Mismatch
APL03265,APP03265,P006,9/17/2025,Enrolled,
APL03266,APP03266,P002,2/9/2024,Applied,Gender Mismatch
APL03267,APP03267,P004,9/26/2025,Applied,Incomplete Application
APL03268,APP03268,P002,1/18/2025,Enrolled,
APL03269,APP03269,P004,6/6/2024,Enrolled,
APL03270,APP03270,P006,1/7/2024,Applied,Gender Mismatch
APL03271,APP03271,P001,7/9/2024,Applied,Did Not Meet Requirements
APL03272,APP03272,P006,6/23/2024,Interviewed,Cohort Full
APL03273,APP03273,P008,9/30/2024,Enrolled,
APL03274,APP03274,P008,4/25/2025,Qualified,Could Not Be Reached
APL03275,APP03275,P004,7/25/2024,Applied,Gender Mismatch
APL03276,APP03276,P004,2/6/2025,Enrolled,
APL03277,APP03277,P005,8/3/2025,Applied,Did Not Meet Requirements
APL03278,APP03278,P004,7/2/2024,Applied,Did Not Meet Requirements
APL03279,APP03279,P003,3/28/2025,Enrolled,
APL03280,APP03280,P008,3/18/2024,Applied,Incomplete Application
APL03281,APP03281,P004,8/15/2024,Applied,Incomplete Application
APL03282,APP03282,P001,8/25/2025,Interviewed,Low Interview Score
APL03283,APP03283,P002,2/21/2025,Applied,Did Not Meet Requirements
APL03284,APP03284,P003,8/4/2024,Applied,Incomplete Application
APL03285,APP03285,P008,9/28/2024,Applied,Did Not Meet Requirements
APL03286,APP03286,P003,7/21/2024,Applied,Did Not Meet Requirements
APL03287,APP03287,P005,1/27/2025,Enrolled,
APL03288,APP03288,P004,9/23/2025,Applied,Gender Mismatch
APL03289,APP03289,P008,6/11/2024,Applied,Incomplete Application
APL03290,APP03290,P008,9/12/2024,Qualified,Interview Slots Full
APL03291,APP03291,P003,3/19/2025,Applied,Gender Mismatch
APL03292,APP03292,P001,9/14/2024,Qualified,Interview Slots Full
APL03293,APP03293,P008,8/20/2024,Qualified,No Response
APL03294,APP03294,P004,7/8/2025,Applied,Gender Mismatch
APL03295,APP03295,P008,1/21/2025,Qualified,Interview Slots Full
APL03296,APP03296,P006,4/30/2025,Qualified,No Response
APL03297,APP03297,P004,7/20/2024,Interviewed,Declined Offer
APL03298,APP03298,P005,8/24/2025,Applied,Gender Mismatch
APL03299,APP03299,P001,1/5/2025,Qualified,Interview Slots Full
APL03300,APP03300,P004,4/21/2025,Qualified,No Response
APL03301,APP03301,P004,7/22/2024,Applied,Incomplete Application
APL03302,APP03302,P006,1/26/2024,Qualified,Could Not Be Reached
APL03303,APP03303,P002,3/26/2024,Qualified,Could Not Be Reached
APL03304,APP03304,P002,4/18/2025,Qualified,Interview Slots Full
APL03305,APP03305,P006,4/26/2024,Interviewed,Low Interview Score
APL03306,APP03306,P001,6/17/2025,Qualified,Interview Slots Full
APL03307,APP03307,P002,6/30/2024,Qualified,Could Not Be Reached
APL03308,APP03308,P007,6/23/2025,Applied,Gender Mismatch
APL03309,APP03309,P004,4/13/2024,Qualified,Could Not Be Reached
APL03310,APP03310,P008,9/13/2024,Enrolled,
APL03311,APP03311,P004,1/4/2025,Qualified,Interview Slots Full
APL03312,APP03312,P004,6/3/2025,Enrolled,
APL03313,APP03313,P001,3/4/2024,Qualified,No Response
APL03314,APP03314,P004,9/13/2025,Applied,Gender Mismatch
APL03315,APP03315,P004,1/28/2025,Applied,Gender Mismatch
APL03316,APP03316,P003,9/14/2025,Interviewed,Declined Offer
APL03317,APP03317,P001,7/13/2024,Interviewed,Declined Offer
APL03318,APP03318,P008,9/26/2025,Qualified,Could Not Be Reached
APL03319,APP03319,P004,8/24/2025,Enrolled,
APL03320,APP03320,P004,2/23/2024,Enrolled,
APL03321,APP03321,P006,7/27/2024,Interviewed,Low Interview Score
APL03322,APP03322,P003,8/25/2024,Applied,Incomplete Application
APL03323,APP03323,P004,3/1/2024,Applied,Did Not Meet Requirements
APL03324,APP03324,P004,8/3/2024,Applied,Incomplete Application
APL03325,APP03325,P005,9/19/2025,Interviewed,Low Interview Score
APL03326,APP03326,P001,7/31/2025,Qualified,Could Not Be Reached
APL03327,APP03327,P001,4/30/2024,Applied,Gender Mismatch
APL03328,APP03328,P003,7/17/2024,Qualified,No Response
APL03329,APP03329,P003,3/30/2024,Qualified,Could Not Be Reached
APL03330,APP03330,P003,8/4/2025,Applied,Incomplete Application
APL03331,APP03331,P004,1/9/2024,Applied,Incomplete Application
APL03332,APP03332,P008,6/10/2024,Applied,Incomplete Application
APL03333,APP03333,P008,4/5/2024,Qualified,Interview Slots Full
APL03334,APP03334,P005,2/8/2025,Enrolled,
APL03335,APP03335,P005,3/14/2025,Applied,Did Not Meet Requirements
APL03336,APP03336,P006,6/13/2024,Enrolled,
APL03337,APP03337,P005,4/24/2025,Applied,Incomplete Application
APL03338,APP03338,P008,1/16/2025,Qualified,No Response
APL03339,APP03339,P008,7/1/2025,Interviewed,Cohort Full
APL03340,APP03340,P001,3/25/2024,Applied,Did Not Meet Requirements
APL03341,APP03341,P001,6/25/2025,Interviewed,Low Interview Score
APL03342,APP03342,P001,9/16/2025,Qualified,Could Not Be Reached
APL03343,APP03343,P002,3/8/2025,Applied,Did Not Meet Requirements
APL03344,APP03344,P005,2/20/2025,Qualified,Could Not Be Reached
APL03345,APP03345,P006,2/22/2024,Applied,Incomplete Application
APL03346,APP03346,P001,4/23/2024,Enrolled,
APL03347,APP03347,P002,6/7/2025,Applied,Gender Mismatch
APL03348,APP03348,P001,2/24/2024,Qualified,Could Not Be Reached
APL03349,APP03349,P004,9/2/2025,Interviewed,Cohort Full
APL03350,APP03350,P006,8/20/2024,Qualified,No Response
APL03351,APP03351,P006,6/5/2024,Qualified,Interview Slots Full
APL03352,APP03352,P004,9/5/2024,Applied,Did Not Meet Requirements
APL03353,APP03353,P007,2/4/2025,Applied,Did Not Meet Requirements
APL03354,APP03354,P004,3/16/2024,Enrolled,
APL03355,APP03355,P002,9/18/2025,Qualified,Could Not Be Reached
APL03356,APP03356,P004,6/3/2024,Qualified,Could Not Be Reached
APL03357,APP03357,P004,4/12/2025,Interviewed,Cohort Full
APL03358,APP03358,P001,1/22/2025,Applied,Did Not Meet Requirements
APL03359,APP03359,P004,9/4/2025,Applied,Incomplete Application
APL03360,APP03360,P002,1/17/2024,Interviewed,Declined Offer
APL03361,APP03361,P004,4/4/2025,Qualified,Interview Slots Full
APL03362,APP03362,P001,7/11/2024,Enrolled,
APL03363,APP03363,P004,9/11/2025,Applied,Did Not Meet Requirements
APL03364,APP03364,P005,9/4/2024,Enrolled,
APL03365,APP03365,P004,9/8/2025,Applied,Did Not Meet Requirements
APL03366,APP03366,P003,9/3/2025,Interviewed,Cohort Full
APL03367,APP03367,P003,3/3/2024,Applied,Did Not Meet Requirements
APL03368,APP03368,P007,3/22/2024,Enrolled,
APL03369,APP03369,P008,7/23/2024,Applied,Incomplete Application
APL03370,APP03370,P004,2/28/2025,Applied,Gender Mismatch
APL03371,APP03371,P008,8/11/2025,Enrolled,
APL03372,APP03372,P008,7/21/2024,Qualified,No Response
APL03373,APP03373,P005,4/15/2025,Enrolled,
APL03374,APP03374,P004,3/6/2025,Qualified,Interview Slots Full
APL03375,APP03375,P005,8/1/2024,Qualified,Interview Slots Full
APL03376,APP03376,P002,1/4/2025,Applied,Gender Mismatch
APL03377,APP03377,P002,8/15/2024,Applied,Gender Mismatch
APL03378,APP03378,P008,2/23/2024,Qualified,Could Not Be Reached
APL03379,APP03379,P003,6/27/2024,Interviewed,Declined Offer
APL03380,APP03380,P001,3/1/2024,Qualified,Could Not Be Reached
APL03381,APP03381,P001,4/5/2024,Interviewed,Declined Offer
APL03382,APP03382,P001,7/7/2025,Enrolled,
APL03383,APP03383,P004,4/18/2025,Applied,Incomplete Application
APL03384,APP03384,P004,2/5/2024,Qualified,Interview Slots Full
APL03385,APP03385,P002,6/11/2024,Applied,Incomplete Application
APL03386,APP03386,P002,6/19/2025,Applied,Incomplete Application
APL03387,APP03387,P001,1/13/2024,Enrolled,
APL03388,APP03388,P006,9/28/2024,Applied,Incomplete Application
APL03389,APP03389,P004,7/18/2025,Interviewed,Declined Offer
APL03390,APP03390,P006,2/5/2024,Applied,Did Not Meet Requirements
APL03391,APP03391,P003,4/6/2024,Enrolled,
APL03392,APP03392,P001,1/28/2025,Applied,Did Not Meet Requirements
APL03393,APP03393,P004,2/16/2025,Applied,Did Not Meet Requirements
APL03394,APP03394,P002,3/5/2024,Applied,Gender Mismatch
APL03395,APP03395,P008,3/20/2025,Qualified,No Response
APL03396,APP03396,P001,4/18/2025,Qualified,Interview Slots Full
APL03397,APP03397,P003,7/20/2025,Qualified,Could Not Be Reached
APL03398,APP03398,P002,8/5/2025,Applied,Incomplete Application
APL03399,APP03399,P001,4/23/2025,Enrolled,
APL03400,APP03400,P008,3/25/2025,Qualified,Could Not Be Reached
APL03401,APP03401,P004,2/4/2024,Qualified,Interview Slots Full
APL03402,APP03402,P006,4/1/2025,Applied,Did Not Meet Requirements
APL03403,APP03403,P005,2/11/2025,Applied,Gender Mismatch
APL03404,APP03404,P006,3/8/2024,Applied,Gender Mismatch
APL03405,APP03405,P004,3/17/2025,Applied,Incomplete Application
APL03406,APP03406,P004,8/18/2025,Qualified,No Response
APL03407,APP03407,P004,8/4/2025,Qualified,Could Not Be Reached
APL03408,APP03408,P001,8/14/2024,Qualified,No Response
APL03409,APP03409,P004,2/5/2024,Applied,Did Not Meet Requirements
APL03410,APP03410,P004,4/3/2025,Qualified,No Response
APL03411,APP03411,P001,3/30/2024,Enrolled,
APL03412,APP03412,P001,8/22/2024,Qualified,No Response
APL03413,APP03413,P003,7/20/2024,Qualified,No Response
APL03414,APP03414,P001,3/24/2024,Applied,Did Not Meet Requirements
APL03415,APP03415,P003,7/16/2024,Qualified,No Response
APL03416,APP03416,P005,6/19/2025,Enrolled,
APL03417,APP03417,P005,6/19/2024,Applied,Incomplete Application
APL03418,APP03418,P002,6/25/2024,Qualified,No Response
APL03419,APP03419,P006,2/5/2025,Applied,Gender Mismatch
APL03420,APP03420,P004,4/11/2024,Enrolled,
APL03421,APP03421,P005,6/16/2024,Applied,Incomplete Application
APL03422,APP03422,P001,1/4/2024,Applied,Did Not Meet Requirements
APL03423,APP03423,P002,8/27/2024,Qualified,Could Not Be Reached
APL03424,APP03424,P004,8/10/2024,Qualified,No Response
APL03425,APP03425,P006,3/10/2025,Qualified,Could Not Be Reached
APL03426,APP03426,P002,4/13/2025,Enrolled,
APL03427,APP03427,P005,6/18/2025,Enrolled,
APL03428,APP03428,P004,1/4/2025,Interviewed,Low Interview Score
APL03429,APP03429,P007,4/24/2024,Applied,Did Not Meet Requirements
APL03430,APP03430,P004,1/14/2025,Qualified,Could Not Be Reached
APL03431,APP03431,P008,9/7/2025,Applied,Did Not Meet Requirements
APL03432,APP03432,P006,2/2/2025,Enrolled,
APL03433,APP03433,P001,6/6/2025,Qualified,Could Not Be Reached
APL03434,APP03434,P003,2/4/2024,Enrolled,
APL03435,APP03435,P001,3/25/2024,Qualified,Could Not Be Reached
APL03436,APP03436,P005,4/19/2024,Qualified,Interview Slots Full
APL03437,APP03437,P003,6/29/2024,Qualified,Could Not Be Reached
APL03438,APP03438,P003,2/25/2024,Qualified,No Response
APL03439,APP03439,P006,4/5/2024,Applied,Did Not Meet Requirements
APL03440,APP03440,P001,1/30/2025,Qualified,Interview Slots Full
APL03441,APP03441,P005,1/11/2024,Enrolled,
APL03442,APP03442,P004,7/28/2024,Qualified,No Response
APL03443,APP03443,P004,3/7/2025,Interviewed,Low Interview Score
APL03444,APP03444,P008,4/20/2025,Applied,Did Not Meet Requirements
APL03445,APP03445,P008,1/19/2025,Applied,Did Not Meet Requirements
APL03446,APP03446,P007,3/22/2024,Qualified,No Response
APL03447,APP03447,P004,9/10/2024,Qualified,Could Not Be Reached
APL03448,APP03448,P002,9/17/2024,Applied,Incomplete Application
APL03449,APP03449,P006,7/16/2025,Applied,Gender Mismatch
APL03450,APP03450,P006,8/4/2024,Enrolled,
APL03451,APP03451,P002,8/14/2024,Qualified,Could Not Be Reached
APL03452,APP03452,P008,8/29/2024,Qualified,No Response
APL03453,APP03453,P001,6/22/2025,Applied,Did Not Meet Requirements
APL03454,APP03454,P001,6/26/2025,Applied,Incomplete Application
APL03455,APP03455,P005,2/21/2025,Qualified,Could Not Be Reached
APL03456,APP03456,P005,4/13/2025,Applied,Incomplete Application
APL03457,APP03457,P006,9/13/2024,Applied,Did Not Meet Requirements
APL03458,APP03458,P004,8/10/2025,Applied,Incomplete Application
APL03459,APP03459,P003,9/8/2024,Applied,Incomplete Application
APL03460,APP03460,P004,8/13/2024,Qualified,No Response
APL03461,APP03461,P004,7/19/2024,Interviewed,Declined Offer
APL03462,APP03462,P004,1/22/2024,Applied,Incomplete Application
APL03463,APP03463,P008,9/27/2024,Qualified,Could Not Be Reached
APL03464,APP03464,P008,6/26/2025,Interviewed,Cohort Full
APL03465,APP03465,P004,7/29/2024,Interviewed,Declined Offer
APL03466,APP03466,P007,4/7/2024,Enrolled,
APL03467,APP03467,P004,9/21/2024,Qualified,Interview Slots Full
APL03468,APP03468,P001,3/13/2024,Applied,Did Not Meet Requirements
APL03469,APP03469,P001,4/26/2024,Applied,Did Not Meet Requirements
APL03470,APP03470,P001,9/5/2025,Applied,Incomplete Application
APL03471,APP03471,P006,8/30/2025,Interviewed,Low Interview Score
APL03472,APP03472,P005,7/25/2025,Applied,Did Not Meet Requirements
APL03473,APP03473,P003,1/10/2025,Applied,Gender Mismatch
APL03474,APP03474,P004,3/3/2024,Qualified,Could Not Be Reached
APL03475,APP03475,P005,1/3/2025,Qualified,Could Not Be Reached
APL03476,APP03476,P002,8/4/2024,Enrolled,
APL03477,APP03477,P001,6/23/2025,Qualified,Interview Slots Full
APL03478,APP03478,P007,7/29/2025,Interviewed,Low Interview Score
APL03479,APP03479,P004,9/24/2025,Applied,Did Not Meet Requirements
APL03480,APP03480,P004,3/25/2024,Applied,Did Not Meet Requirements
APL03481,APP03481,P004,7/8/2025,Applied,Gender Mismatch
APL03482,APP03482,P004,6/17/2025,Applied,Incomplete Application
APL03483,APP03483,P001,6/5/2025,Applied,Gender Mismatch
APL03484,APP03484,P004,2/27/2025,Qualified,Interview Slots Full
APL03485,APP03485,P003,1/30/2024,Enrolled,
APL03486,APP03486,P001,1/11/2024,Qualified,Interview Slots Full
APL03487,APP03487,P004,1/20/2024,Qualified,Interview Slots Full
APL03488,APP03488,P006,1/26/2025,Applied,Gender Mismatch
APL03489,APP03489,P001,7/19/2024,Interviewed,Low Interview Score
APL03490,APP03490,P002,6/23/2025,Enrolled,
APL03491,APP03491,P001,2/13/2024,Qualified,Could Not Be Reached
APL03492,APP03492,P001,4/10/2025,Applied,Incomplete Application
APL03493,APP03493,P004,7/3/2025,Enrolled,
APL03494,APP03494,P001,6/20/2025,Applied,Gender Mismatch
APL03495,APP03495,P002,1/7/2025,Interviewed,Low Interview Score
APL03496,APP03496,P003,6/14/2025,Qualified,No Response
APL03497,APP03497,P002,7/26/2025,Applied,Did Not Meet Requirements
APL03498,APP03498,P004,6/3/2024,Applied,Incomplete Application
APL03499,APP03499,P003,9/4/2025,Enrolled,
APL03500,APP03500,P004,7/24/2025,Enrolled,
APL03501,APP03501,P005,1/18/2024,Qualified,Interview Slots Full
APL03502,APP03502,P003,4/26/2025,Interviewed,Cohort Full
APL03503,APP03503,P003,9/9/2024,Applied,Gender Mismatch
APL03504,APP03504,P001,4/14/2024,Enrolled,
APL03505,APP03505,P004,3/16/2024,Qualified,Could Not Be Reached
APL03506,APP03506,P003,2/26/2024,Qualified,Could Not Be Reached
APL03507,APP03507,P001,7/31/2024,Applied,Incomplete Application
APL03508,APP03508,P003,7/8/2024,Applied,Did Not Meet Requirements
APL03509,APP03509,P006,2/15/2024,Qualified,Could Not Be Reached
APL03510,APP03510,P001,3/7/2025,Qualified,No Response
APL03511,APP03511,P008,8/13/2024,Interviewed,Declined Offer
APL03512,APP03512,P008,3/9/2024,Applied,Incomplete Application
APL03513,APP03513,P002,3/26/2024,Interviewed,Cohort Full
APL03514,APP03514,P003,7/22/2025,Applied,Gender Mismatch
APL03515,APP03515,P005,1/1/2024,Qualified,No Response
APL03516,APP03516,P002,6/14/2024,Qualified,Could Not Be Reached
APL03517,APP03517,P005,9/18/2025,Qualified,No Response
APL03518,APP03518,P001,1/9/2024,Interviewed,Declined Offer
APL03519,APP03519,P006,8/16/2025,Qualified,No Response
APL03520,APP03520,P007,6/13/2024,Qualified,No Response
APL03521,APP03521,P008,7/26/2025,Qualified,No Response
APL03522,APP03522,P004,9/4/2025,Applied,Did Not Meet Requirements
APL03523,APP03523,P006,1/24/2025,Applied,Did Not Meet Requirements
APL03524,APP03524,P004,9/16/2025,Applied,Incomplete Application
APL03525,APP03525,P004,2/2/2025,Interviewed,Cohort Full
APL03526,APP03526,P003,7/31/2025,Applied,Did Not Meet Requirements
APL03527,APP03527,P001,9/16/2025,Enrolled,
APL03528,APP03528,P002,9/26/2024,Qualified,Could Not Be Reached
APL03529,APP03529,P005,7/22/2025,Interviewed,Declined Offer
APL03530,APP03530,P004,1/24/2024,Applied,Gender Mismatch
APL03531,APP03531,P004,4/22/2025,Applied,Did Not Meet Requirements
APL03532,APP03532,P004,2/11/2024,Applied,Incomplete Application
APL03533,APP03533,P004,4/8/2024,Applied,Did Not Meet Requirements
APL03534,APP03534,P001,4/14/2024,Applied,Gender Mismatch
APL03535,APP03535,P003,4/6/2025,Applied,Did Not Meet Requirements
APL03536,APP03536,P002,2/19/2024,Qualified,No Response
APL03537,APP03537,P005,9/10/2024,Applied,Did Not Meet Requirements
APL03538,APP03538,P003,8/19/2025,Enrolled,
APL03539,APP03539,P004,9/14/2025,Applied,Gender Mismatch
APL03540,APP03540,P002,7/18/2025,Interviewed,Low Interview Score
APL03541,APP03541,P002,8/17/2025,Interviewed,Declined Offer
APL03542,APP03542,P004,4/19/2024,Qualified,No Response
APL03543,APP03543,P005,9/3/2024,Applied,Gender Mismatch
APL03544,APP03544,P001,1/11/2025,Qualified,No Response
APL03545,APP03545,P005,4/9/2025,Enrolled,
APL03546,APP03546,P008,1/14/2025,Applied,Gender Mismatch
APL03547,APP03547,P008,4/17/2025,Enrolled,
APL03548,APP03548,P002,3/27/2025,Applied,Did Not Meet Requirements
APL03549,APP03549,P007,2/6/2024,Applied,Did Not Meet Requirements
APL03550,APP03550,P005,4/8/2025,Qualified,No Response
APL03551,APP03551,P003,6/2/2025,Qualified,No Response
APL03552,APP03552,P003,9/21/2025,Applied,Incomplete Application
APL03553,APP03553,P002,8/16/2025,Qualified,No Response
APL03554,APP03554,P004,4/1/2024,Interviewed,Cohort Full
APL03555,APP03555,P002,4/5/2024,Applied,Did Not Meet Requirements
APL03556,APP03556,P005,2/27/2025,Enrolled,
APL03557,APP03557,P005,1/23/2025,Qualified,Interview Slots Full
APL03558,APP03558,P002,1/10/2024,Applied,Did Not Meet Requirements
APL03559,APP03559,P002,7/11/2024,Applied,Incomplete Application
APL03560,APP03560,P004,6/28/2025,Enrolled,
APL03561,APP03561,P004,4/26/2024,Enrolled,
APL03562,APP03562,P001,2/21/2024,Qualified,Could Not Be Reached
APL03563,APP03563,P004,6/21/2025,Interviewed,Low Interview Score
APL03564,APP03564,P001,2/16/2025,Applied,Gender Mismatch
APL03565,APP03565,P003,7/15/2024,Interviewed,Declined Offer
APL03566,APP03566,P001,8/9/2024,Interviewed,Low Interview Score
APL03567,APP03567,P003,1/20/2024,Applied,Incomplete Application
APL03568,APP03568,P006,9/6/2025,Enrolled,
APL03569,APP03569,P003,2/4/2025,Qualified,No Response
APL03570,APP03570,P006,3/11/2025,Applied,Did Not Meet Requirements
APL03571,APP03571,P002,4/1/2024,Enrolled,
APL03572,APP03572,P008,8/10/2025,Applied,Did Not Meet Requirements
APL03573,APP03573,P005,6/14/2024,Qualified,No Response
APL03574,APP03574,P001,6/16/2024,Qualified,Could Not Be Reached
APL03575,APP03575,P004,8/12/2024,Qualified,Could Not Be Reached
APL03576,APP03576,P001,1/28/2025,Applied,Gender Mismatch
APL03577,APP03577,P002,3/12/2025,Applied,Incomplete Application
APL03578,APP03578,P002,3/29/2025,Enrolled,
APL03579,APP03579,P002,1/3/2024,Qualified,Could Not Be Reached
APL03580,APP03580,P003,1/3/2024,Applied,Incomplete Application
APL03581,APP03581,P008,3/17/2024,Applied,Did Not Meet Requirements
APL03582,APP03582,P004,6/9/2025,Qualified,Could Not Be Reached
APL03583,APP03583,P002,2/22/2025,Interviewed,Declined Offer
APL03584,APP03584,P007,3/27/2025,Qualified,Could Not Be Reached
APL03585,APP03585,P002,4/26/2024,Applied,Did Not Meet Requirements
APL03586,APP03586,P001,1/1/2024,Enrolled,
APL03587,APP03587,P005,6/14/2024,Interviewed,Cohort Full
APL03588,APP03588,P001,9/14/2025,Applied,Incomplete Application
APL03589,APP03589,P003,4/5/2025,Qualified,Could Not Be Reached
APL03590,APP03590,P005,4/1/2025,Qualified,No Response
APL03591,APP03591,P003,9/26/2025,Qualified,No Response
APL03592,APP03592,P004,4/12/2025,Interviewed,Low Interview Score
APL03593,APP03593,P002,3/6/2025,Applied,Incomplete Application
APL03594,APP03594,P003,7/5/2024,Enrolled,
APL03595,APP03595,P004,3/13/2024,Qualified,Could Not Be Reached
APL03596,APP03596,P003,2/1/2024,Interviewed,Declined Offer
APL03597,APP03597,P001,3/14/2025,Applied,Incomplete Application
APL03598,APP03598,P007,6/9/2024,Enrolled,
APL03599,APP03599,P004,8/5/2024,Applied,Did Not Meet Requirements
APL03600,APP03600,P005,6/24/2024,Applied,Gender Mismatch
APL03601,APP03601,P001,1/16/2025,Interviewed,Cohort Full
APL03602,APP03602,P001,8/15/2024,Qualified,Could Not Be Reached
APL03603,APP03603,P002,2/20/2025,Applied,Gender Mismatch
APL03604,APP03604,P004,3/28/2025,Enrolled,
APL03605,APP03605,P006,1/29/2024,Applied,Incomplete Application
APL03606,APP03606,P003,4/4/2025,Applied,Did Not Meet Requirements
APL03607,APP03607,P002,4/29/2024,Qualified,Interview Slots Full
APL03608,APP03608,P002,2/28/2025,Interviewed,Cohort Full
APL03609,APP03609,P004,2/2/2025,Applied,Did Not Meet Requirements
APL03610,APP03610,P006,2/26/2025,Applied,Incomplete Application
APL03611,APP03611,P001,6/19/2024,Applied,Did Not Meet Requirements
APL03612,APP03612,P004,3/24/2024,Qualified,No Response
APL03613,APP03613,P004,6/26/2024,Qualified,No Response
APL03614,APP03614,P008,8/26/2025,Qualified,Could Not Be Reached
APL03615,APP03615,P006,6/14/2025,Enrolled,
APL03616,APP03616,P008,4/15/2025,Applied,Did Not Meet Requirements
APL03617,APP03617,P004,8/14/2024,Qualified,Could Not Be Reached
APL03618,APP03618,P001,2/5/2025,Qualified,Interview Slots Full
APL03619,APP03619,P001,9/9/2025,Applied,Did Not Meet Requirements
APL03620,APP03620,P004,3/21/2025,Enrolled,
APL03621,APP03621,P001,9/16/2024,Applied,Did Not Meet Requirements
APL03622,APP03622,P008,1/31/2024,Qualified,No Response
APL03623,APP03623,P001,4/8/2024,Qualified,Interview Slots Full
APL03624,APP03624,P003,6/24/2024,Qualified,No Response
APL03625,APP03625,P001,8/26/2025,Qualified,No Response
APL03626,APP03626,P001,6/23/2025,Applied,Did Not Meet Requirements
APL03627,APP03627,P004,8/5/2025,Interviewed,Low Interview Score
APL03628,APP03628,P002,8/18/2024,Applied,Incomplete Application
APL03629,APP03629,P004,1/21/2025,Applied,Incomplete Application
APL03630,APP03630,P004,8/18/2024,Applied,Did Not Meet Requirements
APL03631,APP03631,P004,7/26/2025,Enrolled,
APL03632,APP03632,P004,8/16/2024,Interviewed,Cohort Full
APL03633,APP03633,P007,3/29/2024,Applied,Incomplete Application
APL03634,APP03634,P004,1/6/2025,Applied,Incomplete Application
APL03635,APP03635,P001,1/14/2024,Qualified,Could Not Be Reached
APL03636,APP03636,P006,1/29/2025,Applied,Incomplete Application
APL03637,APP03637,P002,7/9/2024,Applied,Did Not Meet Requirements
APL03638,APP03638,P002,9/18/2025,Qualified,No Response
APL03639,APP03639,P002,9/16/2024,Enrolled,
APL03640,APP03640,P001,8/3/2024,Qualified,No Response
APL03641,APP03641,P005,2/28/2024,Enrolled,
APL03642,APP03642,P002,6/28/2025,Qualified,Could Not Be Reached
APL03643,APP03643,P002,8/10/2025,Qualified,No Response
APL03644,APP03644,P001,3/4/2025,Applied,Did Not Meet Requirements
APL03645,APP03645,P003,8/16/2025,Applied,Gender Mismatch
APL03646,APP03646,P001,3/4/2024,Enrolled,
APL03647,APP03647,P001,1/15/2024,Interviewed,Declined Offer
APL03648,APP03648,P004,6/24/2024,Qualified,Could Not Be Reached
APL03649,APP03649,P008,4/1/2025,Applied,Did Not Meet Requirements
APL03650,APP03650,P001,3/19/2025,Applied,Did Not Meet Requirements
APL03651,APP03651,P008,2/13/2024,Applied,Incomplete Application
APL03652,APP03652,P006,1/3/2024,Interviewed,Cohort Full
APL03653,APP03653,P001,4/1/2025,Qualified,Could Not Be Reached
APL03654,APP03654,P005,6/15/2025,Applied,Gender Mismatch
APL03655,APP03655,P008,6/21/2025,Qualified,No Response
APL03656,APP03656,P004,4/18/2025,Qualified,No Response
APL03657,APP03657,P008,1/5/2024,Qualified,Could Not Be Reached
APL03658,APP03658,P003,4/1/2025,Applied,Incomplete Application
APL03659,APP03659,P004,1/31/2025,Interviewed,Declined Offer
APL03660,APP03660,P004,7/2/2025,Qualified,Could Not Be Reached
APL03661,APP03661,P007,7/7/2025,Qualified,Could Not Be Reached
APL03662,APP03662,P003,9/27/2025,Applied,Gender Mismatch
APL03663,APP03663,P002,1/23/2024,Applied,Did Not Meet Requirements
APL03664,APP03664,P005,1/10/2024,Enrolled,
APL03665,APP03665,P002,3/11/2025,Enrolled,
APL03666,APP03666,P002,3/19/2024,Applied,Gender Mismatch
APL03667,APP03667,P001,3/26/2025,Interviewed,Low Interview Score
APL03668,APP03668,P004,1/21/2025,Applied,Incomplete Application
APL03669,APP03669,P001,3/26/2024,Interviewed,Declined Offer
APL03670,APP03670,P006,3/1/2025,Qualified,Could Not Be Reached
APL03671,APP03671,P007,8/16/2025,Qualified,Could Not Be Reached
APL03672,APP03672,P004,8/19/2024,Interviewed,Low Interview Score
APL03673,APP03673,P005,7/20/2024,Qualified,Interview Slots Full
APL03674,APP03674,P004,7/5/2024,Qualified,No Response
APL03675,APP03675,P004,8/15/2025,Enrolled,
APL03676,APP03676,P002,1/8/2025,Qualified,Could Not Be Reached
APL03677,APP03677,P003,1/13/2025,Applied,Did Not Meet Requirements
APL03678,APP03678,P001,3/2/2024,Qualified,Interview Slots Full
APL03679,APP03679,P003,6/9/2025,Applied,Did Not Meet Requirements
APL03680,APP03680,P005,6/25/2024,Interviewed,Declined Offer
APL03681,APP03681,P001,1/31/2024,Applied,Incomplete Application
APL03682,APP03682,P003,9/18/2024,Qualified,Could Not Be Reached
APL03683,APP03683,P001,6/5/2024,Enrolled,
APL03684,APP03684,P003,1/26/2024,Interviewed,Low Interview Score
APL03685,APP03685,P001,8/11/2024,Applied,Did Not Meet Requirements
APL03686,APP03686,P001,4/14/2025,Qualified,No Response
APL03687,APP03687,P002,6/9/2025,Applied,Gender Mismatch
APL03688,APP03688,P001,2/13/2025,Applied,Did Not Meet Requirements
APL03689,APP03689,P002,9/23/2024,Enrolled,
APL03690,APP03690,P002,9/17/2025,Applied,Did Not Meet Requirements
APL03691,APP03691,P004,4/24/2024,Applied,Did Not Meet Requirements
APL03692,APP03692,P002,7/20/2024,Applied,Gender Mismatch
APL03693,APP03693,P006,1/11/2024,Applied,Incomplete Application
APL03694,APP03694,P003,2/21/2025,Applied,Did Not Meet Requirements
APL03695,APP03695,P003,9/17/2025,Qualified,Could Not Be Reached
APL03696,APP03696,P001,1/28/2025,Applied,Gender Mismatch
APL03697,APP03697,P008,6/23/2024,Applied,Gender Mismatch
APL03698,APP03698,P002,8/31/2025,Applied,Gender Mismatch
APL03699,APP03699,P008,2/21/2025,Interviewed,Declined Offer
APL03700,APP03700,P004,2/9/2024,Interviewed,Cohort Full
APL03701,APP03701,P004,8/31/2024,Applied,Gender Mismatch
APL03702,APP03702,P008,8/16/2024,Applied,Gender Mismatch
APL03703,APP03703,P002,7/9/2025,Qualified,Could Not Be Reached
APL03704,APP03704,P005,9/13/2024,Interviewed,Declined Offer
APL03705,APP03705,P001,2/10/2025,Qualified,No Response
APL03706,APP03706,P005,4/10/2025,Applied,Incomplete Application
APL03707,APP03707,P008,8/15/2025,Enrolled,
APL03708,APP03708,P006,1/14/2024,Qualified,Could Not Be Reached
APL03709,APP03709,P005,9/9/2024,Enrolled,
APL03710,APP03710,P002,8/27/2025,Applied,Did Not Meet Requirements
APL03711,APP03711,P002,6/20/2025,Qualified,Interview Slots Full
APL03712,APP03712,P001,7/22/2024,Qualified,Interview Slots Full
APL03713,APP03713,P003,8/11/2025,Applied,Gender Mismatch
APL03714,APP03714,P001,7/24/2025,Enrolled,
APL03715,APP03715,P001,8/6/2024,Interviewed,Declined Offer
APL03716,APP03716,P004,4/26/2025,Interviewed,Declined Offer
APL03717,APP03717,P001,9/24/2025,Applied,Incomplete Application
APL03718,APP03718,P005,8/30/2025,Interviewed,Low Interview Score
APL03719,APP03719,P006,1/27/2025,Qualified,Could Not Be Reached
APL03720,APP03720,P002,2/15/2025,Applied,Incomplete Application
APL03721,APP03721,P005,6/27/2024,Enrolled,
APL03722,APP03722,P002,3/15/2025,Applied,Did Not Meet Requirements
APL03723,APP03723,P005,4/4/2025,Applied,Did Not Meet Requirements
APL03724,APP03724,P006,7/28/2025,Applied,Gender Mismatch
APL03725,APP03725,P003,6/21/2024,Enrolled,
APL03726,APP03726,P004,1/10/2024,Interviewed,Cohort Full
APL03727,APP03727,P001,3/22/2025,Qualified,No Response
APL03728,APP03728,P002,3/18/2024,Qualified,No Response
APL03729,APP03729,P002,8/27/2025,Applied,Incomplete Application
APL03730,APP03730,P002,1/24/2024,Enrolled,
APL03731,APP03731,P001,4/22/2025,Applied,Did Not Meet Requirements
APL03732,APP03732,P002,7/18/2024,Qualified,No Response
APL03733,APP03733,P002,8/25/2025,Applied,Incomplete Application
APL03734,APP03734,P004,7/24/2025,Applied,Did Not Meet Requirements
APL03735,APP03735,P005,6/26/2024,Qualified,No Response
APL03736,APP03736,P008,7/26/2024,Qualified,Interview Slots Full
APL03737,APP03737,P004,1/9/2024,Qualified,Could Not Be Reached
APL03738,APP03738,P002,2/5/2025,Qualified,Could Not Be Reached
APL03739,APP03739,P008,2/2/2024,Qualified,No Response
APL03740,APP03740,P004,8/5/2024,Enrolled,
APL03741,APP03741,P003,4/8/2024,Interviewed,Low Interview Score
APL03742,APP03742,P002,7/28/2025,Applied,Did Not Meet Requirements
APL03743,APP03743,P001,7/5/2025,Applied,Incomplete Application
APL03744,APP03744,P006,1/5/2024,Qualified,Interview Slots Full
APL03745,APP03745,P004,9/20/2025,Enrolled,
APL03746,APP03746,P001,2/24/2025,Qualified,No Response
APL03747,APP03747,P002,6/29/2024,Applied,Gender Mismatch
APL03748,APP03748,P003,6/17/2025,Applied,Incomplete Application
APL03749,APP03749,P008,4/24/2025,Enrolled,
APL03750,APP03750,P008,3/23/2024,Enrolled,
APL03751,APP03751,P004,3/17/2025,Qualified,Interview Slots Full
APL03752,APP03752,P006,7/12/2024,Qualified,No Response
APL03753,APP03753,P008,7/31/2025,Applied,Did Not Meet Requirements
APL03754,APP03754,P004,2/2/2024,Qualified,Interview Slots Full
APL03755,APP03755,P006,3/20/2024,Applied,Gender Mismatch
APL03756,APP03756,P001,6/3/2025,Applied,Did Not Meet Requirements
APL03757,APP03757,P001,8/4/2024,Qualified,Interview Slots Full
APL03758,APP03758,P001,4/12/2025,Qualified,Interview Slots Full
APL03759,APP03759,P007,8/23/2025,Applied,Incomplete Application
APL03760,APP03760,P008,9/24/2025,Interviewed,Low Interview Score
APL03761,APP03761,P001,8/27/2024,Qualified,Interview Slots Full
APL03762,APP03762,P008,6/20/2025,Enrolled,
APL03763,APP03763,P003,6/22/2025,Interviewed,Declined Offer
APL03764,APP03764,P002,6/19/2024,Qualified,Could Not Be Reached
APL03765,APP03765,P008,4/2/2025,Interviewed,Cohort Full
APL03766,APP03766,P008,4/13/2025,Applied,Incomplete Application
APL03767,APP03767,P004,8/12/2025,Qualified,Could Not Be Reached
APL03768,APP03768,P004,4/2/2025,Applied,Gender Mismatch
APL03769,APP03769,P001,2/6/2024,Enrolled,
APL03770,APP03770,P001,1/31/2025,Qualified,No Response
APL03771,APP03771,P007,3/4/2024,Qualified,No Response
APL03772,APP03772,P001,9/6/2025,Qualified,No Response
APL03773,APP03773,P002,4/11/2024,Qualified,Interview Slots Full
APL03774,APP03774,P004,1/25/2024,Applied,Did Not Meet Requirements
APL03775,APP03775,P001,2/18/2025,Interviewed,Declined Offer
APL03776,APP03776,P002,4/19/2024,Qualified,No Response
APL03777,APP03777,P004,8/5/2024,Applied,Incomplete Application
APL03778,APP03778,P004,8/3/2024,Interviewed,Low Interview Score
APL03779,APP03779,P003,8/28/2024,Enrolled,
APL03780,APP03780,P005,1/5/2024,Applied,Incomplete Application
APL03781,APP03781,P004,4/10/2024,Qualified,No Response
APL03782,APP03782,P004,7/20/2025,Applied,Did Not Meet Requirements
APL03783,APP03783,P004,6/18/2025,Applied,Incomplete Application
APL03784,APP03784,P004,6/19/2024,Enrolled,
APL03785,APP03785,P004,6/21/2024,Qualified,No Response
APL03786,APP03786,P007,7/26/2025,Interviewed,Low Interview Score
APL03787,APP03787,P007,6/30/2024,Qualified,No Response
APL03788,APP03788,P002,2/4/2024,Qualified,Could Not Be Reached
APL03789,APP03789,P008,6/22/2025,Qualified,No Response
APL03790,APP03790,P001,6/1/2025,Qualified,Interview Slots Full
APL03791,APP03791,P002,6/10/2025,Applied,Incomplete Application
APL03792,APP03792,P001,6/10/2024,Qualified,Could Not Be Reached
APL03793,APP03793,P003,4/21/2024,Applied,Did Not Meet Requirements
APL03794,APP03794,P007,1/16/2025,Qualified,Could Not Be Reached
APL03795,APP03795,P004,4/9/2025,Applied,Incomplete Application
APL03796,APP03796,P008,8/25/2025,Qualified,No Response
APL03797,APP03797,P005,1/26/2025,Qualified,Could Not Be Reached
APL03798,APP03798,P002,7/24/2024,Applied,Gender Mismatch
APL03799,APP03799,P005,1/31/2025,Qualified,Interview Slots Full
APL03800,APP03800,P003,4/15/2025,Applied,Gender Mismatch
APL03801,APP03801,P006,4/15/2025,Applied,Incomplete Application
APL03802,APP03802,P004,2/18/2025,Qualified,No Response
APL03803,APP03803,P008,1/30/2024,Enrolled,
APL03804,APP03804,P003,7/30/2024,Qualified,No Response
APL03805,APP03805,P001,1/1/2025,Qualified,Interview Slots Full
APL03806,APP03806,P002,9/5/2024,Applied,Did Not Meet Requirements
APL03807,APP03807,P001,4/1/2025,Interviewed,Low Interview Score
APL03808,APP03808,P008,4/17/2024,Interviewed,Low Interview Score
APL03809,APP03809,P002,6/20/2024,Enrolled,
APL03810,APP03810,P003,1/14/2025,Applied,Gender Mismatch
APL03811,APP03811,P002,7/19/2025,Applied,Gender Mismatch
APL03812,APP03812,P007,7/18/2024,Applied,Gender Mismatch
APL03813,APP03813,P003,1/27/2025,Applied,Incomplete Application
APL03814,APP03814,P005,1/9/2024,Enrolled,
APL03815,APP03815,P005,1/3/2025,Qualified,Interview Slots Full
APL03816,APP03816,P002,4/27/2025,Interviewed,Low Interview Score
APL03817,APP03817,P002,6/18/2025,Applied,Incomplete Application
APL03818,APP03818,P001,7/8/2025,Applied,Incomplete Application
APL03819,APP03819,P001,2/19/2025,Interviewed,Low Interview Score
APL03820,APP03820,P004,7/8/2025,Qualified,Could Not Be Reached
APL03821,APP03821,P008,1/26/2025,Interviewed,Low Interview Score
APL03822,APP03822,P004,2/4/2024,Enrolled,
APL03823,APP03823,P001,2/11/2025,Applied,Gender Mismatch
APL03824,APP03824,P002,7/11/2024,Enrolled,
APL03825,APP03825,P003,4/3/2025,Applied,Gender Mismatch
APL03826,APP03826,P002,1/18/2025,Applied,Incomplete Application
APL03827,APP03827,P005,3/17/2025,Enrolled,
APL03828,APP03828,P001,2/17/2024,Applied,Incomplete Application
APL03829,APP03829,P002,1/19/2025,Qualified,No Response
APL03830,APP03830,P004,8/22/2024,Applied,Did Not Meet Requirements
APL03831,APP03831,P004,2/2/2024,Applied,Did Not Meet Requirements
APL03832,APP03832,P004,9/4/2025,Qualified,Interview Slots Full
APL03833,APP03833,P002,1/12/2025,Enrolled,
APL03834,APP03834,P004,2/1/2025,Qualified,No Response
APL03835,APP03835,P003,8/24/2024,Enrolled,
APL03836,APP03836,P001,6/7/2025,Applied,Gender Mismatch
APL03837,APP03837,P004,3/2/2024,Enrolled,
APL03838,APP03838,P006,1/10/2025,Interviewed,Cohort Full
APL03839,APP03839,P003,1/22/2025,Interviewed,Low Interview Score
APL03840,APP03840,P001,1/2/2025,Applied,Incomplete Application
APL03841,APP03841,P004,7/8/2024,Enrolled,
APL03842,APP03842,P006,9/21/2025,Enrolled,
APL03843,APP03843,P004,4/5/2025,Applied,Did Not Meet Requirements
APL03844,APP03844,P002,9/18/2024,Qualified,Could Not Be Reached
APL03845,APP03845,P007,6/14/2024,Qualified,Could Not Be Reached
APL03846,APP03846,P004,6/29/2025,Applied,Did Not Meet Requirements
APL03847,APP03847,P006,7/23/2025,Interviewed,Low Interview Score
APL03848,APP03848,P003,4/8/2025,Interviewed,Low Interview Score
APL03849,APP03849,P001,6/23/2024,Applied,Did Not Meet Requirements
APL03850,APP03850,P004,6/24/2024,Qualified,Could Not Be Reached
APL03851,APP03851,P004,3/7/2025,Applied,Did Not Meet Requirements
APL03852,APP03852,P005,2/15/2025,Applied,Did Not Meet Requirements
APL03853,APP03853,P008,8/22/2025,Enrolled,
APL03854,APP03854,P004,4/13/2024,Interviewed,Cohort Full
APL03855,APP03855,P001,7/30/2025,Interviewed,Cohort Full
APL03856,APP03856,P005,1/5/2025,Applied,Did Not Meet Requirements
APL03857,APP03857,P008,8/22/2024,Enrolled,
APL03858,APP03858,P003,2/15/2025,Interviewed,Declined Offer
APL03859,APP03859,P002,6/6/2025,Enrolled,
APL03860,APP03860,P003,8/5/2024,Qualified,Interview Slots Full
APL03861,APP03861,P004,9/28/2024,Applied,Gender Mismatch
APL03862,APP03862,P006,4/1/2025,Interviewed,Low Interview Score
APL03863,APP03863,P004,3/22/2024,Qualified,Could Not Be Reached
APL03864,APP03864,P004,8/31/2024,Enrolled,
APL03865,APP03865,P004,2/19/2025,Applied,Gender Mismatch
APL03866,APP03866,P008,9/23/2024,Qualified,Could Not Be Reached
APL03867,APP03867,P001,8/8/2024,Qualified,No Response
APL03868,APP03868,P001,6/30/2024,Applied,Gender Mismatch
APL03869,APP03869,P001,1/13/2025,Qualified,No Response
APL03870,APP03870,P005,7/23/2025,Applied,Incomplete Application
APL03871,APP03871,P003,1/8/2024,Interviewed,Cohort Full
APL03872,APP03872,P004,9/2/2025,Qualified,No Response
APL03873,APP03873,P001,7/22/2025,Enrolled,
APL03874,APP03874,P004,2/1/2025,Qualified,Could Not Be Reached
APL03875,APP03875,P004,9/27/2025,Applied,Did Not Meet Requirements
APL03876,APP03876,P001,2/29/2024,Qualified,Could Not Be Reached
APL03877,APP03877,P001,2/3/2025,Enrolled,
APL03878,APP03878,P001,3/25/2024,Qualified,Interview Slots Full
APL03879,APP03879,P004,3/4/2025,Qualified,No Response
APL03880,APP03880,P001,8/1/2025,Applied,Incomplete Application
APL03881,APP03881,P003,2/5/2024,Applied,Gender Mismatch
APL03882,APP03882,P008,2/5/2024,Interviewed,Declined Offer
APL03883,APP03883,P002,3/6/2024,Applied,Incomplete Application
APL03884,APP03884,P002,1/17/2025,Qualified,Interview Slots Full
APL03885,APP03885,P003,7/17/2024,Enrolled,
APL03886,APP03886,P004,7/26/2025,Interviewed,Low Interview Score
APL03887,APP03887,P004,3/14/2024,Interviewed,Declined Offer
APL03888,APP03888,P004,9/28/2024,Applied,Gender Mismatch
APL03889,APP03889,P004,4/5/2025,Qualified,Could Not Be Reached
APL03890,APP03890,P003,2/2/2024,Applied,Gender Mismatch
APL03891,APP03891,P005,8/25/2024,Applied,Incomplete Application
APL03892,APP03892,P001,7/8/2024,Interviewed,Declined Offer
APL03893,APP03893,P005,1/11/2024,Applied,Did Not Meet Requirements
APL03894,APP03894,P007,6/19/2024,Qualified,No Response
APL03895,APP03895,P005,4/10/2025,Enrolled,
APL03896,APP03896,P005,3/18/2025,Qualified,Could Not Be Reached
APL03897,APP03897,P006,3/14/2025,Qualified,No Response
APL03898,APP03898,P004,8/28/2024,Applied,Gender Mismatch
APL03899,APP03899,P004,9/2/2025,Qualified,No Response
APL03900,APP03900,P002,8/23/2025,Qualified,No Response
APL03901,APP03901,P005,3/31/2024,Applied,Gender Mismatch
APL03902,APP03902,P002,8/15/2025,Applied,Did Not Meet Requirements
APL03903,APP03903,P004,2/29/2024,Qualified,Interview Slots Full
APL03904,APP03904,P002,3/7/2024,Enrolled,
APL03905,APP03905,P002,7/20/2024,Applied,Did Not Meet Requirements
APL03906,APP03906,P002,9/16/2025,Applied,Gender Mismatch
APL03907,APP03907,P004,9/21/2025,Applied,Incomplete Application
APL03908,APP03908,P001,3/3/2024,Interviewed,Cohort Full
APL03909,APP03909,P007,8/8/2024,Applied,Gender Mismatch
APL03910,APP03910,P001,2/15/2025,Applied,Incomplete Application
APL03911,APP03911,P008,3/25/2024,Qualified,Interview Slots Full
APL03912,APP03912,P005,7/17/2025,Applied,Gender Mismatch
APL03913,APP03913,P003,2/15/2025,Qualified,No Response
APL03914,APP03914,P002,7/3/2025,Applied,Incomplete Application
APL03915,APP03915,P002,8/7/2025,Applied,Incomplete Application
APL03916,APP03916,P001,4/23/2024,Applied,Incomplete Application
APL03917,APP03917,P006,6/23/2025,Interviewed,Cohort Full
APL03918,APP03918,P004,2/6/2024,Applied,Gender Mismatch
APL03919,APP03919,P005,3/22/2025,Applied,Incomplete Application
APL03920,APP03920,P003,6/16/2025,Applied,Incomplete Application
APL03921,APP03921,P002,9/15/2025,Qualified,No Response
APL03922,APP03922,P004,3/17/2025,Qualified,No Response
APL03923,APP03923,P003,1/20/2025,Qualified,Could Not Be Reached
APL03924,APP03924,P001,6/27/2024,Qualified,Could Not Be Reached
APL03925,APP03925,P003,9/5/2024,Applied,Incomplete Application
APL03926,APP03926,P005,2/21/2025,Enrolled,
APL03927,APP03927,P001,7/23/2025,Applied,Incomplete Application
APL03928,APP03928,P008,7/24/2024,Applied,Incomplete Application
APL03929,APP03929,P008,4/28/2025,Applied,Did Not Meet Requirements
APL03930,APP03930,P006,6/27/2024,Applied,Incomplete Application
APL03931,APP03931,P003,2/3/2024,Applied,Gender Mismatch
APL03932,APP03932,P004,6/16/2025,Qualified,No Response
APL03933,APP03933,P005,1/21/2025,Applied,Gender Mismatch
APL03934,APP03934,P002,7/15/2025,Applied,Gender Mismatch
APL03935,APP03935,P001,3/11/2025,Enrolled,
APL03936,APP03936,P008,2/3/2024,Qualified,Interview Slots Full
APL03937,APP03937,P004,4/21/2025,Applied,Gender Mismatch
APL03938,APP03938,P005,1/25/2025,Qualified,Could Not Be Reached
APL03939,APP03939,P003,2/7/2025,Interviewed,Declined Offer
APL03940,APP03940,P004,2/4/2024,Qualified,Interview Slots Full
APL03941,APP03941,P001,8/4/2025,Applied,Incomplete Application
APL03942,APP03942,P004,8/29/2025,Applied,Incomplete Application
APL03943,APP03943,P001,8/9/2025,Qualified,Could Not Be Reached
APL03944,APP03944,P002,9/8/2025,Interviewed,Cohort Full
APL03945,APP03945,P002,3/19/2025,Qualified,No Response
APL03946,APP03946,P005,2/10/2025,Applied,Incomplete Application
APL03947,APP03947,P005,8/16/2024,Qualified,Could Not Be Reached
APL03948,APP03948,P006,2/21/2025,Qualified,No Response
APL03949,APP03949,P002,3/16/2024,Applied,Did Not Meet Requirements
APL03950,APP03950,P004,1/20/2024,Qualified,Could Not Be Reached
APL03951,APP03951,P004,9/29/2024,Enrolled,
APL03952,APP03952,P004,6/7/2024,Applied,Did Not Meet Requirements
APL03953,APP03953,P007,7/29/2024,Applied,Incomplete Application
APL03954,APP03954,P008,3/27/2024,Applied,Did Not Meet Requirements
APL03955,APP03955,P004,6/27/2025,Qualified,Could Not Be Reached
APL03956,APP03956,P001,6/7/2025,Enrolled,
APL03957,APP03957,P004,4/14/2025,Applied,Incomplete Application
APL03958,APP03958,P001,8/9/2024,Interviewed,Low Interview Score
APL03959,APP03959,P008,8/13/2024,Applied,Did Not Meet Requirements
APL03960,APP03960,P006,4/27/2024,Qualified,No Response
APL03961,APP03961,P004,4/24/2025,Applied,Gender Mismatch
APL03962,APP03962,P002,8/31/2025,Interviewed,Cohort Full
APL03963,APP03963,P005,2/12/2024,Qualified,Interview Slots Full
APL03964,APP03964,P005,7/24/2025,Applied,Did Not Meet Requirements
APL03965,APP03965,P004,6/7/2024,Enrolled,
APL03966,APP03966,P002,7/3/2025,Qualified,Interview Slots Full
APL03967,APP03967,P004,9/28/2024,Qualified,No Response
APL03968,APP03968,P008,9/27/2024,Interviewed,Declined Offer
APL03969,APP03969,P005,8/21/2025,Applied,Incomplete Application
APL03970,APP03970,P004,1/1/2025,Applied,Did Not Meet Requirements
APL03971,APP03971,P008,4/20/2025,Interviewed,Cohort Full
APL03972,APP03972,P007,6/26/2024,Qualified,Could Not Be Reached
APL03973,APP03973,P001,6/19/2025,Qualified,No Response
APL03974,APP03974,P004,4/9/2025,Enrolled,
APL03975,APP03975,P001,6/22/2024,Qualified,Interview Slots Full
APL03976,APP03976,P002,2/21/2025,Qualified,Could Not Be Reached
APL03977,APP03977,P005,8/1/2024,Interviewed,Low Interview Score
APL03978,APP03978,P004,8/23/2024,Qualified,Could Not Be Reached
APL03979,APP03979,P003,4/3/2024,Qualified,No Response
APL03980,APP03980,P008,1/28/2025,Applied,Did Not Meet Requirements
APL03981,APP03981,P005,3/18/2024,Interviewed,Low Interview Score
APL03982,APP03982,P001,9/10/2024,Applied,Did Not Meet Requirements
APL03983,APP03983,P005,7/12/2024,Enrolled,
APL03984,APP03984,P006,9/21/2024,Applied,Did Not Meet Requirements
APL03985,APP03985,P002,2/10/2025,Applied,Did Not Meet Requirements
APL03986,APP03986,P002,4/24/2025,Qualified,Could Not Be Reached
APL03987,APP03987,P004,9/12/2025,Qualified,Interview Slots Full
APL03988,APP03988,P001,3/8/2024,Enrolled,
APL03989,APP03989,P001,3/28/2025,Applied,Gender Mismatch
APL03990,APP03990,P002,1/17/2024,Qualified,Interview Slots Full
APL03991,APP03991,P004,8/4/2025,Applied,Incomplete Application
APL03992,APP03992,P007,2/25/2024,Qualified,No Response
APL03993,APP03993,P001,4/20/2025,Applied,Gender Mismatch
APL03994,APP03994,P004,4/28/2024,Interviewed,Declined Offer
APL03995,APP03995,P004,4/27/2024,Interviewed,Low Interview Score
APL03996,APP03996,P002,2/21/2024,Applied,Gender Mismatch
APL03997,APP03997,P002,6/18/2025,Applied,Incomplete Application
APL03998,APP03998,P002,9/25/2024,Qualified,Interview Slots Full
APL03999,APP03999,P006,6/22/2024,Applied,Did Not Meet Requirements
APL04000,APP04000,P001,1/22/2025,Interviewed,Low Interview Score
APL04001,APP04001,P004,7/24/2024,Applied,Incomplete Application
APL04002,APP04002,P007,7/12/2025,Applied,Did Not Meet Requirements
APL04003,APP04003,P003,6/9/2024,Applied,Did Not Meet Requirements
APL04004,APP04004,P006,7/9/2025,Qualified,No Response
APL04005,APP04005,P004,1/2/2025,Applied,Incomplete Application
APL04006,APP04006,P003,8/27/2024,Applied,Did Not Meet Requirements
APL04007,APP04007,P002,9/9/2025,Applied,Did Not Meet Requirements
APL04008,APP04008,P002,1/20/2025,Interviewed,Cohort Full
APL04009,APP04009,P002,9/8/2024,Qualified,Could Not Be Reached
APL04010,APP04010,P003,9/26/2025,Enrolled,
APL04011,APP04011,P006,4/14/2024,Applied,Gender Mismatch
APL04012,APP04012,P001,7/21/2025,Applied,Did Not Meet Requirements
APL04013,APP04013,P004,6/14/2025,Enrolled,
APL04014,APP04014,P002,8/3/2024,Applied,Incomplete Application
APL04015,APP04015,P004,8/7/2024,Applied,Gender Mismatch
APL04016,APP04016,P001,1/28/2024,Applied,Incomplete Application
APL04017,APP04017,P002,3/8/2025,Qualified,Interview Slots Full
APL04018,APP04018,P004,2/18/2025,Enrolled,
APL04019,APP04019,P004,1/19/2024,Interviewed,Cohort Full
APL04020,APP04020,P001,3/31/2024,Enrolled,
APL04021,APP04021,P007,4/17/2024,Qualified,No Response
APL04022,APP04022,P003,6/29/2025,Enrolled,
APL04023,APP04023,P001,8/16/2024,Enrolled,
APL04024,APP04024,P007,7/24/2025,Applied,Did Not Meet Requirements
APL04025,APP04025,P008,9/12/2024,Interviewed,Cohort Full
APL04026,APP04026,P007,8/24/2024,Interviewed,Cohort Full
APL04027,APP04027,P006,9/1/2024,Applied,Gender Mismatch
APL04028,APP04028,P004,7/24/2024,Enrolled,
APL04029,APP04029,P004,4/12/2025,Qualified,Interview Slots Full
APL04030,APP04030,P004,3/2/2025,Qualified,Interview Slots Full
APL04031,APP04031,P001,2/28/2024,Applied,Did Not Meet Requirements
APL04032,APP04032,P002,3/1/2024,Applied,Did Not Meet Requirements
APL04033,APP04033,P005,6/15/2025,Qualified,Could Not Be Reached
APL04034,APP04034,P004,4/4/2024,Interviewed,Low Interview Score
APL04035,APP04035,P002,9/2/2025,Qualified,No Response
APL04036,APP04036,P004,6/19/2024,Applied,Did Not Meet Requirements
APL04037,APP04037,P007,9/2/2024,Qualified,Could Not Be Reached
APL04038,APP04038,P004,7/10/2024,Applied,Incomplete Application
APL04039,APP04039,P003,7/11/2024,Qualified,Interview Slots Full
APL04040,APP04040,P002,2/5/2024,Interviewed,Cohort Full
APL04041,APP04041,P001,8/21/2024,Enrolled,
APL04042,APP04042,P002,2/24/2024,Qualified,No Response
APL04043,APP04043,P007,8/30/2024,Qualified,Interview Slots Full
APL04044,APP04044,P001,6/19/2024,Enrolled,
APL04045,APP04045,P004,2/13/2024,Qualified,Interview Slots Full
APL04046,APP04046,P007,2/14/2025,Qualified,No Response
APL04047,APP04047,P002,1/3/2025,Enrolled,
APL04048,APP04048,P001,8/26/2024,Applied,Incomplete Application
APL04049,APP04049,P008,9/2/2025,Interviewed,Declined Offer
APL04050,APP04050,P001,1/16/2025,Applied,Incomplete Application
APL04051,APP04051,P002,3/3/2025,Applied,Did Not Meet Requirements
APL04052,APP04052,P005,2/15/2025,Applied,Incomplete Application
APL04053,APP04053,P001,7/8/2025,Qualified,Interview Slots Full
APL04054,APP04054,P005,7/24/2025,Qualified,Could Not Be Reached
APL04055,APP04055,P003,2/1/2024,Enrolled,
APL04056,APP04056,P002,9/7/2025,Qualified,No Response
APL04057,APP04057,P005,3/11/2025,Interviewed,Low Interview Score
APL04058,APP04058,P002,9/4/2024,Applied,Gender Mismatch
APL04059,APP04059,P002,3/3/2024,Applied,Did Not Meet Requirements
APL04060,APP04060,P006,8/5/2024,Interviewed,Declined Offer
APL04061,APP04061,P007,3/25/2025,Enrolled,
APL04062,APP04062,P001,1/16/2024,Interviewed,Declined Offer
APL04063,APP04063,P004,9/22/2024,Enrolled,
APL04064,APP04064,P001,1/2/2024,Interviewed,Cohort Full
APL04065,APP04065,P004,3/13/2025,Qualified,Could Not Be Reached
APL04066,APP04066,P001,8/6/2025,Applied,Did Not Meet Requirements
APL04067,APP04067,P002,7/3/2025,Enrolled,
APL04068,APP04068,P006,9/24/2025,Qualified,Interview Slots Full
APL04069,APP04069,P004,4/8/2024,Interviewed,Declined Offer
APL04070,APP04070,P006,4/19/2025,Qualified,No Response
APL04071,APP04071,P002,4/28/2025,Applied,Gender Mismatch
APL04072,APP04072,P004,7/12/2024,Applied,Did Not Meet Requirements
APL04073,APP04073,P008,3/2/2024,Enrolled,
APL04074,APP04074,P001,4/19/2025,Applied,Incomplete Application
APL04075,APP04075,P002,4/24/2025,Enrolled,
APL04076,APP04076,P008,3/29/2024,Enrolled,
APL04077,APP04077,P006,7/22/2024,Qualified,Could Not Be Reached
APL04078,APP04078,P002,3/21/2025,Applied,Incomplete Application
APL04079,APP04079,P001,6/28/2024,Qualified,Could Not Be Reached
APL04080,APP04080,P001,4/8/2025,Applied,Did Not Meet Requirements
APL04081,APP04081,P001,8/31/2024,Enrolled,
APL04082,APP04082,P006,2/15/2025,Enrolled,
APL04083,APP04083,P003,7/16/2025,Applied,Incomplete Application
APL04084,APP04084,P007,2/7/2025,Qualified,Could Not Be Reached
APL04085,APP04085,P004,6/6/2025,Applied,Incomplete Application
APL04086,APP04086,P002,3/2/2024,Interviewed,Cohort Full
APL04087,APP04087,P003,8/14/2024,Enrolled,
APL04088,APP04088,P001,2/11/2024,Applied,Did Not Meet Requirements
APL04089,APP04089,P001,4/12/2025,Applied,Incomplete Application
APL04090,APP04090,P001,4/12/2024,Qualified,No Response
APL04091,APP04091,P008,3/26/2025,Applied,Gender Mismatch
APL04092,APP04092,P002,3/23/2024,Applied,Did Not Meet Requirements
APL04093,APP04093,P001,7/11/2024,Applied,Did Not Meet Requirements
APL04094,APP04094,P004,3/20/2025,Qualified,Could Not Be Reached
APL04095,APP04095,P004,1/6/2024,Qualified,Interview Slots Full
APL04096,APP04096,P003,9/1/2025,Qualified,Interview Slots Full
APL04097,APP04097,P008,4/28/2025,Enrolled,
APL04098,APP04098,P003,6/24/2024,Qualified,No Response
APL04099,APP04099,P007,4/4/2024,Enrolled,
APL04100,APP04100,P001,1/8/2025,Enrolled,
APL04101,APP04101,P008,8/6/2025,Enrolled,
APL04102,APP04102,P004,3/28/2025,Applied,Incomplete Application
APL04103,APP04103,P005,6/21/2025,Interviewed,Cohort Full
APL04104,APP04104,P005,8/16/2024,Applied,Did Not Meet Requirements
APL04105,APP04105,P005,7/15/2024,Applied,Did Not Meet Requirements
APL04106,APP04106,P005,7/16/2025,Interviewed,Declined Offer
APL04107,APP04107,P004,2/24/2025,Interviewed,Cohort Full
APL04108,APP04108,P002,4/19/2025,Applied,Did Not Meet Requirements
APL04109,APP04109,P004,9/6/2024,Qualified,Interview Slots Full
APL04110,APP04110,P004,2/22/2025,Applied,Did Not Meet Requirements
APL04111,APP04111,P006,2/16/2024,Applied,Did Not Meet Requirements
APL04112,APP04112,P005,4/10/2024,Qualified,Interview Slots Full
APL04113,APP04113,P001,1/15/2025,Qualified,No Response
APL04114,APP04114,P006,1/26/2025,Applied,Did Not Meet Requirements
APL04115,APP04115,P008,9/12/2024,Applied,Did Not Meet Requirements
APL04116,APP04116,P004,3/30/2024,Applied,Incomplete Application
APL04117,APP04117,P003,1/26/2024,Interviewed,Low Interview Score
APL04118,APP04118,P006,2/13/2024,Qualified,No Response
APL04119,APP04119,P006,6/5/2025,Qualified,No Response
APL04120,APP04120,P003,7/14/2024,Interviewed,Declined Offer
APL04121,APP04121,P002,4/6/2024,Qualified,Could Not Be Reached
APL04122,APP04122,P001,3/5/2025,Qualified,Interview Slots Full
APL04123,APP04123,P003,1/20/2025,Applied,Gender Mismatch
APL04124,APP04124,P001,3/28/2024,Interviewed,Declined Offer
APL04125,APP04125,P001,9/26/2024,Qualified,Could Not Be Reached
APL04126,APP04126,P003,2/11/2024,Interviewed,Cohort Full
APL04127,APP04127,P001,4/20/2025,Interviewed,Low Interview Score
APL04128,APP04128,P001,7/8/2024,Enrolled,
APL04129,APP04129,P008,6/23/2024,Qualified,Interview Slots Full
APL04130,APP04130,P002,3/4/2025,Applied,Gender Mismatch
APL04131,APP04131,P001,1/20/2024,Applied,Did Not Meet Requirements
APL04132,APP04132,P004,7/23/2025,Interviewed,Low Interview Score
APL04133,APP04133,P003,3/6/2025,Interviewed,Cohort Full
APL04134,APP04134,P003,4/14/2024,Applied,Did Not Meet Requirements
APL04135,APP04135,P005,9/10/2025,Enrolled,
APL04136,APP04136,P001,3/18/2024,Applied,Did Not Meet Requirements
APL04137,APP04137,P005,7/24/2024,Applied,Incomplete Application
APL04138,APP04138,P001,1/7/2025,Qualified,Interview Slots Full
APL04139,APP04139,P001,6/11/2024,Applied,Gender Mismatch
APL04140,APP04140,P001,6/14/2024,Applied,Gender Mismatch
APL04141,APP04141,P005,6/30/2024,Qualified,No Response
APL04142,APP04142,P001,3/6/2025,Qualified,Could Not Be Reached
APL04143,APP04143,P001,3/9/2025,Qualified,No Response
APL04144,APP04144,P001,7/2/2024,Qualified,Could Not Be Reached
APL04145,APP04145,P006,4/27/2025,Applied,Incomplete Application
APL04146,APP04146,P001,7/2/2025,Interviewed,Cohort Full
APL04147,APP04147,P008,8/28/2025,Interviewed,Cohort Full
APL04148,APP04148,P005,7/25/2024,Qualified,Interview Slots Full
APL04149,APP04149,P002,3/29/2024,Interviewed,Low Interview Score
APL04150,APP04150,P004,4/27/2025,Interviewed,Low Interview Score
APL04151,APP04151,P002,7/30/2024,Qualified,Could Not Be Reached
APL04152,APP04152,P001,9/26/2025,Applied,Did Not Meet Requirements
APL04153,APP04153,P005,6/13/2025,Qualified,No Response
APL04154,APP04154,P002,7/28/2024,Qualified,Interview Slots Full
APL04155,APP04155,P004,2/3/2024,Qualified,Could Not Be Reached
APL04156,APP04156,P004,2/8/2025,Enrolled,
APL04157,APP04157,P008,6/8/2024,Qualified,No Response
APL04158,APP04158,P001,1/31/2025,Interviewed,Low Interview Score
APL04159,APP04159,P005,3/19/2025,Qualified,Could Not Be Reached
APL04160,APP04160,P004,4/8/2024,Enrolled,
APL04161,APP04161,P008,7/24/2024,Applied,Did Not Meet Requirements
APL04162,APP04162,P003,6/2/2025,Applied,Incomplete Application
APL04163,APP04163,P004,8/27/2025,Enrolled,
APL04164,APP04164,P006,7/17/2025,Interviewed,Cohort Full
APL04165,APP04165,P005,2/24/2024,Interviewed,Declined Offer
APL04166,APP04166,P002,9/5/2024,Interviewed,Declined Offer
APL04167,APP04167,P001,8/5/2024,Applied,Incomplete Application
APL04168,APP04168,P003,7/13/2024,Enrolled,
APL04169,APP04169,P001,4/27/2024,Applied,Incomplete Application
APL04170,APP04170,P005,8/1/2025,Qualified,Could Not Be Reached
APL04171,APP04171,P004,9/11/2024,Qualified,Could Not Be Reached
APL04172,APP04172,P004,9/15/2024,Applied,Incomplete Application
APL04173,APP04173,P003,4/3/2024,Qualified,Could Not Be Reached
APL04174,APP04174,P003,7/18/2024,Applied,Incomplete Application
APL04175,APP04175,P008,1/18/2025,Applied,Did Not Meet Requirements
APL04176,APP04176,P005,8/27/2024,Qualified,Interview Slots Full
APL04177,APP04177,P008,9/4/2025,Qualified,Interview Slots Full
APL04178,APP04178,P002,2/3/2024,Applied,Incomplete Application
APL04179,APP04179,P001,8/2/2025,Applied,Incomplete Application
APL04180,APP04180,P004,1/17/2025,Applied,Gender Mismatch
APL04181,APP04181,P003,2/5/2024,Interviewed,Low Interview Score
APL04182,APP04182,P001,7/15/2024,Applied,Gender Mismatch
APL04183,APP04183,P002,6/23/2025,Applied,Gender Mismatch
APL04184,APP04184,P001,6/2/2024,Enrolled,
APL04185,APP04185,P001,2/10/2025,Applied,Did Not Meet Requirements
APL04186,APP04186,P007,1/25/2024,Enrolled,
APL04187,APP04187,P007,6/24/2024,Applied,Did Not Meet Requirements
APL04188,APP04188,P007,7/14/2025,Applied,Did Not Meet Requirements
APL04189,APP04189,P006,7/19/2025,Applied,Did Not Meet Requirements
APL04190,APP04190,P001,2/9/2025,Applied,Did Not Meet Requirements
APL04191,APP04191,P008,2/9/2024,Qualified,Could Not Be Reached
APL04192,APP04192,P004,4/9/2025,Qualified,No Response
APL04193,APP04193,P003,1/14/2025,Enrolled,
APL04194,APP04194,P001,7/25/2025,Qualified,No Response
APL04195,APP04195,P001,4/22/2024,Interviewed,Declined Offer
APL04196,APP04196,P002,7/9/2025,Applied,Gender Mismatch
APL04197,APP04197,P004,8/25/2025,Applied,Did Not Meet Requirements
APL04198,APP04198,P001,3/23/2025,Applied,Gender Mismatch
APL04199,APP04199,P001,4/22/2024,Applied,Incomplete Application
APL04200,APP04200,P001,9/19/2024,Applied,Did Not Meet Requirements
APL04201,APP04201,P007,8/19/2025,Qualified,No Response
APL04202,APP04202,P001,6/29/2024,Qualified,No Response
APL04203,APP04203,P004,8/16/2024,Enrolled,
APL04204,APP04204,P004,3/4/2025,Applied,Did Not Meet Requirements
APL04205,APP04205,P003,1/17/2024,Applied,Incomplete Application
APL04206,APP04206,P005,8/10/2024,Qualified,No Response
APL04207,APP04207,P001,9/8/2024,Qualified,Could Not Be Reached
APL04208,APP04208,P003,8/15/2025,Qualified,No Response
APL04209,APP04209,P004,8/10/2025,Applied,Did Not Meet Requirements
APL04210,APP04210,P004,3/31/2024,Interviewed,Declined Offer
APL04211,APP04211,P002,4/8/2025,Interviewed,Cohort Full
APL04212,APP04212,P001,7/4/2025,Qualified,Could Not Be Reached
APL04213,APP04213,P008,9/11/2024,Qualified,Could Not Be Reached
APL04214,APP04214,P003,4/18/2024,Interviewed,Low Interview Score
APL04215,APP04215,P003,3/23/2025,Applied,Gender Mismatch
APL04216,APP04216,P008,1/28/2024,Enrolled,
APL04217,APP04217,P002,7/3/2024,Qualified,Interview Slots Full
APL04218,APP04218,P002,4/11/2025,Enrolled,
APL04219,APP04219,P004,2/7/2024,Applied,Incomplete Application
APL04220,APP04220,P002,9/29/2025,Qualified,Could Not Be Reached
APL04221,APP04221,P003,4/16/2024,Applied,Did Not Meet Requirements
APL04222,APP04222,P008,3/29/2024,Applied,Incomplete Application
APL04223,APP04223,P003,2/29/2024,Qualified,No Response
APL04224,APP04224,P008,1/21/2024,Applied,Did Not Meet Requirements
APL04225,APP04225,P002,9/2/2025,Applied,Did Not Meet Requirements
APL04226,APP04226,P003,4/21/2025,Applied,Gender Mismatch
APL04227,APP04227,P001,7/10/2024,Qualified,No Response
APL04228,APP04228,P007,3/21/2025,Applied,Gender Mismatch
APL04229,APP04229,P004,3/25/2024,Qualified,Could Not Be Reached
APL04230,APP04230,P004,2/12/2025,Enrolled,
APL04231,APP04231,P005,7/13/2024,Qualified,No Response
APL04232,APP04232,P008,7/7/2025,Qualified,No Response
APL04233,APP04233,P008,8/26/2025,Enrolled,
APL04234,APP04234,P004,9/29/2024,Interviewed,Low Interview Score
APL04235,APP04235,P001,1/26/2025,Qualified,Could Not Be Reached
APL04236,APP04236,P004,7/18/2025,Qualified,Could Not Be Reached
APL04237,APP04237,P004,8/15/2025,Qualified,Could Not Be Reached
APL04238,APP04238,P004,3/28/2024,Interviewed,Cohort Full
APL04239,APP04239,P008,4/4/2024,Enrolled,
APL04240,APP04240,P008,8/31/2024,Applied,Incomplete Application
APL04241,APP04241,P003,2/6/2025,Qualified,Interview Slots Full
APL04242,APP04242,P006,8/1/2024,Applied,Did Not Meet Requirements
APL04243,APP04243,P001,4/1/2025,Qualified,Could Not Be Reached
APL04244,APP04244,P007,2/18/2024,Applied,Incomplete Application
APL04245,APP04245,P002,3/22/2024,Interviewed,Low Interview Score
APL04246,APP04246,P003,1/4/2025,Applied,Gender Mismatch
APL04247,APP04247,P004,8/12/2025,Interviewed,Cohort Full
APL04248,APP04248,P003,9/6/2024,Applied,Incomplete Application
APL04249,APP04249,P007,7/3/2024,Qualified,Interview Slots Full
APL04250,APP04250,P002,8/13/2025,Applied,Gender Mismatch
APL04251,APP04251,P002,3/25/2025,Qualified,Interview Slots Full
APL04252,APP04252,P004,4/17/2024,Applied,Incomplete Application
APL04253,APP04253,P004,8/25/2024,Qualified,Interview Slots Full
APL04254,APP04254,P008,1/20/2024,Applied,Incomplete Application
APL04255,APP04255,P005,4/27/2024,Applied,Gender Mismatch
APL04256,APP04256,P005,3/31/2025,Enrolled,
APL04257,APP04257,P001,6/1/2024,Applied,Incomplete Application
APL04258,APP04258,P003,8/6/2025,Qualified,Interview Slots Full
APL04259,APP04259,P004,8/3/2025,Qualified,Could Not Be Reached
APL04260,APP04260,P005,1/3/2024,Applied,Did Not Meet Requirements
APL04261,APP04261,P007,9/5/2025,Applied,Gender Mismatch
APL04262,APP04262,P003,9/1/2024,Applied,Gender Mismatch
APL04263,APP04263,P004,7/27/2024,Applied,Incomplete Application
APL04264,APP04264,P004,2/15/2025,Applied,Did Not Meet Requirements
APL04265,APP04265,P008,9/28/2024,Applied,Gender Mismatch
APL04266,APP04266,P001,1/9/2025,Applied,Did Not Meet Requirements
APL04267,APP04267,P002,9/7/2025,Qualified,Could Not Be Reached
APL04268,APP04268,P003,4/6/2025,Applied,Incomplete Application
APL04269,APP04269,P007,3/20/2025,Interviewed,Low Interview Score
APL04270,APP04270,P002,6/19/2024,Applied,Did Not Meet Requirements
APL04271,APP04271,P008,3/13/2025,Qualified,Could Not Be Reached
APL04272,APP04272,P003,2/29/2024,Enrolled,
APL04273,APP04273,P003,1/12/2024,Applied,Did Not Meet Requirements
APL04274,APP04274,P002,7/19/2025,Interviewed,Cohort Full
APL04275,APP04275,P002,1/24/2024,Qualified,No Response
APL04276,APP04276,P004,6/13/2025,Applied,Incomplete Application
APL04277,APP04277,P001,6/25/2024,Qualified,No Response
APL04278,APP04278,P001,1/10/2024,Interviewed,Cohort Full
APL04279,APP04279,P001,7/31/2025,Qualified,Could Not Be Reached
APL04280,APP04280,P001,6/15/2024,Qualified,No Response
APL04281,APP04281,P005,4/1/2025,Enrolled,
APL04282,APP04282,P001,4/6/2025,Qualified,Could Not Be Reached
APL04283,APP04283,P008,8/31/2024,Applied,Did Not Meet Requirements
APL04284,APP04284,P008,1/22/2025,Applied,Incomplete Application
APL04285,APP04285,P003,2/29/2024,Qualified,No Response
APL04286,APP04286,P004,2/7/2025,Enrolled,
APL04287,APP04287,P004,8/8/2024,Applied,Incomplete Application
APL04288,APP04288,P004,8/3/2025,Interviewed,Cohort Full
APL04289,APP04289,P001,3/14/2025,Applied,Incomplete Application
APL04290,APP04290,P004,6/19/2024,Qualified,No Response
APL04291,APP04291,P001,8/5/2025,Applied,Did Not Meet Requirements
APL04292,APP04292,P002,9/24/2025,Interviewed,Low Interview Score
APL04293,APP04293,P005,8/29/2024,Interviewed,Declined Offer
APL04294,APP04294,P004,9/6/2024,Interviewed,Declined Offer
APL04295,APP04295,P006,8/12/2024,Applied,Did Not Meet Requirements
APL04296,APP04296,P001,8/12/2024,Applied,Gender Mismatch
APL04297,APP04297,P005,7/28/2025,Applied,Gender Mismatch
APL04298,APP04298,P008,6/14/2025,Applied,Did Not Meet Requirements
APL04299,APP04299,P004,6/22/2025,Applied,Gender Mismatch
APL04300,APP04300,P002,2/25/2025,Applied,Incomplete Application
APL04301,APP04301,P001,4/22/2024,Applied,Did Not Meet Requirements
APL04302,APP04302,P004,8/31/2025,Qualified,Could Not Be Reached
APL04303,APP04303,P003,7/19/2025,Applied,Gender Mismatch
APL04304,APP04304,P006,6/19/2024,Applied,Did Not Meet Requirements
APL04305,APP04305,P002,9/7/2024,Qualified,Could Not Be Reached
APL04306,APP04306,P001,3/19/2025,Qualified,Interview Slots Full
APL04307,APP04307,P008,8/17/2024,Applied,Gender Mismatch
APL04308,APP04308,P004,2/6/2025,Applied,Incomplete Application
APL04309,APP04309,P004,3/25/2024,Qualified,Could Not Be Reached
APL04310,APP04310,P001,1/17/2025,Enrolled,
APL04311,APP04311,P002,2/20/2025,Interviewed,Low Interview Score
APL04312,APP04312,P002,7/16/2024,Interviewed,Declined Offer
APL04313,APP04313,P001,7/13/2025,Interviewed,Declined Offer
APL04314,APP04314,P006,1/25/2025,Interviewed,Low Interview Score
APL04315,APP04315,P004,4/19/2025,Applied,Did Not Meet Requirements
APL04316,APP04316,P007,7/24/2024,Applied,Did Not Meet Requirements
APL04317,APP04317,P004,8/8/2024,Interviewed,Cohort Full
APL04318,APP04318,P002,7/12/2025,Applied,Gender Mismatch
APL04319,APP04319,P002,7/26/2025,Qualified,Could Not Be Reached
APL04320,APP04320,P008,6/23/2025,Applied,Gender Mismatch
APL04321,APP04321,P004,7/24/2024,Interviewed,Declined Offer
APL04322,APP04322,P008,7/27/2024,Applied,Did Not Meet Requirements
APL04323,APP04323,P004,6/8/2025,Qualified,Could Not Be Reached
APL04324,APP04324,P002,9/26/2024,Qualified,Could Not Be Reached
APL04325,APP04325,P002,9/25/2025,Enrolled,
APL04326,APP04326,P005,2/11/2025,Applied,Did Not Meet Requirements
APL04327,APP04327,P001,4/13/2025,Applied,Did Not Meet Requirements
APL04328,APP04328,P002,3/16/2025,Enrolled,
APL04329,APP04329,P005,6/7/2024,Applied,Gender Mismatch
APL04330,APP04330,P004,3/7/2024,Qualified,Could Not Be Reached
APL04331,APP04331,P002,3/8/2025,Qualified,No Response
APL04332,APP04332,P005,6/15/2025,Applied,Did Not Meet Requirements
APL04333,APP04333,P005,1/20/2025,Applied,Gender Mismatch
APL04334,APP04334,P006,2/4/2025,Qualified,Interview Slots Full
APL04335,APP04335,P001,8/26/2025,Qualified,Could Not Be Reached
APL04336,APP04336,P005,7/16/2025,Enrolled,
APL04337,APP04337,P003,1/19/2024,Qualified,Interview Slots Full
APL04338,APP04338,P007,4/26/2024,Qualified,No Response
APL04339,APP04339,P004,3/23/2025,Interviewed,Cohort Full
APL04340,APP04340,P006,4/20/2025,Enrolled,
APL04341,APP04341,P004,3/15/2024,Enrolled,
APL04342,APP04342,P003,6/20/2024,Qualified,Could Not Be Reached
APL04343,APP04343,P004,2/8/2024,Applied,Incomplete Application
APL04344,APP04344,P004,9/14/2024,Interviewed,Declined Offer
APL04345,APP04345,P003,9/25/2025,Qualified,Interview Slots Full
APL04346,APP04346,P008,8/9/2025,Applied,Incomplete Application
APL04347,APP04347,P007,6/26/2025,Applied,Gender Mismatch
APL04348,APP04348,P008,6/26/2025,Enrolled,
APL04349,APP04349,P004,1/19/2025,Applied,Did Not Meet Requirements
APL04350,APP04350,P002,2/26/2024,Enrolled,
APL04351,APP04351,P002,7/20/2025,Applied,Gender Mismatch
APL04352,APP04352,P007,3/21/2024,Applied,Did Not Meet Requirements
APL04353,APP04353,P004,6/9/2024,Qualified,No Response
APL04354,APP04354,P002,4/21/2025,Interviewed,Declined Offer
APL04355,APP04355,P004,7/27/2025,Applied,Did Not Meet Requirements
APL04356,APP04356,P006,9/16/2025,Qualified,Interview Slots Full
APL04357,APP04357,P003,3/15/2024,Applied,Gender Mismatch
APL04358,APP04358,P003,9/12/2024,Interviewed,Declined Offer
APL04359,APP04359,P002,1/8/2024,Qualified,Could Not Be Reached
APL04360,APP04360,P004,1/9/2024,Qualified,No Response
APL04361,APP04361,P003,2/18/2024,Applied,Did Not Meet Requirements
APL04362,APP04362,P006,8/3/2025,Interviewed,Low Interview Score
APL04363,APP04363,P005,6/7/2024,Enrolled,
APL04364,APP04364,P004,6/2/2025,Enrolled,
APL04365,APP04365,P004,3/26/2025,Qualified,No Response
APL04366,APP04366,P001,2/22/2024,Interviewed,Cohort Full
APL04367,APP04367,P008,3/21/2024,Applied,Did Not Meet Requirements
APL04368,APP04368,P005,3/7/2024,Qualified,Could Not Be Reached
APL04369,APP04369,P002,7/25/2025,Applied,Incomplete Application
APL04370,APP04370,P002,4/28/2024,Applied,Did Not Meet Requirements
APL04371,APP04371,P003,6/20/2024,Applied,Did Not Meet Requirements
APL04372,APP04372,P006,6/12/2024,Applied,Incomplete Application
APL04373,APP04373,P001,6/30/2024,Qualified,No Response
APL04374,APP04374,P002,6/7/2024,Interviewed,Declined Offer
APL04375,APP04375,P007,2/27/2025,Interviewed,Cohort Full
APL04376,APP04376,P005,8/26/2024,Applied,Gender Mismatch
APL04377,APP04377,P006,4/7/2025,Qualified,No Response
APL04378,APP04378,P002,6/27/2024,Applied,Incomplete Application
APL04379,APP04379,P003,1/26/2025,Applied,Gender Mismatch
APL04380,APP04380,P005,8/17/2024,Applied,Did Not Meet Requirements
APL04381,APP04381,P004,4/17/2024,Qualified,No Response
APL04382,APP04382,P004,7/3/2024,Interviewed,Cohort Full
APL04383,APP04383,P004,8/31/2024,Applied,Incomplete Application
APL04384,APP04384,P002,1/21/2025,Enrolled,
APL04385,APP04385,P008,4/7/2025,Applied,Incomplete Application
APL04386,APP04386,P004,8/14/2025,Applied,Incomplete Application
APL04387,APP04387,P003,3/31/2025,Qualified,No Response
APL04388,APP04388,P001,8/12/2025,Applied,Incomplete Application
APL04389,APP04389,P004,8/1/2025,Qualified,Interview Slots Full
APL04390,APP04390,P004,8/31/2025,Interviewed,Low Interview Score
APL04391,APP04391,P006,4/1/2024,Qualified,Could Not Be Reached
APL04392,APP04392,P004,4/5/2024,Interviewed,Low Interview Score
APL04393,APP04393,P008,8/14/2024,Applied,Did Not Meet Requirements
APL04394,APP04394,P003,7/8/2024,Qualified,No Response
APL04395,APP04395,P001,4/9/2025,Qualified,No Response
APL04396,APP04396,P002,4/16/2024,Qualified,Interview Slots Full
APL04397,APP04397,P005,3/24/2024,Enrolled,
APL04398,APP04398,P005,4/24/2025,Qualified,Could Not Be Reached
APL04399,APP04399,P001,1/29/2025,Applied,Gender Mismatch
APL04400,APP04400,P003,4/7/2025,Applied,Incomplete Application
APL04401,APP04401,P001,7/17/2024,Applied,Did Not Meet Requirements
APL04402,APP04402,P004,9/3/2025,Qualified,Could Not Be Reached
APL04403,APP04403,P003,3/20/2025,Applied,Did Not Meet Requirements
APL04404,APP04404,P003,1/17/2024,Interviewed,Declined Offer
APL04405,APP04405,P007,4/17/2025,Qualified,Could Not Be Reached
APL04406,APP04406,P004,9/20/2024,Applied,Gender Mismatch
APL04407,APP04407,P002,3/14/2025,Enrolled,
APL04408,APP04408,P004,9/27/2025,Qualified,No Response
APL04409,APP04409,P001,8/10/2025,Interviewed,Cohort Full
APL04410,APP04410,P003,4/6/2024,Enrolled,
APL04411,APP04411,P004,1/12/2024,Applied,Gender Mismatch
APL04412,APP04412,P004,8/8/2025,Qualified,No Response
APL04413,APP04413,P001,6/6/2025,Interviewed,Cohort Full
APL04414,APP04414,P002,2/28/2025,Applied,Did Not Meet Requirements
APL04415,APP04415,P004,4/24/2025,Qualified,No Response
APL04416,APP04416,P004,1/9/2024,Qualified,Interview Slots Full
APL04417,APP04417,P003,1/15/2025,Qualified,No Response
APL04418,APP04418,P003,4/17/2025,Interviewed,Cohort Full
APL04419,APP04419,P005,1/31/2024,Qualified,Could Not Be Reached
APL04420,APP04420,P005,3/12/2025,Applied,Did Not Meet Requirements
APL04421,APP04421,P008,1/29/2025,Qualified,No Response
APL04422,APP04422,P006,3/3/2025,Qualified,Interview Slots Full
APL04423,APP04423,P001,4/23/2024,Interviewed,Declined Offer
APL04424,APP04424,P002,6/23/2025,Applied,Gender Mismatch
APL04425,APP04425,P007,1/26/2025,Applied,Gender Mismatch
APL04426,APP04426,P004,2/29/2024,Qualified,Could Not Be Reached
APL04427,APP04427,P004,7/5/2024,Enrolled,
APL04428,APP04428,P003,6/17/2024,Qualified,Interview Slots Full
APL04429,APP04429,P005,7/27/2025,Applied,Incomplete Application
APL04430,APP04430,P005,1/22/2024,Interviewed,Cohort Full
APL04431,APP04431,P001,9/1/2025,Enrolled,
APL04432,APP04432,P004,2/24/2025,Enrolled,
APL04433,APP04433,P004,6/25/2025,Enrolled,
APL04434,APP04434,P005,3/24/2024,Applied,Gender Mismatch
APL04435,APP04435,P005,7/17/2025,Interviewed,Declined Offer
APL04436,APP04436,P008,2/24/2025,Interviewed,Low Interview Score
APL04437,APP04437,P008,8/17/2025,Qualified,Interview Slots Full
APL04438,APP04438,P006,3/17/2024,Qualified,Could Not Be Reached
APL04439,APP04439,P005,2/11/2025,Qualified,Interview Slots Full
APL04440,APP04440,P001,4/24/2025,Interviewed,Declined Offer
APL04441,APP04441,P001,7/6/2025,Enrolled,
APL04442,APP04442,P001,9/12/2025,Qualified,Interview Slots Full
APL04443,APP04443,P004,9/24/2025,Applied,Gender Mismatch
APL04444,APP04444,P001,7/12/2025,Qualified,Could Not Be Reached
APL04445,APP04445,P001,2/11/2025,Enrolled,
APL04446,APP04446,P005,1/14/2025,Qualified,Interview Slots Full
APL04447,APP04447,P004,6/9/2025,Applied,Gender Mismatch
APL04448,APP04448,P008,2/17/2024,Enrolled,
APL04449,APP04449,P001,6/25/2025,Applied,Incomplete Application
APL04450,APP04450,P004,8/18/2024,Qualified,No Response
APL04451,APP04451,P001,7/25/2025,Applied,Incomplete Application
APL04452,APP04452,P002,7/2/2024,Enrolled,
APL04453,APP04453,P003,9/28/2024,Applied,Did Not Meet Requirements
APL04454,APP04454,P004,1/26/2025,Qualified,Could Not Be Reached
APL04455,APP04455,P004,7/26/2025,Qualified,Interview Slots Full
APL04456,APP04456,P001,8/27/2025,Qualified,Could Not Be Reached
APL04457,APP04457,P004,9/30/2025,Applied,Gender Mismatch
APL04458,APP04458,P002,1/17/2024,Interviewed,Cohort Full
APL04459,APP04459,P005,7/26/2025,Applied,Incomplete Application
APL04460,APP04460,P006,7/29/2024,Applied,Did Not Meet Requirements
APL04461,APP04461,P006,6/28/2024,Applied,Incomplete Application
APL04462,APP04462,P005,1/19/2025,Enrolled,
APL04463,APP04463,P001,4/6/2024,Applied,Did Not Meet Requirements
APL04464,APP04464,P002,7/30/2025,Applied,Did Not Meet Requirements
APL04465,APP04465,P005,2/29/2024,Enrolled,
APL04466,APP04466,P001,4/16/2024,Enrolled,
APL04467,APP04467,P005,8/28/2025,Applied,Did Not Meet Requirements
APL04468,APP04468,P005,1/15/2024,Interviewed,Low Interview Score
APL04469,APP04469,P002,3/24/2025,Applied,Incomplete Application
APL04470,APP04470,P002,6/26/2025,Interviewed,Cohort Full
APL04471,APP04471,P001,8/8/2024,Enrolled,
APL04472,APP04472,P001,1/3/2025,Qualified,Could Not Be Reached
APL04473,APP04473,P003,9/22/2024,Applied,Did Not Meet Requirements
APL04474,APP04474,P005,1/2/2024,Qualified,No Response
APL04475,APP04475,P004,4/23/2024,Enrolled,
APL04476,APP04476,P007,1/6/2024,Qualified,Interview Slots Full
APL04477,APP04477,P001,3/8/2025,Enrolled,
APL04478,APP04478,P008,8/7/2025,Qualified,Interview Slots Full
APL04479,APP04479,P002,2/21/2025,Applied,Did Not Meet Requirements
APL04480,APP04480,P007,8/9/2025,Qualified,Interview Slots Full
APL04481,APP04481,P006,4/19/2025,Interviewed,Declined Offer
APL04482,APP04482,P001,2/8/2025,Applied,Gender Mismatch
APL04483,APP04483,P008,7/2/2025,Qualified,Could Not Be Reached
APL04484,APP04484,P003,9/6/2025,Interviewed,Cohort Full
APL04485,APP04485,P004,1/7/2025,Applied,Did Not Meet Requirements
APL04486,APP04486,P003,7/18/2025,Enrolled,
APL04487,APP04487,P008,8/14/2024,Qualified,Interview Slots Full
APL04488,APP04488,P004,4/3/2025,Applied,Incomplete Application
APL04489,APP04489,P001,4/9/2025,Qualified,Interview Slots Full
APL04490,APP04490,P004,8/31/2024,Qualified,Could Not Be Reached
APL04491,APP04491,P002,1/31/2024,Applied,Incomplete Application
APL04492,APP04492,P008,2/2/2024,Applied,Did Not Meet Requirements
APL04493,APP04493,P006,1/28/2024,Interviewed,Low Interview Score
APL04494,APP04494,P008,3/22/2025,Enrolled,
APL04495,APP04495,P008,1/14/2024,Interviewed,Declined Offer
APL04496,APP04496,P007,9/26/2024,Applied,Incomplete Application
APL04497,APP04497,P006,1/5/2024,Enrolled,
APL04498,APP04498,P004,8/1/2024,Applied,Did Not Meet Requirements
APL04499,APP04499,P004,4/27/2024,Interviewed,Cohort Full
APL04500,APP04500,P003,4/10/2024,Applied,Gender Mismatch
APL04501,APP04501,P004,1/7/2025,Interviewed,Declined Offer
APL04502,APP04502,P001,6/30/2025,Qualified,Could Not Be Reached
APL04503,APP04503,P003,2/6/2024,Interviewed,Declined Offer
APL04504,APP04504,P005,1/16/2025,Qualified,Could Not Be Reached
APL04505,APP04505,P001,2/4/2025,Qualified,Could Not Be Reached
APL04506,APP04506,P008,8/5/2025,Enrolled,
APL04507,APP04507,P002,7/15/2024,Enrolled,
APL04508,APP04508,P003,3/13/2024,Qualified,Could Not Be Reached
APL04509,APP04509,P005,9/19/2024,Enrolled,
APL04510,APP04510,P004,9/6/2025,Applied,Did Not Meet Requirements
APL04511,APP04511,P005,7/28/2024,Applied,Gender Mismatch
APL04512,APP04512,P001,1/26/2024,Qualified,Could Not Be Reached
APL04513,APP04513,P003,4/6/2025,Applied,Gender Mismatch
APL04514,APP04514,P005,3/16/2025,Interviewed,Low Interview Score
APL04515,APP04515,P001,9/12/2024,Applied,Did Not Meet Requirements
APL04516,APP04516,P006,1/8/2025,Applied,Incomplete Application
APL04517,APP04517,P001,3/12/2025,Applied,Incomplete Application
APL04518,APP04518,P007,9/27/2025,Applied,Gender Mismatch
APL04519,APP04519,P004,1/31/2025,Enrolled,
APL04520,APP04520,P005,3/27/2024,Applied,Gender Mismatch
APL04521,APP04521,P002,9/12/2025,Qualified,No Response
APL04522,APP04522,P006,1/29/2024,Applied,Did Not Meet Requirements
APL04523,APP04523,P001,2/15/2025,Applied,Incomplete Application
APL04524,APP04524,P004,7/20/2024,Qualified,Interview Slots Full
APL04525,APP04525,P001,6/1/2025,Qualified,No Response
APL04526,APP04526,P002,7/27/2024,Applied,Incomplete Application
APL04527,APP04527,P002,9/1/2024,Qualified,No Response
APL04528,APP04528,P004,9/22/2025,Applied,Did Not Meet Requirements
APL04529,APP04529,P005,1/22/2024,Interviewed,Cohort Full
APL04530,APP04530,P002,3/27/2025,Qualified,Could Not Be Reached
APL04531,APP04531,P001,2/24/2024,Applied,Did Not Meet Requirements
APL04532,APP04532,P002,1/26/2024,Qualified,No Response
APL04533,APP04533,P005,7/28/2024,Applied,Gender Mismatch
APL04534,APP04534,P006,8/9/2025,Applied,Gender Mismatch
APL04535,APP04535,P001,8/15/2024,Applied,Incomplete Application
APL04536,APP04536,P002,4/16/2025,Qualified,Could Not Be Reached
APL04537,APP04537,P004,4/11/2025,Applied,Did Not Meet Requirements
APL04538,APP04538,P004,7/26/2025,Enrolled,
APL04539,APP04539,P004,3/23/2024,Enrolled,
APL04540,APP04540,P007,8/29/2025,Applied,Incomplete Application
APL04541,APP04541,P005,9/13/2025,Applied,Gender Mismatch
APL04542,APP04542,P006,4/9/2025,Applied,Gender Mismatch
APL04543,APP04543,P001,7/30/2024,Applied,Incomplete Application
APL04544,APP04544,P004,8/13/2025,Interviewed,Low Interview Score
APL04545,APP04545,P007,9/30/2024,Interviewed,Cohort Full
APL04546,APP04546,P001,9/6/2024,Qualified,Could Not Be Reached
APL04547,APP04547,P004,4/7/2025,Interviewed,Cohort Full
APL04548,APP04548,P006,4/21/2024,Interviewed,Cohort Full
APL04549,APP04549,P008,2/14/2024,Qualified,Interview Slots Full
APL04550,APP04550,P001,3/22/2025,Applied,Incomplete Application
APL04551,APP04551,P004,7/15/2024,Enrolled,
APL04552,APP04552,P002,8/19/2024,Interviewed,Cohort Full
APL04553,APP04553,P004,2/25/2024,Qualified,Could Not Be Reached
APL04554,APP04554,P004,8/15/2025,Applied,Gender Mismatch
APL04555,APP04555,P004,3/12/2025,Applied,Gender Mismatch
APL04556,APP04556,P003,3/2/2025,Qualified,No Response
APL04557,APP04557,P001,6/6/2025,Applied,Gender Mismatch
APL04558,APP04558,P004,1/15/2024,Applied,Incomplete Application
APL04559,APP04559,P004,6/15/2025,Applied,Gender Mismatch
APL04560,APP04560,P002,8/13/2025,Applied,Gender Mismatch
APL04561,APP04561,P004,4/12/2025,Applied,Incomplete Application
APL04562,APP04562,P001,6/26/2025,Applied,Gender Mismatch
APL04563,APP04563,P006,9/8/2024,Enrolled,
APL04564,APP04564,P003,3/29/2025,Applied,Incomplete Application
APL04565,APP04565,P008,3/1/2025,Applied,Incomplete Application
APL04566,APP04566,P003,3/12/2025,Qualified,Could Not Be Reached
APL04567,APP04567,P004,7/24/2024,Qualified,No Response
APL04568,APP04568,P008,7/31/2025,Enrolled,
APL04569,APP04569,P003,6/1/2025,Enrolled,
APL04570,APP04570,P005,3/5/2024,Enrolled,
APL04571,APP04571,P005,9/1/2025,Applied,Gender Mismatch
APL04572,APP04572,P004,7/22/2025,Qualified,Could Not Be Reached
APL04573,APP04573,P004,2/26/2025,Applied,Gender Mismatch
APL04574,APP04574,P007,6/14/2024,Applied,Gender Mismatch
APL04575,APP04575,P008,3/24/2024,Enrolled,
APL04576,APP04576,P004,3/1/2024,Enrolled,
APL04577,APP04577,P006,6/11/2025,Applied,Incomplete Application
APL04578,APP04578,P002,4/12/2025,Applied,Incomplete Application
APL04579,APP04579,P004,9/29/2025,Qualified,No Response
APL04580,APP04580,P006,3/7/2025,Applied,Did Not Meet Requirements
APL04581,APP04581,P008,4/7/2025,Enrolled,
APL04582,APP04582,P001,9/5/2024,Applied,Did Not Meet Requirements
APL04583,APP04583,P004,2/18/2024,Applied,Did Not Meet Requirements
APL04584,APP04584,P001,9/19/2025,Applied,Incomplete Application
APL04585,APP04585,P001,1/14/2025,Applied,Incomplete Application
APL04586,APP04586,P004,2/5/2024,Enrolled,
APL04587,APP04587,P004,7/22/2024,Applied,Incomplete Application
APL04588,APP04588,P004,9/2/2025,Applied,Gender Mismatch
APL04589,APP04589,P005,1/17/2025,Interviewed,Declined Offer
APL04590,APP04590,P001,1/8/2024,Applied,Did Not Meet Requirements
APL04591,APP04591,P002,6/12/2024,Applied,Incomplete Application
APL04592,APP04592,P008,4/30/2025,Qualified,No Response
APL04593,APP04593,P005,9/27/2025,Qualified,No Response
APL04594,APP04594,P002,2/4/2024,Interviewed,Declined Offer
APL04595,APP04595,P001,7/31/2024,Qualified,Could Not Be Reached
APL04596,APP04596,P007,1/26/2024,Interviewed,Cohort Full
APL04597,APP04597,P004,2/6/2024,Applied,Did Not Meet Requirements
APL04598,APP04598,P003,9/25/2024,Applied,Did Not Meet Requirements
APL04599,APP04599,P008,8/3/2025,Applied,Did Not Meet Requirements
APL04600,APP04600,P005,7/2/2025,Qualified,Could Not Be Reached
APL04601,APP04601,P001,6/24/2024,Qualified,No Response
APL04602,APP04602,P004,7/11/2025,Interviewed,Cohort Full
APL04603,APP04603,P005,1/30/2025,Applied,Gender Mismatch
APL04604,APP04604,P004,1/18/2024,Enrolled,
APL04605,APP04605,P003,2/14/2024,Interviewed,Declined Offer
APL04606,APP04606,P002,3/9/2024,Applied,Did Not Meet Requirements
APL04607,APP04607,P008,7/4/2024,Applied,Did Not Meet Requirements
APL04608,APP04608,P004,6/7/2025,Applied,Did Not Meet Requirements
APL04609,APP04609,P001,9/2/2025,Qualified,Could Not Be Reached
APL04610,APP04610,P002,7/5/2024,Qualified,Interview Slots Full
APL04611,APP04611,P005,9/10/2025,Enrolled,
APL04612,APP04612,P001,9/8/2024,Interviewed,Cohort Full
APL04613,APP04613,P003,6/3/2025,Interviewed,Low Interview Score
APL04614,APP04614,P004,7/22/2025,Enrolled,
APL04615,APP04615,P003,1/14/2024,Applied,Did Not Meet Requirements
APL04616,APP04616,P007,6/28/2025,Qualified,No Response
APL04617,APP04617,P007,6/18/2024,Applied,Did Not Meet Requirements
APL04618,APP04618,P007,6/30/2024,Applied,Did Not Meet Requirements
APL04619,APP04619,P002,8/16/2024,Applied,Incomplete Application
APL04620,APP04620,P007,1/1/2025,Applied,Incomplete Application
APL04621,APP04621,P001,2/27/2025,Applied,Incomplete Application
APL04622,APP04622,P004,4/18/2024,Applied,Gender Mismatch
APL04623,APP04623,P004,4/20/2025,Applied,Did Not Meet Requirements
APL04624,APP04624,P004,4/16/2025,Qualified,No Response
APL04625,APP04625,P001,7/21/2024,Applied,Incomplete Application
APL04626,APP04626,P001,4/8/2025,Applied,Gender Mismatch
APL04627,APP04627,P004,3/7/2024,Qualified,No Response
APL04628,APP04628,P004,2/21/2025,Qualified,Interview Slots Full
APL04629,APP04629,P008,8/18/2025,Applied,Gender Mismatch
APL04630,APP04630,P002,8/17/2024,Applied,Incomplete Application
APL04631,APP04631,P005,6/28/2025,Enrolled,
APL04632,APP04632,P004,2/8/2024,Applied,Did Not Meet Requirements
APL04633,APP04633,P008,2/20/2024,Applied,Gender Mismatch
APL04634,APP04634,P004,7/12/2025,Applied,Incomplete Application
APL04635,APP04635,P001,6/28/2025,Applied,Did Not Meet Requirements
APL04636,APP04636,P001,3/14/2024,Qualified,Interview Slots Full
APL04637,APP04637,P001,6/29/2024,Enrolled,
APL04638,APP04638,P004,8/22/2024,Applied,Did Not Meet Requirements
APL04639,APP04639,P002,2/21/2024,Applied,Did Not Meet Requirements
APL04640,APP04640,P003,1/1/2024,Interviewed,Low Interview Score
APL04641,APP04641,P002,1/30/2025,Qualified,Interview Slots Full
APL04642,APP04642,P004,9/4/2024,Applied,Did Not Meet Requirements
APL04643,APP04643,P002,8/8/2024,Applied,Did Not Meet Requirements
APL04644,APP04644,P003,8/9/2025,Qualified,Could Not Be Reached
APL04645,APP04645,P003,1/14/2024,Qualified,Interview Slots Full
APL04646,APP04646,P002,8/15/2024,Qualified,Interview Slots Full
APL04647,APP04647,P003,6/5/2025,Enrolled,
APL04648,APP04648,P004,7/8/2024,Qualified,No Response
APL04649,APP04649,P008,7/20/2025,Applied,Incomplete Application
APL04650,APP04650,P003,6/7/2024,Enrolled,
APL04651,APP04651,P001,4/26/2024,Interviewed,Cohort Full
APL04652,APP04652,P004,1/16/2025,Interviewed,Low Interview Score
APL04653,APP04653,P007,6/6/2025,Applied,Incomplete Application
APL04654,APP04654,P002,9/10/2025,Applied,Gender Mismatch
APL04655,APP04655,P007,4/7/2025,Qualified,Could Not Be Reached
APL04656,APP04656,P004,7/4/2025,Interviewed,Declined Offer
APL04657,APP04657,P004,4/27/2025,Applied,Did Not Meet Requirements
APL04658,APP04658,P005,7/25/2025,Applied,Incomplete Application
APL04659,APP04659,P005,6/10/2025,Applied,Did Not Meet Requirements
APL04660,APP04660,P006,7/13/2024,Interviewed,Cohort Full
APL04661,APP04661,P001,4/1/2024,Qualified,Could Not Be Reached
APL04662,APP04662,P003,9/12/2025,Applied,Did Not Meet Requirements
APL04663,APP04663,P001,1/5/2024,Interviewed,Cohort Full
APL04664,APP04664,P001,1/20/2024,Qualified,Interview Slots Full
APL04665,APP04665,P004,4/23/2025,Enrolled,
APL04666,APP04666,P006,8/22/2024,Qualified,Interview Slots Full
APL04667,APP04667,P001,7/3/2024,Qualified,Interview Slots Full
APL04668,APP04668,P008,2/29/2024,Interviewed,Declined Offer
APL04669,APP04669,P004,3/10/2025,Applied,Gender Mismatch
APL04670,APP04670,P003,7/18/2024,Applied,Gender Mismatch
APL04671,APP04671,P005,9/28/2024,Qualified,Could Not Be Reached
APL04672,APP04672,P003,6/25/2025,Applied,Incomplete Application
APL04673,APP04673,P004,6/25/2025,Interviewed,Low Interview Score
APL04674,APP04674,P004,1/24/2025,Applied,Incomplete Application
APL04675,APP04675,P004,1/23/2024,Qualified,Interview Slots Full
APL04676,APP04676,P003,8/29/2024,Applied,Did Not Meet Requirements
APL04677,APP04677,P003,6/2/2024,Interviewed,Declined Offer
APL04678,APP04678,P002,6/2/2025,Applied,Incomplete Application
APL04679,APP04679,P001,6/29/2025,Enrolled,
APL04680,APP04680,P002,8/11/2025,Interviewed,Low Interview Score
APL04681,APP04681,P002,4/24/2024,Qualified,Could Not Be Reached
APL04682,APP04682,P003,8/26/2025,Qualified,Interview Slots Full
APL04683,APP04683,P006,8/11/2025,Enrolled,
APL04684,APP04684,P002,9/28/2025,Applied,Did Not Meet Requirements
APL04685,APP04685,P002,2/19/2024,Qualified,Could Not Be Reached
APL04686,APP04686,P001,6/12/2024,Qualified,No Response
APL04687,APP04687,P002,9/26/2024,Applied,Did Not Meet Requirements
APL04688,APP04688,P007,4/1/2025,Applied,Did Not Meet Requirements
APL04689,APP04689,P008,2/7/2025,Qualified,No Response
APL04690,APP04690,P004,6/1/2024,Applied,Gender Mismatch
APL04691,APP04691,P001,8/4/2025,Enrolled,
APL04692,APP04692,P003,9/12/2025,Applied,Incomplete Application
APL04693,APP04693,P008,3/15/2024,Applied,Incomplete Application
APL04694,APP04694,P002,6/23/2024,Interviewed,Declined Offer
APL04695,APP04695,P007,7/5/2025,Applied,Incomplete Application
APL04696,APP04696,P002,4/22/2024,Qualified,Interview Slots Full
APL04697,APP04697,P002,2/4/2024,Qualified,Interview Slots Full
APL04698,APP04698,P003,1/6/2025,Interviewed,Cohort Full
APL04699,APP04699,P004,1/30/2024,Qualified,Interview Slots Full
APL04700,APP04700,P001,8/3/2025,Enrolled,
APL04701,APP04701,P006,3/9/2024,Applied,Did Not Meet Requirements
APL04702,APP04702,P004,1/31/2024,Applied,Incomplete Application
APL04703,APP04703,P004,7/8/2025,Qualified,Interview Slots Full
APL04704,APP04704,P002,4/9/2024,Qualified,Interview Slots Full
APL04705,APP04705,P008,4/5/2025,Interviewed,Cohort Full
APL04706,APP04706,P003,8/27/2025,Qualified,Interview Slots Full
APL04707,APP04707,P005,4/7/2025,Interviewed,Low Interview Score
APL04708,APP04708,P008,3/7/2024,Interviewed,Cohort Full
APL04709,APP04709,P002,8/11/2024,Qualified,Could Not Be Reached
APL04710,APP04710,P003,6/28/2024,Qualified,No Response
APL04711,APP04711,P008,9/24/2025,Qualified,Could Not Be Reached
APL04712,APP04712,P003,6/10/2024,Qualified,No Response
APL04713,APP04713,P003,8/4/2024,Qualified,Could Not Be Reached
APL04714,APP04714,P004,6/5/2025,Applied,Incomplete Application
APL04715,APP04715,P004,9/18/2025,Applied,Gender Mismatch
APL04716,APP04716,P003,1/5/2024,Enrolled,
APL04717,APP04717,P005,8/28/2024,Qualified,Could Not Be Reached
APL04718,APP04718,P001,8/22/2025,Applied,Gender Mismatch
APL04719,APP04719,P008,2/8/2024,Applied,Did Not Meet Requirements
APL04720,APP04720,P004,3/22/2025,Qualified,No Response
APL04721,APP04721,P008,4/26/2025,Enrolled,
APL04722,APP04722,P001,9/5/2024,Applied,Did Not Meet Requirements
APL04723,APP04723,P003,8/8/2024,Enrolled,
APL04724,APP04724,P004,2/15/2024,Interviewed,Cohort Full
APL04725,APP04725,P002,2/6/2025,Qualified,Could Not Be Reached
APL04726,APP04726,P004,1/30/2025,Applied,Did Not Meet Requirements
APL04727,APP04727,P004,6/5/2025,Applied,Did Not Meet Requirements
APL04728,APP04728,P001,6/5/2025,Enrolled,
APL04729,APP04729,P001,9/9/2024,Applied,Did Not Meet Requirements
APL04730,APP04730,P008,9/30/2024,Applied,Did Not Meet Requirements
APL04731,APP04731,P001,7/14/2025,Enrolled,
APL04732,APP04732,P001,9/5/2025,Qualified,Interview Slots Full
APL04733,APP04733,P001,6/26/2025,Interviewed,Cohort Full
APL04734,APP04734,P001,7/19/2025,Applied,Incomplete Application
APL04735,APP04735,P004,3/23/2024,Qualified,No Response
APL04736,APP04736,P001,1/10/2025,Enrolled,
APL04737,APP04737,P001,7/30/2025,Qualified,No Response
APL04738,APP04738,P006,3/14/2024,Applied,Incomplete Application
APL04739,APP04739,P001,8/12/2024,Interviewed,Cohort Full
APL04740,APP04740,P002,2/6/2025,Qualified,Could Not Be Reached
APL04741,APP04741,P008,6/22/2025,Applied,Did Not Meet Requirements
APL04742,APP04742,P006,9/8/2024,Interviewed,Cohort Full
APL04743,APP04743,P006,2/19/2024,Applied,Gender Mismatch
APL04744,APP04744,P006,1/24/2025,Interviewed,Low Interview Score
APL04745,APP04745,P001,3/20/2024,Applied,Incomplete Application
APL04746,APP04746,P006,3/17/2025,Enrolled,
APL04747,APP04747,P002,2/11/2025,Qualified,No Response
APL04748,APP04748,P003,3/26/2024,Qualified,Interview Slots Full
APL04749,APP04749,P002,3/4/2024,Applied,Did Not Meet Requirements
APL04750,APP04750,P001,2/6/2025,Applied,Gender Mismatch
APL04751,APP04751,P001,8/7/2024,Applied,Did Not Meet Requirements
APL04752,APP04752,P003,9/28/2025,Enrolled,
APL04753,APP04753,P007,3/4/2024,Qualified,No Response
APL04754,APP04754,P002,2/19/2025,Applied,Incomplete Application
APL04755,APP04755,P005,8/1/2025,Interviewed,Cohort Full
APL04756,APP04756,P001,6/8/2024,Applied,Did Not Meet Requirements
APL04757,APP04757,P004,3/9/2025,Applied,Incomplete Application
APL04758,APP04758,P003,4/8/2024,Applied,Did Not Meet Requirements
APL04759,APP04759,P002,1/8/2025,Applied,Did Not Meet Requirements
APL04760,APP04760,P001,9/29/2024,Applied,Incomplete Application
APL04761,APP04761,P004,1/8/2024,Applied,Gender Mismatch
APL04762,APP04762,P004,1/21/2025,Applied,Did Not Meet Requirements
APL04763,APP04763,P006,4/15/2024,Enrolled,
APL04764,APP04764,P005,2/24/2025,Enrolled,
APL04765,APP04765,P008,9/7/2024,Applied,Incomplete Application
APL04766,APP04766,P002,3/24/2024,Applied,Gender Mismatch
APL04767,APP04767,P008,4/10/2024,Enrolled,
APL04768,APP04768,P004,4/8/2024,Applied,Did Not Meet Requirements
APL04769,APP04769,P002,8/9/2024,Applied,Incomplete Application
APL04770,APP04770,P004,6/10/2024,Interviewed,Declined Offer
APL04771,APP04771,P002,1/17/2024,Enrolled,
APL04772,APP04772,P004,2/26/2025,Applied,Incomplete Application
APL04773,APP04773,P001,3/5/2025,Qualified,No Response
APL04774,APP04774,P002,7/3/2025,Qualified,No Response
APL04775,APP04775,P005,2/27/2025,Applied,Did Not Meet Requirements
APL04776,APP04776,P004,4/7/2024,Applied,Incomplete Application
APL04777,APP04777,P002,1/27/2024,Applied,Incomplete Application
APL04778,APP04778,P001,7/28/2024,Interviewed,Declined Offer
APL04779,APP04779,P004,3/31/2025,Enrolled,
APL04780,APP04780,P001,8/18/2025,Qualified,Could Not Be Reached
APL04781,APP04781,P004,3/6/2024,Applied,Incomplete Application
APL04782,APP04782,P006,8/16/2025,Qualified,No Response
APL04783,APP04783,P005,3/16/2025,Enrolled,
APL04784,APP04784,P008,9/13/2024,Qualified,No Response
APL04785,APP04785,P008,4/16/2024,Enrolled,
APL04786,APP04786,P004,8/23/2025,Qualified,No Response
APL04787,APP04787,P008,6/11/2025,Applied,Did Not Meet Requirements
APL04788,APP04788,P003,8/17/2024,Qualified,Interview Slots Full
APL04789,APP04789,P001,3/10/2024,Qualified,No Response
APL04790,APP04790,P004,7/17/2025,Applied,Did Not Meet Requirements
APL04791,APP04791,P001,7/26/2025,Applied,Incomplete Application
APL04792,APP04792,P007,6/9/2025,Qualified,Could Not Be Reached
APL04793,APP04793,P001,1/8/2024,Qualified,No Response
APL04794,APP04794,P004,1/7/2024,Qualified,Could Not Be Reached
APL04795,APP04795,P006,3/15/2025,Applied,Did Not Meet Requirements
APL04796,APP04796,P003,8/21/2025,Enrolled,
APL04797,APP04797,P001,8/12/2024,Applied,Did Not Meet Requirements
APL04798,APP04798,P008,1/15/2025,Applied,Incomplete Application
APL04799,APP04799,P006,4/6/2025,Applied,Gender Mismatch
APL04800,APP04800,P004,2/21/2025,Qualified,No Response
APL04801,APP04801,P008,2/10/2024,Applied,Incomplete Application
APL04802,APP04802,P006,8/13/2024,Applied,Incomplete Application
APL04803,APP04803,P007,2/5/2024,Interviewed,Low Interview Score
APL04804,APP04804,P004,3/27/2024,Applied,Incomplete Application
APL04805,APP04805,P007,4/23/2024,Interviewed,Declined Offer
APL04806,APP04806,P005,8/10/2024,Enrolled,
APL04807,APP04807,P008,3/1/2025,Qualified,Could Not Be Reached
APL04808,APP04808,P007,6/14/2025,Applied,Gender Mismatch
APL04809,APP04809,P006,3/13/2025,Applied,Did Not Meet Requirements
APL04810,APP04810,P001,8/8/2025,Qualified,No Response
APL04811,APP04811,P004,2/19/2025,Enrolled,
APL04812,APP04812,P003,6/26/2025,Qualified,No Response
APL04813,APP04813,P001,7/23/2024,Qualified,Interview Slots Full
APL04814,APP04814,P001,2/5/2025,Qualified,Interview Slots Full
APL04815,APP04815,P003,2/26/2025,Enrolled,
APL04816,APP04816,P003,9/29/2024,Qualified,Interview Slots Full
APL04817,APP04817,P004,7/7/2024,Interviewed,Declined Offer
APL04818,APP04818,P008,7/26/2025,Interviewed,Cohort Full
APL04819,APP04819,P002,1/9/2025,Qualified,No Response
APL04820,APP04820,P003,2/6/2025,Qualified,Interview Slots Full
APL04821,APP04821,P005,8/20/2024,Applied,Did Not Meet Requirements
APL04822,APP04822,P001,3/2/2024,Interviewed,Low Interview Score
APL04823,APP04823,P001,4/12/2025,Enrolled,
APL04824,APP04824,P006,9/10/2025,Qualified,No Response
APL04825,APP04825,P004,7/28/2025,Applied,Did Not Meet Requirements
APL04826,APP04826,P004,6/17/2024,Enrolled,
APL04827,APP04827,P002,2/17/2024,Applied,Did Not Meet Requirements
APL04828,APP04828,P003,7/21/2024,Applied,Gender Mismatch
APL04829,APP04829,P005,4/25/2024,Applied,Gender Mismatch
APL04830,APP04830,P001,4/6/2024,Enrolled,
APL04831,APP04831,P002,8/27/2025,Applied,Did Not Meet Requirements
APL04832,APP04832,P002,4/12/2025,Interviewed,Cohort Full
APL04833,APP04833,P005,4/29/2024,Interviewed,Cohort Full
APL04834,APP04834,P004,2/22/2025,Qualified,No Response
APL04835,APP04835,P004,3/23/2025,Qualified,Interview Slots Full
APL04836,APP04836,P004,7/31/2024,Interviewed,Declined Offer
APL04837,APP04837,P008,8/15/2024,Applied,Incomplete Application
APL04838,APP04838,P001,1/2/2025,Qualified,No Response
APL04839,APP04839,P002,7/16/2024,Qualified,No Response
APL04840,APP04840,P003,1/29/2024,Applied,Incomplete Application
APL04841,APP04841,P001,8/19/2024,Applied,Did Not Meet Requirements
APL04842,APP04842,P004,6/21/2025,Interviewed,Declined Offer
APL04843,APP04843,P004,6/17/2024,Interviewed,Declined Offer
APL04844,APP04844,P003,3/13/2024,Enrolled,
APL04845,APP04845,P007,8/28/2024,Applied,Incomplete Application
APL04846,APP04846,P001,3/28/2025,Applied,Did Not Meet Requirements
APL04847,APP04847,P006,7/10/2024,Applied,Did Not Meet Requirements
APL04848,APP04848,P001,7/29/2025,Qualified,No Response
APL04849,APP04849,P005,4/12/2024,Applied,Gender Mismatch
APL04850,APP04850,P004,9/21/2025,Applied,Gender Mismatch
APL04851,APP04851,P008,4/24/2024,Interviewed,Cohort Full
APL04852,APP04852,P004,7/5/2025,Applied,Incomplete Application
APL04853,APP04853,P004,7/26/2024,Interviewed,Low Interview Score
APL04854,APP04854,P004,1/7/2025,Interviewed,Cohort Full
APL04855,APP04855,P004,3/2/2025,Applied,Did Not Meet Requirements
APL04856,APP04856,P003,9/7/2024,Qualified,Interview Slots Full
APL04857,APP04857,P003,4/22/2025,Qualified,Could Not Be Reached
APL04858,APP04858,P004,3/14/2025,Qualified,Could Not Be Reached
APL04859,APP04859,P002,3/12/2025,Applied,Incomplete Application
APL04860,APP04860,P004,2/4/2024,Qualified,No Response
APL04861,APP04861,P003,9/30/2025,Applied,Incomplete Application
APL04862,APP04862,P007,1/31/2024,Qualified,No Response
APL04863,APP04863,P002,8/16/2025,Qualified,No Response
APL04864,APP04864,P001,4/20/2025,Enrolled,
APL04865,APP04865,P001,3/7/2025,Enrolled,
APL04866,APP04866,P004,7/8/2025,Applied,Gender Mismatch
APL04867,APP04867,P008,3/11/2024,Interviewed,Cohort Full
APL04868,APP04868,P002,4/11/2024,Applied,Did Not Meet Requirements
APL04869,APP04869,P001,9/10/2025,Qualified,Interview Slots Full
APL04870,APP04870,P004,7/31/2025,Qualified,Interview Slots Full
APL04871,APP04871,P002,1/13/2025,Applied,Incomplete Application
APL04872,APP04872,P004,3/28/2024,Qualified,No Response
APL04873,APP04873,P001,1/8/2025,Applied,Incomplete Application
APL04874,APP04874,P004,3/16/2024,Applied,Incomplete Application
APL04875,APP04875,P002,4/29/2024,Qualified,Interview Slots Full
APL04876,APP04876,P002,6/15/2024,Applied,Incomplete Application
APL04877,APP04877,P008,7/17/2025,Qualified,Could Not Be Reached
APL04878,APP04878,P005,8/31/2025,Applied,Did Not Meet Requirements
APL04879,APP04879,P006,7/28/2025,Applied,Did Not Meet Requirements
APL04880,APP04880,P007,9/27/2024,Qualified,Interview Slots Full
APL04881,APP04881,P005,8/29/2025,Applied,Incomplete Application
APL04882,APP04882,P002,1/26/2025,Interviewed,Cohort Full
APL04883,APP04883,P004,8/27/2024,Applied,Did Not Meet Requirements
APL04884,APP04884,P001,2/18/2025,Qualified,Interview Slots Full
APL04885,APP04885,P005,4/6/2024,Applied,Gender Mismatch
APL04886,APP04886,P002,4/19/2024,Interviewed,Low Interview Score
APL04887,APP04887,P002,6/6/2024,Qualified,No Response
APL04888,APP04888,P004,8/6/2024,Applied,Incomplete Application
APL04889,APP04889,P001,1/26/2024,Applied,Did Not Meet Requirements
APL04890,APP04890,P007,2/15/2025,Enrolled,
APL04891,APP04891,P003,3/8/2025,Interviewed,Declined Offer
APL04892,APP04892,P002,1/7/2024,Applied,Gender Mismatch
APL04893,APP04893,P001,4/25/2025,Enrolled,
APL04894,APP04894,P008,3/17/2025,Applied,Did Not Meet Requirements
APL04895,APP04895,P004,4/16/2024,Qualified,Could Not Be Reached
APL04896,APP04896,P001,6/17/2025,Interviewed,Cohort Full
APL04897,APP04897,P001,9/3/2025,Qualified,No Response
APL04898,APP04898,P002,4/28/2024,Interviewed,Cohort Full
APL04899,APP04899,P004,2/16/2025,Applied,Did Not Meet Requirements
APL04900,APP04900,P007,1/1/2024,Qualified,Interview Slots Full
APL04901,APP04901,P006,2/1/2025,Enrolled,
APL04902,APP04902,P001,6/14/2024,Qualified,No Response
APL04903,APP04903,P001,2/27/2024,Interviewed,Low Interview Score
APL04904,APP04904,P001,1/18/2024,Qualified,No Response
APL04905,APP04905,P002,1/29/2024,Enrolled,
APL04906,APP04906,P002,1/30/2024,Qualified,Could Not Be Reached
APL04907,APP04907,P001,7/24/2024,Applied,Gender Mismatch
APL04908,APP04908,P004,3/22/2025,Applied,Gender Mismatch
APL04909,APP04909,P004,2/10/2025,Interviewed,Declined Offer
APL04910,APP04910,P001,4/10/2024,Applied,Incomplete Application
APL04911,APP04911,P003,2/22/2025,Qualified,No Response
APL04912,APP04912,P004,1/29/2025,Enrolled,
APL04913,APP04913,P003,2/18/2025,Enrolled,
APL04914,APP04914,P008,4/16/2025,Applied,Did Not Meet Requirements
APL04915,APP04915,P004,6/15/2025,Interviewed,Declined Offer
APL04916,APP04916,P006,3/8/2025,Qualified,No Response
APL04917,APP04917,P001,2/13/2024,Interviewed,Declined Offer
APL04918,APP04918,P005,4/24/2025,Applied,Did Not Meet Requirements
APL04919,APP04919,P003,2/27/2024,Qualified,No Response
APL04920,APP04920,P003,6/30/2024,Applied,Did Not Meet Requirements
APL04921,APP04921,P003,9/11/2025,Interviewed,Low Interview Score
APL04922,APP04922,P001,9/3/2024,Enrolled,
APL04923,APP04923,P008,1/11/2024,Enrolled,
APL04924,APP04924,P004,3/15/2025,Applied,Gender Mismatch
APL04925,APP04925,P004,1/18/2025,Applied,Did Not Meet Requirements
APL04926,APP04926,P008,4/9/2024,Qualified,Could Not Be Reached
APL04927,APP04927,P005,3/24/2025,Interviewed,Low Interview Score
APL04928,APP04928,P004,2/23/2024,Qualified,Could Not Be Reached
APL04929,APP04929,P004,8/28/2024,Enrolled,
APL04930,APP04930,P001,2/27/2025,Applied,Incomplete Application
APL04931,APP04931,P005,4/17/2025,Applied,Incomplete Application
APL04932,APP04932,P004,8/24/2024,Enrolled,
APL04933,APP04933,P004,1/28/2024,Interviewed,Declined Offer
APL04934,APP04934,P001,2/23/2025,Interviewed,Low Interview Score
APL04935,APP04935,P003,3/11/2025,Applied,Gender Mismatch
APL04936,APP04936,P007,4/26/2025,Applied,Incomplete Application
APL04937,APP04937,P004,6/27/2024,Interviewed,Cohort Full
APL04938,APP04938,P001,8/7/2024,Enrolled,
APL04939,APP04939,P002,7/10/2024,Applied,Did Not Meet Requirements
APL04940,APP04940,P004,1/29/2025,Qualified,No Response
APL04941,APP04941,P005,7/14/2025,Qualified,No Response
APL04942,APP04942,P004,6/29/2025,Enrolled,
APL04943,APP04943,P002,7/30/2024,Applied,Incomplete Application
APL04944,APP04944,P004,9/26/2024,Interviewed,Declined Offer
APL04945,APP04945,P002,1/8/2024,Qualified,Could Not Be Reached
APL04946,APP04946,P003,2/7/2025,Enrolled,
APL04947,APP04947,P004,3/19/2025,Interviewed,Cohort Full
APL04948,APP04948,P006,8/29/2025,Qualified,No Response
APL04949,APP04949,P005,4/11/2025,Enrolled,
APL04950,APP04950,P005,3/15/2024,Applied,Gender Mismatch
APL04951,APP04951,P002,2/24/2024,Qualified,No Response
APL04952,APP04952,P003,6/12/2024,Enrolled,
APL04953,APP04953,P001,7/12/2024,Interviewed,Cohort Full
APL04954,APP04954,P001,7/12/2024,Interviewed,Cohort Full
APL04955,APP04955,P004,8/19/2024,Applied,Incomplete Application
APL04956,APP04956,P007,8/15/2025,Applied,Incomplete Application
APL04957,APP04957,P002,7/26/2025,Enrolled,
APL04958,APP04958,P004,8/17/2024,Enrolled,
APL04959,APP04959,P007,7/22/2025,Applied,Incomplete Application
APL04960,APP04960,P003,3/14/2024,Qualified,No Response
APL04961,APP04961,P004,9/21/2025,Qualified,Could Not Be Reached
APL04962,APP04962,P005,8/31/2025,Qualified,Could Not Be Reached
APL04963,APP04963,P005,9/14/2024,Qualified,Interview Slots Full
APL04964,APP04964,P005,4/26/2024,Interviewed,Low Interview Score
APL04965,APP04965,P003,2/8/2025,Applied,Incomplete Application
APL04966,APP04966,P002,6/3/2024,Applied,Incomplete Application
APL04967,APP04967,P004,6/17/2024,Applied,Incomplete Application
APL04968,APP04968,P007,6/26/2024,Interviewed,Low Interview Score
APL04969,APP04969,P004,7/31/2024,Applied,Incomplete Application
APL04970,APP04970,P007,2/20/2025,Applied,Gender Mismatch
APL04971,APP04971,P004,6/28/2024,Qualified,Interview Slots Full
APL04972,APP04972,P003,4/5/2024,Applied,Gender Mismatch
APL04973,APP04973,P004,9/20/2024,Qualified,Could Not Be Reached
APL04974,APP04974,P003,6/23/2025,Enrolled,
APL04975,APP04975,P008,2/27/2025,Applied,Gender Mismatch
APL04976,APP04976,P003,1/19/2024,Applied,Gender Mismatch
APL04977,APP04977,P001,3/15/2024,Applied,Gender Mismatch
APL04978,APP04978,P004,6/23/2025,Qualified,Could Not Be Reached
APL04979,APP04979,P001,3/2/2024,Qualified,Could Not Be Reached
APL04980,APP04980,P004,6/26/2025,Qualified,Could Not Be Reached
APL04981,APP04981,P004,9/7/2025,Enrolled,
APL04982,APP04982,P006,2/13/2024,Enrolled,
APL04983,APP04983,P002,2/7/2025,Applied,Incomplete Application
APL04984,APP04984,P003,7/2/2024,Applied,Did Not Meet Requirements
APL04985,APP04985,P008,4/23/2024,Applied,Did Not Meet Requirements
APL04986,APP04986,P001,2/12/2025,Qualified,No Response
APL04987,APP04987,P006,4/26/2024,Interviewed,Declined Offer
APL04988,APP04988,P002,8/29/2025,Applied,Gender Mismatch
APL04989,APP04989,P004,6/29/2024,Enrolled,
APL04990,APP04990,P001,8/2/2025,Applied,Gender Mismatch
APL04991,APP04991,P004,9/14/2025,Applied,Gender Mismatch
APL04992,APP04992,P002,1/26/2024,Applied,Gender Mismatch
APL04993,APP04993,P001,2/24/2025,Qualified,Interview Slots Full
APL04994,APP04994,P008,3/15/2024,Applied,Did Not Meet Requirements
APL04995,APP04995,P005,2/6/2024,Enrolled,
APL04996,APP04996,P006,9/22/2024,Applied,Incomplete Application
APL04997,APP04997,P002,3/27/2024,Interviewed,Declined Offer
APL04998,APP04998,P005,1/31/2025,Applied,Incomplete Application
APL04999,APP04999,P001,3/12/2024,Qualified,Interview Slots Full
APL05000,APP05000,P003,4/25/2024,Applied,Incomplete Application
