applicant_id,age,gender,county_name,education_level,program_id,program_name,application_date,application_status,drop_off_reason
APP00001,33,Female,Mombasa,Bachelor's,P007,Women Digital Skills,8/9/2025,Applied,Incomplete Application
APP00002,23,Female,Kwale,Diploma,P002,Technovation,4/24/2025,Interviewed,Cohort Full
APP00003,30,Female,Nairobi,Diploma,P005,Django Girls,2/27/2024,Enrolled,
APP00004,29,Female,Nakuru,Master's,P004,Africa Code Week,8/13/2025,Applied,Did Not Meet Requirements
APP00005,18,Female,Nairobi,KCSE,P002,Technovation,7/21/2024,Interviewed,Cohort Full
APP00006,18,Male,Kisumu,KCSE,P004,Africa Code Week,4/4/2024,Applied,Gender Mismatch
APP00007,32,Female,Nairobi,Bachelor's,P002,Technovation,7/10/2025,Applied,Incomplete Application
APP00008,20,Female,Nakuru,KCSE,P004,Africa Code Week,3/10/2024,Qualified,Interview Slots Full
APP00009,24,Female,Nakuru,KCSE,P003,Code Hack,9/3/2025,Qualified,Interview Slots Full
APP00010,19,Female,Kisumu,KCSE,P003,Code Hack,3/15/2025,Qualified,Could Not Be Reached
APP00011,27,Female,Tana River,Certificate,P004,Africa Code Week,8/3/2024,Qualified,No Response
APP00012,22,Male,Nakuru,KCSE,P001,STEM Cafe Kenya,4/24/2025,Applied,Gender Mismatch
APP00013,18,Female,Tana River,Diploma,P001,STEM Cafe Kenya,6/24/2025,Interviewed,Low Interview Score
APP00014,31,Female,Mombasa,Master's,P006,Mombasa Girls in STEM,4/18/2025,Qualified,Interview Slots Full
APP00015,23,Female,Nairobi,Diploma,P002,Technovation,8/10/2025,Interviewed,Cohort Full
APP00016,18,Female,Kwale,KCSE,P006,Mombasa Girls in STEM,7/2/2024,Applied,Did Not Meet Requirements
APP00017,26,Female,Mombasa,Certificate,P006,Mombasa Girls in STEM,1/27/2025,Applied,Incomplete Application
APP00018,32,Female,Kilifi,Bachelor's,P004,Africa Code Week,9/14/2024,Qualified,No Response
APP00019,27,Female,Taita Taveta,Diploma,P006,Mombasa Girls in STEM,9/6/2025,Applied,Did Not Meet Requirements
APP00020,25,Female,Nairobi,KCSE,P001,STEM Cafe Kenya,8/10/2025,Qualified,Interview Slots Full
APP00021,22,Female,Taita Taveta,KCSE,P002,Technovation,1/28/2024,Qualified,Could Not Be Reached
APP00022,20,Female,Mombasa,KCSE,P004,Africa Code Week,4/16/2025,Applied,Incomplete Application
APP00023,25,Female,Nairobi,Certificate,P004,Africa Code Week,6/15/2025,Applied,Incomplete Application
APP00024,24,Female,Lamu,KCSE,P005,Django Girls,2/17/2024,Applied,Incomplete Application
APP00025,25,Female,Kwale,Certificate,P004,Africa Code Week,9/12/2025,Applied,Did Not Meet Requirements
APP00026,26,Female,Mombasa,Diploma,P003,Code Hack,7/26/2025,Qualified,No Response
APP00027,24,Female,Nairobi,Bachelor's,P005,Django Girls,3/30/2025,Qualified,No Response
APP00028,25,Male,Kisumu,KCSE,P004,Africa Code Week,1/27/2025,Applied,Gender Mismatch
APP00029,24,Female,Kilifi,KCSE,P006,Mombasa Girls in STEM,9/8/2025,Applied,Incomplete Application
APP00030,24,Female,Taita Taveta,Diploma,P002,Technovation,4/15/2025,Qualified,No Response
APP00031,35,Female,Nairobi,Bachelor's,P005,Django Girls,3/16/2025,Qualified,Could Not Be Reached
APP00032,23,Female,Taita Taveta,Certificate,P003,Code Hack,3/18/2025,Applied,Incomplete Application
APP00033,19,Female,Kisumu,Certificate,P005,Django Girls,2/26/2024,Qualified,Interview Slots Full
APP00034,25,Female,Nakuru,Diploma,P008,Web Development Classes,7/10/2024,Applied,Did Not Meet Requirements
APP00035,25,Female,Mombasa,KCSE,P004,Africa Code Week,4/23/2025,Enrolled,
APP00036,29,Female,Nairobi,Bachelor's,P002,Technovation,9/29/2024,Applied,Did Not Meet Requirements
APP00037,24,Female,Mombasa,Diploma,P008,Web Development Classes,1/14/2024,Interviewed,Cohort Full
APP00038,34,Male,Kwale,Bachelor's,P005,Django Girls,6/27/2025,Applied,Gender Mismatch
APP00039,34,Female,Nairobi,Bachelor's,P004,Africa Code Week,6/25/2024,Qualified,Could Not Be Reached
APP00040,25,Female,Taita Taveta,Diploma,P005,Django Girls,2/15/2024,Interviewed,Declined Offer
APP00041,22,Female,Lamu,KCSE,P006,Mombasa Girls in STEM,7/4/2025,Applied,Did Not Meet Requirements
APP00042,18,Female,Tana River,KCSE,P005,Django Girls,3/7/2025,Applied,Incomplete Application
APP00043,26,Female,Kisumu,Bachelor's,P003,Code Hack,9/22/2024,Qualified,No Response
APP00044,24,Female,Mombasa,Diploma,P004,Africa Code Week,6/1/2025,Interviewed,Cohort Full
APP00045,30,Female,Mombasa,Bachelor's,P002,Technovation,6/1/2025,Applied,Incomplete Application
APP00046,25,Female,Nakuru,KCSE,P001,STEM Cafe Kenya,7/13/2025,Interviewed,Declined Offer
APP00047,30,Female,Kisumu,Bachelor's,P008,Web Development Classes,8/19/2024,Applied,Did Not Meet Requirements
APP00048,32,Female,Mombasa,Diploma,P006,Mombasa Girls in STEM,7/7/2024,Qualified,Interview Slots Full
APP00049,23,Female,Kilifi,Diploma,P002,Technovation,2/7/2024,Qualified,No Response
APP00050,32,Female,Mombasa,Diploma,P001,STEM Cafe Kenya,9/30/2025,Interviewed,Cohort Full
APP00051,25,Female,Mombasa,Certificate,P003,Code Hack,6/11/2025,Enrolled,
APP00052,32,Female,Mombasa,Bachelor's,P004,Africa Code Week,2/20/2025,Qualified,No Response
APP00053,24,Female,Nakuru,Diploma,P003,Code Hack,8/6/2025,Qualified,Interview Slots Full
APP00054,23,Female,Lamu,Certificate,P005,Django Girls,1/2/2025,Qualified,No Response
APP00055,21,Female,Lamu,KCSE,P002,Technovation,8/23/2025,Applied,Did Not Meet Requirements
APP00056,25,Female,Kilifi,KCSE,P007,Women Digital Skills,1/5/2025,Qualified,Interview Slots Full
APP00057,20,Female,Nakuru,KCSE,P008,Web Development Classes,3/31/2024,Interviewed,Cohort Full
APP00058,28,Female,Kisumu,Bachelor's,P003,Code Hack,1/5/2025,Qualified,Interview Slots Full
APP00059,27,Female,Mombasa,Certificate,P004,Africa Code Week,3/4/2024,Qualified,Interview Slots Full
APP00060,24,Female,Lamu,Bachelor's,P001,STEM Cafe Kenya,9/13/2024,Interviewed,Low Interview Score
APP00061,27,Female,Nakuru,Bachelor's,P006,Mombasa Girls in STEM,4/10/2024,Enrolled,
APP00062,20,Female,Tana River,KCSE,P003,Code Hack,7/14/2024,Qualified,No Response
APP00063,18,Male,Tana River,KCSE,P008,Web Development Classes,6/14/2024,Applied,Gender Mismatch
APP00064,25,Female,Kisumu,Diploma,P006,Mombasa Girls in STEM,7/19/2024,Applied,Did Not Meet Requirements
APP00065,19,Female,Kilifi,Certificate,P003,Code Hack,6/23/2025,Enrolled,
APP00066,20,Female,Mombasa,KCSE,P003,Code Hack,3/1/2025,Qualified,Could Not Be Reached
APP00067,29,Male,Taita Taveta,Diploma,P002,Technovation,1/5/2024,Applied,Gender Mismatch
APP00068,18,Female,Nairobi,Diploma,P002,Technovation,3/10/2025,Interviewed,Low Interview Score
APP00069,18,Female,Kilifi,KCSE,P001,STEM Cafe Kenya,7/9/2024,Qualified,Interview Slots Full
APP00070,23,Female,Kwale,Diploma,P007,Women Digital Skills,3/5/2025,Applied,Incomplete Application
APP00071,34,Female,Kwale,Bachelor's,P004,Africa Code Week,3/10/2024,Applied,Incomplete Application
APP00072,20,Female,Mombasa,KCSE,P003,Code Hack,6/30/2025,Qualified,Interview Slots Full
APP00073,18,Female,Mombasa,KCSE,P007,Women Digital Skills,4/9/2025,Qualified,No Response
APP00074,18,Female,Lamu,Certificate,P002,Technovation,4/3/2025,Interviewed,Cohort Full
APP00075,18,Female,Mombasa,KCSE,P005,Django Girls,9/1/2025,Applied,Incomplete Application
APP00076,21,Male,Kisumu,KCSE,P002,Technovation,8/18/2025,Applied,Gender Mismatch
APP00077,21,Male,Kwale,Diploma,P004,Africa Code Week,2/25/2024,Applied,Gender Mismatch
APP00078,22,Female,Nakuru,KCSE,P001,STEM Cafe Kenya,6/24/2024,Applied,Did Not Meet Requirements
APP00079,18,Male,Taita Taveta,KCSE,P007,Women Digital Skills,8/13/2024,Applied,Gender Mismatch
APP00080,20,Female,Nakuru,Diploma,P008,Web Development Classes,4/19/2024,Applied,Did Not Meet Requirements
APP00081,20,Female,Mombasa,KCSE,P002,Technovation,2/14/2025,Enrolled,
APP00082,18,Female,Taita Taveta,KCSE,P004,Africa Code Week,8/30/2024,Qualified,Could Not Be Reached
APP00083,27,Female,Mombasa,Certificate,P001,STEM Cafe Kenya,3/31/2025,Interviewed,Cohort Full
APP00084,20,Female,Tana River,KCSE,P008,Web Development Classes,8/5/2025,Applied,Did Not Meet Requirements
APP00085,20,Female,Kisumu,KCSE,P006,Mombasa Girls in STEM,9/7/2024,Applied,Incomplete Application
APP00086,21,Female,Kisumu,Certificate,P005,Django Girls,8/26/2024,Applied,Did Not Meet Requirements
APP00087,23,Male,Mombasa,Certificate,P005,Django Girls,4/15/2024,Applied,Gender Mismatch
APP00088,25,Female,Kwale,Bachelor's,P005,Django Girls,8/14/2024,Enrolled,
APP00089,19,Female,Kisumu,KCSE,P005,Django Girls,7/10/2024,Qualified,No Response
APP00090,20,Female,Nakuru,Certificate,P004,Africa Code Week,3/8/2025,Interviewed,Low Interview Score
APP00091,22,Female,Mombasa,KCSE,P003,Code Hack,4/23/2024,Applied,Did Not Meet Requirements
APP00092,35,Female,Lamu,Diploma,P003,Code Hack,4/25/2024,Enrolled,
APP00093,23,Female,Nakuru,Bachelor's,P004,Africa Code Week,9/30/2024,Applied,Did Not Meet Requirements
APP00094,23,Female,Kilifi,Certificate,P002,Technovation,7/12/2025,Applied,Incomplete Application
APP00095,18,Female,Mombasa,Certificate,P001,STEM Cafe Kenya,4/22/2025,Enrolled,
APP00096,21,Female,Nakuru,KCSE,P002,Technovation,1/25/2025,Enrolled,
APP00097,25,Female,Taita Taveta,KCSE,P003,Code Hack,3/11/2025,Applied,Did Not Meet Requirements
APP00098,25,Female,Nairobi,Bachelor's,P003,Code Hack,9/30/2025,Qualified,No Response
APP00099,22,Female,Taita Taveta,KCSE,P007,Women Digital Skills,1/9/2024,Qualified,No Response
APP00100,31,Female,Nairobi,Diploma,P003,Code Hack,4/14/2025,Applied,Did Not Meet Requirements
APP00101,31,Female,Nairobi,Diploma,P004,Africa Code Week,2/20/2024,Enrolled,
APP00102,18,Female,Kilifi,KCSE,P004,Africa Code Week,9/15/2024,Applied,Incomplete Application
APP00103,31,Female,Mombasa,Bachelor's,P004,Africa Code Week,4/14/2025,Applied,Did Not Meet Requirements
APP00104,28,Female,Lamu,Bachelor's,P005,Django Girls,8/4/2024,Applied,Incomplete Application
APP00105,26,Female,Kwale,KCSE,P005,Django Girls,4/2/2024,Applied,Incomplete Application
APP00106,24,Female,Nakuru,KCSE,P001,STEM Cafe Kenya,3/12/2024,Applied,Incomplete Application
APP00107,32,Female,Kisumu,Bachelor's,P002,Technovation,2/5/2025,Interviewed,Low Interview Score
APP00108,21,Female,Kisumu,KCSE,P004,Africa Code Week,3/24/2024,Interviewed,Declined Offer
APP00109,20,Female,Lamu,KCSE,P001,STEM Cafe Kenya,1/2/2024,Qualified,Could Not Be Reached
APP00110,30,Female,Kisumu,Bachelor's,P006,Mombasa Girls in STEM,8/15/2024,Enrolled,
APP00111,31,Female,Kwale,Bachelor's,P006,Mombasa Girls in STEM,8/15/2024,Applied,Incomplete Application
APP00112,28,Female,Nairobi,Bachelor's,P005,Django Girls,3/31/2025,Interviewed,Cohort Full
APP00113,31,Female,Kisumu,Diploma,P005,Django Girls,4/16/2025,Enrolled,
APP00114,26,Female,Kisumu,Certificate,P001,STEM Cafe Kenya,6/16/2025,Qualified,No Response
APP00115,18,Female,Mombasa,KCSE,P002,Technovation,2/11/2025,Enrolled,
APP00116,20,Female,Kisumu,KCSE,P006,Mombasa Girls in STEM,8/1/2025,Interviewed,Declined Offer
APP00117,23,Female,Nairobi,Diploma,P008,Web Development Classes,6/12/2024,Enrolled,
APP00118,30,Female,Mombasa,Master's,P005,Django Girls,1/31/2024,Applied,Incomplete Application
APP00119,20,Female,Kilifi,KCSE,P007,Women Digital Skills,1/17/2024,Applied,Did Not Meet Requirements
APP00120,34,Male,Nairobi,Bachelor's,P004,Africa Code Week,7/7/2025,Applied,Gender Mismatch
APP00121,18,Female,Kisumu,KCSE,P005,Django Girls,9/19/2025,Qualified,Could Not Be Reached
APP00122,26,Female,Lamu,KCSE,P007,Women Digital Skills,8/5/2024,Interviewed,Low Interview Score
APP00123,22,Male,Kisumu,KCSE,P002,Technovation,6/25/2024,Applied,Gender Mismatch
APP00124,24,Female,Nairobi,Diploma,P005,Django Girls,2/5/2025,Applied,Did Not Meet Requirements
APP00125,29,Female,Taita Taveta,Diploma,P006,Mombasa Girls in STEM,4/20/2024,Applied,Did Not Meet Requirements
APP00126,27,Female,Mombasa,Diploma,P003,Code Hack,4/14/2025,Applied,Did Not Meet Requirements
APP00127,34,Female,Kilifi,Bachelor's,P003,Code Hack,6/13/2024,Enrolled,
APP00128,21,Male,Nairobi,Diploma,P002,Technovation,8/20/2025,Applied,Gender Mismatch
APP00129,25,Female,Kisumu,Certificate,P007,Women Digital Skills,9/14/2024,Qualified,No Response
APP00130,26,Male,Mombasa,Bachelor's,P007,Women Digital Skills,9/28/2025,Applied,Gender Mismatch
APP00131,21,Female,Mombasa,KCSE,P005,Django Girls,6/25/2024,Interviewed,Declined Offer
APP00132,25,Female,Nairobi,Certificate,P001,STEM Cafe Kenya,2/23/2025,Qualified,Interview Slots Full
APP00133,24,Male,Kisumu,KCSE,P003,Code Hack,1/25/2025,Applied,Gender Mismatch
APP00134,26,Female,Lamu,Certificate,P008,Web Development Classes,4/27/2024,Qualified,No Response
APP00135,27,Female,Taita Taveta,KCSE,P001,STEM Cafe Kenya,8/4/2024,Enrolled,
APP00136,27,Female,Mombasa,Diploma,P008,Web Development Classes,7/18/2024,Enrolled,
APP00137,27,Female,Mombasa,Certificate,P001,STEM Cafe Kenya,4/9/2025,Qualified,Interview Slots Full
APP00138,18,Female,Taita Taveta,KCSE,P003,Code Hack,4/26/2024,Qualified,Interview Slots Full
APP00139,26,Female,Kisumu,KCSE,P008,Web Development Classes,9/13/2024,Applied,Incomplete Application
APP00140,27,Female,Nakuru,Diploma,P005,Django Girls,4/22/2024,Applied,Incomplete Application
APP00141,18,Female,Nairobi,Diploma,P004,Africa Code Week,4/2/2024,Qualified,Interview Slots Full
APP00142,25,Male,Mombasa,Certificate,P003,Code Hack,8/6/2024,Applied,Gender Mismatch
APP00143,19,Female,Lamu,KCSE,P006,Mombasa Girls in STEM,4/10/2025,Applied,Did Not Meet Requirements
APP00144,21,Female,Kilifi,Certificate,P008,Web Development Classes,2/9/2024,Qualified,No Response
APP00145,25,Female,Mombasa,KCSE,P004,Africa Code Week,7/10/2025,Qualified,No Response
APP00146,31,Male,Lamu,Bachelor's,P004,Africa Code Week,3/16/2024,Applied,Gender Mismatch
APP00147,23,Female,Nairobi,Certificate,P002,Technovation,1/9/2024,Interviewed,Low Interview Score
APP00148,27,Female,Kisumu,Diploma,P008,Web Development Classes,2/1/2025,Enrolled,
APP00149,26,Female,Nairobi,Certificate,P004,Africa Code Week,3/12/2024,Qualified,Could Not Be Reached
APP00150,31,Female,Taita Taveta,Bachelor's,P006,Mombasa Girls in STEM,9/17/2025,Interviewed,Cohort Full
APP00151,22,Female,Kwale,Certificate,P003,Code Hack,4/4/2025,Applied,Did Not Meet Requirements
APP00152,18,Female,Mombasa,KCSE,P001,STEM Cafe Kenya,3/7/2025,Qualified,Interview Slots Full
APP00153,21,Female,Kilifi,Diploma,P005,Django Girls,9/13/2024,Applied,Did Not Meet Requirements
APP00154,18,Female,Mombasa,KCSE,P008,Web Development Classes,1/4/2025,Qualified,No Response
APP00155,23,Female,Mombasa,Diploma,P005,Django Girls,8/10/2025,Applied,Did Not Meet Requirements
APP00156,20,Female,Nakuru,KCSE,P005,Django Girls,3/22/2024,Enrolled,
APP00157,19,Male,Kilifi,Certificate,P001,STEM Cafe Kenya,1/23/2024,Applied,Gender Mismatch
APP00158,19,Female,Nairobi,KCSE,P003,Code Hack,1/14/2024,Interviewed,Cohort Full
APP00159,20,Female,Mombasa,Diploma,P004,Africa Code Week,8/7/2024,Applied,Incomplete Application
APP00160,26,Female,Nakuru,Certificate,P008,Web Development Classes,1/30/2025,Enrolled,
APP00161,24,Female,Nairobi,Diploma,P003,Code Hack,4/23/2025,Qualified,Interview Slots Full
APP00162,29,Female,Nairobi,Bachelor's,P004,Africa Code Week,7/1/2025,Qualified,No Response
APP00163,18,Female,Lamu,KCSE,P003,Code Hack,3/16/2025,Qualified,Interview Slots Full
APP00164,20,Female,Mombasa,KCSE,P004,Africa Code Week,4/7/2025,Qualified,No Response
APP00165,31,Female,Tana River,Bachelor's,P004,Africa Code Week,8/31/2025,Interviewed,Declined Offer
APP00166,21,Female,Taita Taveta,KCSE,P007,Women Digital Skills,2/4/2025,Applied,Incomplete Application
APP00167,18,Female,Nakuru,KCSE,P004,Africa Code Week,6/27/2024,Qualified,Could Not Be Reached
APP00168,26,Female,Tana River,Diploma,P002,Technovation,3/7/2024,Qualified,Could Not Be Reached
APP00169,24,Female,Nakuru,Certificate,P007,Women Digital Skills,8/4/2025,Interviewed,Declined Offer
APP00170,19,Female,Mombasa,KCSE,P004,Africa Code Week,2/23/2025,Applied,Incomplete Application
APP00171,22,Female,Nairobi,KCSE,P001,STEM Cafe Kenya,6/24/2024,Enrolled,
APP00172,19,Female,Mombasa,Certificate,P001,STEM Cafe Kenya,4/26/2025,Interviewed,Low Interview Score
APP00173,19,Female,Nakuru,KCSE,P006,Mombasa Girls in STEM,7/22/2024,Applied,Incomplete Application
APP00174,26,Female,Kilifi,KCSE,P006,Mombasa Girls in STEM,8/10/2024,Qualified,Interview Slots Full
APP00175,22,Female,Nairobi,Diploma,P001,STEM Cafe Kenya,8/14/2024,Applied,Did Not Meet Requirements
APP00176,19,Female,Nairobi,Certificate,P005,Django Girls,4/15/2025,Enrolled,
APP00177,23,Female,Nakuru,Certificate,P001,STEM Cafe Kenya,3/29/2025,Enrolled,
APP00178,27,Female,Nakuru,Certificate,P001,STEM Cafe Kenya,9/14/2024,Qualified,Could Not Be Reached
APP00179,25,Female,Mombasa,KCSE,P004,Africa Code Week,4/23/2025,Applied,Did Not Meet Requirements
APP00180,19,Female,Nakuru,KCSE,P003,Code Hack,9/13/2025,Interviewed,Low Interview Score
APP00181,22,Female,Nakuru,KCSE,P004,Africa Code Week,2/8/2024,Qualified,No Response
APP00182,18,Female,Nairobi,KCSE,P001,STEM Cafe Kenya,9/10/2024,Qualified,Could Not Be Reached
APP00183,33,Female,Nairobi,Bachelor's,P002,Technovation,6/14/2025,Interviewed,Declined Offer
APP00184,23,Female,Nakuru,Bachelor's,P004,Africa Code Week,3/28/2025,Enrolled,
APP00185,25,Female,Nakuru,Diploma,P003,Code Hack,7/22/2025,Applied,Incomplete Application
APP00186,27,Male,Lamu,Diploma,P005,Django Girls,3/21/2024,Applied,Gender Mismatch
APP00187,21,Female,Taita Taveta,Diploma,P005,Django Girls,8/1/2025,Applied,Incomplete Application
APP00188,20,Female,Tana River,KCSE,P002,Technovation,7/24/2025,Applied,Did Not Meet Requirements
APP00189,20,Female,Kisumu,Certificate,P002,Technovation,6/27/2025,Applied,Incomplete Application
APP00190,18,Female,Kisumu,Diploma,P001,STEM Cafe Kenya,8/25/2025,Enrolled,
APP00191,33,Female,Tana River,Diploma,P008,Web Development Classes,9/4/2024,Applied,Incomplete Application
APP00192,20,Female,Kwale,Certificate,P004,Africa Code Week,8/8/2025,Interviewed,Declined Offer
APP00193,33,Female,Kwale,Bachelor's,P001,STEM Cafe Kenya,8/20/2025,Enrolled,
APP00194,20,Female,Tana River,KCSE,P002,Technovation,7/7/2024,Qualified,Interview Slots Full
APP00195,23,Female,Mombasa,Bachelor's,P001,STEM Cafe Kenya,8/1/2024,Applied,Did Not Meet Requirements
APP00196,23,Female,Nairobi,Diploma,P008,Web Development Classes,2/1/2025,Applied,Incomplete Application
APP00197,28,Female,Nairobi,Master's,P001,STEM Cafe Kenya,1/24/2024,Enrolled,
APP00198,19,Female,Mombasa,KCSE,P001,STEM Cafe Kenya,1/7/2025,Enrolled,
APP00199,19,Female,Kwale,KCSE,P007,Women Digital Skills,2/16/2025,Qualified,Could Not Be Reached
APP00200,28,Female,Nairobi,Master's,P008,Web Development Classes,2/16/2025,Qualified,No Response
APP00201,24,Female,Nakuru,Certificate,P004,Africa Code Week,2/14/2025,Qualified,Interview Slots Full
APP00202,22,Female,Nairobi,KCSE,P008,Web Development Classes,8/5/2024,Applied,Did Not Meet Requirements
APP00203,33,Male,Mombasa,Master's,P002,Technovation,6/17/2024,Applied,Gender Mismatch
APP00204,18,Female,Lamu,Diploma,P004,Africa Code Week,2/19/2025,Enrolled,
APP00205,23,Female,Kilifi,Bachelor's,P005,Django Girls,4/30/2025,Qualified,No Response
APP00206,30,Female,Taita Taveta,Bachelor's,P008,Web Development Classes,9/26/2024,Qualified,Could Not Be Reached
APP00207,21,Female,Taita Taveta,KCSE,P006,Mombasa Girls in STEM,6/23/2025,Qualified,Could Not Be Reached
APP00208,20,Female,Kisumu,KCSE,P007,Women Digital Skills,4/21/2025,Applied,Incomplete Application
APP00209,24,Female,Nakuru,Bachelor's,P004,Africa Code Week,7/14/2025,Interviewed,Declined Offer
APP00210,18,Female,Kilifi,KCSE,P003,Code Hack,8/5/2024,Applied,Incomplete Application
APP00211,18,Female,Mombasa,Diploma,P002,Technovation,6/8/2025,Applied,Did Not Meet Requirements
APP00212,22,Female,Kwale,KCSE,P001,STEM Cafe Kenya,3/13/2024,Applied,Did Not Meet Requirements
APP00213,23,Female,Nairobi,Bachelor's,P005,Django Girls,1/28/2024,Applied,Incomplete Application
APP00214,32,Female,Kisumu,Master's,P004,Africa Code Week,2/17/2024,Qualified,Interview Slots Full
APP00215,35,Female,Nairobi,Master's,P004,Africa Code Week,4/29/2025,Interviewed,Cohort Full
APP00216,25,Female,Mombasa,Certificate,P008,Web Development Classes,3/7/2025,Applied,Incomplete Application
APP00217,27,Female,Nairobi,Diploma,P006,Mombasa Girls in STEM,7/25/2024,Applied,Did Not Meet Requirements
APP00218,20,Female,Taita Taveta,KCSE,P002,Technovation,1/19/2024,Interviewed,Cohort Full
APP00219,22,Female,Lamu,Diploma,P005,Django Girls,4/18/2025,Qualified,Could Not Be Reached
APP00220,26,Female,Nairobi,Bachelor's,P004,Africa Code Week,2/26/2025,Qualified,Interview Slots Full
APP00221,18,Female,Lamu,KCSE,P008,Web Development Classes,6/3/2025,Qualified,No Response
APP00222,28,Female,Nairobi,Master's,P007,Women Digital Skills,1/14/2024,Qualified,No Response
APP00223,18,Female,Kisumu,KCSE,P004,Africa Code Week,3/29/2024,Applied,Incomplete Application
APP00224,20,Female,Kilifi,Diploma,P007,Women Digital Skills,3/11/2025,Qualified,Interview Slots Full
APP00225,29,Female,Mombasa,Bachelor's,P001,STEM Cafe Kenya,7/13/2024,Interviewed,Cohort Full
APP00226,25,Female,Mombasa,Diploma,P001,STEM Cafe Kenya,7/8/2025,Enrolled,
APP00227,22,Female,Kisumu,KCSE,P003,Code Hack,8/21/2024,Qualified,No Response
APP00228,25,Female,Kilifi,Diploma,P002,Technovation,4/14/2025,Qualified,Could Not Be Reached
APP00229,22,Female,Mombasa,Certificate,P004,Africa Code Week,2/19/2024,Interviewed,Low Interview Score
APP00230,22,Female,Taita Taveta,KCSE,P004,Africa Code Week,8/23/2024,Qualified,Could Not Be Reached
APP00231,18,Female,Mombasa,Certificate,P001,STEM Cafe Kenya,6/20/2024,Applied,Did Not Meet Requirements
APP00232,18,Male,Mombasa,KCSE,P006,Mombasa Girls in STEM,8/17/2025,Applied,Gender Mismatch
APP00233,30,Female,Nairobi,Diploma,P003,Code Hack,1/5/2024,Qualified,Interview Slots Full
APP00234,24,Female,Taita Taveta,KCSE,P003,Code Hack,8/6/2025,Qualified,Interview Slots Full
APP00235,19,Female,Kisumu,KCSE,P005,Django Girls,9/21/2025,Qualified,Interview Slots Full
APP00236,23,Male,Mombasa,Bachelor's,P007,Women Digital Skills,7/12/2024,Applied,Gender Mismatch
APP00237,28,Female,Tana River,Master's,P002,Technovation,3/20/2024,Applied,Did Not Meet Requirements
APP00238,22,Female,Nakuru,Diploma,P004,Africa Code Week,6/18/2024,Applied,Did Not Meet Requirements
APP00239,21,Male,Nairobi,KCSE,P007,Women Digital Skills,2/4/2025,Applied,Gender Mismatch
APP00240,23,Female,Mombasa,Diploma,P004,Africa Code Week,6/1/2025,Enrolled,
APP00241,22,Female,Mombasa,Certificate,P004,Africa Code Week,4/3/2025,Applied,Incomplete Application
APP00242,21,Female,Kisumu,KCSE,P008,Web Development Classes,1/23/2025,Qualified,No Response
APP00243,27,Female,Kisumu,Certificate,P007,Women Digital Skills,7/29/2024,Enrolled,
APP00244,21,Female,Kisumu,KCSE,P006,Mombasa Girls in STEM,6/30/2024,Applied,Incomplete Application
APP00245,19,Female,Kisumu,KCSE,P003,Code Hack,2/29/2024,Applied,Did Not Meet Requirements
APP00246,19,Female,Kilifi,KCSE,P004,Africa Code Week,1/10/2024,Applied,Incomplete Application
APP00247,22,Female,Tana River,Certificate,P007,Women Digital Skills,6/3/2025,Qualified,Interview Slots Full
APP00248,28,Female,Nairobi,Bachelor's,P007,Women Digital Skills,8/29/2025,Interviewed,Declined Offer
APP00249,18,Female,Kwale,KCSE,P005,Django Girls,8/24/2024,Enrolled,
APP00250,27,Male,Mombasa,Certificate,P008,Web Development Classes,4/23/2025,Applied,Gender Mismatch
APP00251,33,Female,Kisumu,Bachelor's,P003,Code Hack,4/4/2024,Enrolled,
APP00252,30,Female,Kilifi,Bachelor's,P003,Code Hack,3/9/2025,Enrolled,
APP00253,21,Female,Nairobi,KCSE,P004,Africa Code Week,8/7/2025,Qualified,Could Not Be Reached
APP00254,21,Male,Kisumu,KCSE,P007,Women Digital Skills,3/15/2025,Applied,Gender Mismatch
APP00255,19,Female,Mombasa,KCSE,P004,Africa Code Week,3/17/2025,Applied,Incomplete Application
APP00256,23,Female,Mombasa,Certificate,P003,Code Hack,9/21/2025,Applied,Incomplete Application
APP00257,26,Female,Nakuru,Bachelor's,P002,Technovation,9/10/2024,Applied,Did Not Meet Requirements
APP00258,25,Female,Lamu,KCSE,P006,Mombasa Girls in STEM,9/14/2024,Interviewed,Cohort Full
APP00259,34,Female,Kilifi,Diploma,P002,Technovation,8/9/2024,Applied,Did Not Meet Requirements
APP00260,26,Female,Nakuru,Certificate,P004,Africa Code Week,9/6/2025,Applied,Did Not Meet Requirements
APP00261,26,Female,Taita Taveta,Diploma,P005,Django Girls,6/8/2025,Interviewed,Cohort Full
APP00262,27,Female,Kilifi,Diploma,P001,STEM Cafe Kenya,2/17/2024,Qualified,No Response
APP00263,20,Female,Kilifi,KCSE,P004,Africa Code Week,8/19/2025,Applied,Incomplete Application
APP00264,29,Female,Kwale,Bachelor's,P002,Technovation,3/23/2024,Qualified,Could Not Be Reached
APP00265,20,Female,Mombasa,KCSE,P007,Women Digital Skills,2/26/2024,Qualified,Could Not Be Reached
APP00266,35,Female,Mombasa,Diploma,P005,Django Girls,1/12/2025,Interviewed,Cohort Full
APP00267,19,Female,Tana River,KCSE,P002,Technovation,9/16/2024,Applied,Incomplete Application
APP00268,19,Female,Kilifi,KCSE,P008,Web Development Classes,3/16/2024,Applied,Did Not Meet Requirements
APP00269,35,Female,Mombasa,Master's,P004,Africa Code Week,4/26/2024,Qualified,Interview Slots Full
APP00270,19,Female,Kisumu,KCSE,P008,Web Development Classes,3/28/2024,Applied,Did Not Meet Requirements
APP00271,22,Female,Mombasa,Certificate,P006,Mombasa Girls in STEM,6/25/2025,Qualified,Interview Slots Full
APP00272,30,Female,Kilifi,Bachelor's,P002,Technovation,1/24/2025,Applied,Did Not Meet Requirements
APP00273,18,Female,Kilifi,KCSE,P008,Web Development Classes,7/27/2024,Qualified,Interview Slots Full
APP00274,19,Female,Nairobi,KCSE,P002,Technovation,9/14/2025,Interviewed,Cohort Full
APP00275,23,Female,Taita Taveta,Bachelor's,P001,STEM Cafe Kenya,4/29/2024,Interviewed,Low Interview Score
APP00276,21,Female,Mombasa,Certificate,P002,Technovation,2/2/2025,Qualified,No Response
APP00277,25,Female,Nairobi,Certificate,P004,Africa Code Week,2/25/2025,Applied,Did Not Meet Requirements
APP00278,24,Female,Kwale,Diploma,P005,Django Girls,7/1/2024,Applied,Incomplete Application
APP00279,20,Female,Nakuru,KCSE,P005,Django Girls,6/23/2025,Qualified,Could Not Be Reached
APP00280,22,Female,Mombasa,Certificate,P006,Mombasa Girls in STEM,2/8/2025,Qualified,No Response
APP00281,32,Female,Nairobi,Diploma,P006,Mombasa Girls in STEM,9/26/2025,Qualified,Interview Slots Full
APP00282,22,Female,Kilifi,KCSE,P004,Africa Code Week,7/18/2024,Qualified,Could Not Be Reached
APP00283,20,Female,Mombasa,KCSE,P002,Technovation,3/17/2025,Enrolled,
APP00284,28,Female,Taita Taveta,Bachelor's,P002,Technovation,8/26/2025,Applied,Did Not Meet Requirements
APP00285,24,Female,Mombasa,Diploma,P007,Women Digital Skills,2/2/2025,Enrolled,
APP00286,25,Female,Kwale,Certificate,P005,Django Girls,6/3/2024,Qualified,No Response
APP00287,21,Female,Kisumu,KCSE,P001,STEM Cafe Kenya,4/21/2024,Enrolled,
APP00288,30,Female,Mombasa,Bachelor's,P005,Django Girls,8/5/2024,Interviewed,Cohort Full
APP00289,24,Female,Nairobi,KCSE,P001,STEM Cafe Kenya,4/16/2024,Applied,Did Not Meet Requirements
APP00290,19,Female,Kwale,KCSE,P006,Mombasa Girls in STEM,6/24/2024,Qualified,Could Not Be Reached
APP00291,20,Female,Kisumu,KCSE,P003,Code Hack,7/25/2025,Applied,Incomplete Application
APP00292,22,Female,Kilifi,KCSE,P004,Africa Code Week,7/10/2025,Qualified,Interview Slots Full
APP00293,19,Female,Nairobi,KCSE,P001,STEM Cafe Kenya,9/6/2025,Applied,Did Not Meet Requirements
APP00294,21,Female,Kwale,KCSE,P007,Women Digital Skills,9/26/2024,Enrolled,
APP00295,21,Female,Mombasa,KCSE,P004,Africa Code Week,2/15/2024,Applied,Incomplete Application
APP00296,34,Female,Kisumu,Bachelor's,P006,Mombasa Girls in STEM,2/20/2024,Applied,Did Not Meet Requirements
APP00297,24,Female,Nairobi,Diploma,P004,Africa Code Week,7/7/2025,Enrolled,
APP00298,18,Female,Nakuru,Certificate,P001,STEM Cafe Kenya,7/16/2025,Qualified,Interview Slots Full
APP00299,29,Female,Kwale,Bachelor's,P002,Technovation,4/5/2024,Applied,Incomplete Application
APP00300,19,Female,Kwale,Diploma,P004,Africa Code Week,9/29/2024,Enrolled,
APP00301,19,Female,Kisumu,KCSE,P005,Django Girls,4/19/2025,Applied,Did Not Meet Requirements
APP00302,18,Female,Kwale,KCSE,P005,Django Girls,7/11/2024,Qualified,Could Not Be Reached
APP00303,27,Female,Kisumu,Bachelor's,P002,Technovation,1/29/2024,Applied,Incomplete Application
APP00304,24,Female,Mombasa,Certificate,P004,Africa Code Week,1/23/2025,Applied,Incomplete Application
APP00305,35,Female,Nakuru,Diploma,P002,Technovation,4/30/2025,Qualified,Could Not Be Reached
APP00306,23,Female,Mombasa,Diploma,P004,Africa Code Week,3/8/2024,Applied,Incomplete Application
APP00307,25,Female,Kisumu,Certificate,P001,STEM Cafe Kenya,4/21/2025,Qualified,Could Not Be Reached
APP00308,29,Female,Nakuru,Bachelor's,P008,Web Development Classes,4/11/2024,Applied,Incomplete Application
APP00309,33,Female,Taita Taveta,Bachelor's,P005,Django Girls,2/22/2024,Enrolled,
APP00310,22,Male,Taita Taveta,KCSE,P001,STEM Cafe Kenya,4/6/2024,Applied,Gender Mismatch
APP00311,25,Female,Nairobi,Bachelor's,P001,STEM Cafe Kenya,7/27/2024,Applied,Incomplete Application
APP00312,20,Female,Mombasa,KCSE,P003,Code Hack,6/4/2024,Qualified,Interview Slots Full
APP00313,19,Female,Lamu,KCSE,P001,STEM Cafe Kenya,2/3/2025,Qualified,No Response
APP00314,21,Female,Nairobi,KCSE,P001,STEM Cafe Kenya,4/20/2025,Qualified,Could Not Be Reached
APP00315,26,Female,Nairobi,KCSE,P001,STEM Cafe Kenya,1/1/2024,Qualified,Could Not Be Reached
APP00316,27,Female,Nairobi,Bachelor's,P005,Django Girls,6/12/2025,Applied,Incomplete Application
APP00317,23,Female,Kwale,Diploma,P007,Women Digital Skills,4/2/2025,Applied,Did Not Meet Requirements
APP00318,20,Female,Kwale,KCSE,P001,STEM Cafe Kenya,4/6/2024,Interviewed,Cohort Full
APP00319,26,Female,Kilifi,Certificate,P007,Women Digital Skills,6/18/2025,Qualified,No Response
APP00320,18,Female,Nairobi,KCSE,P005,Django Girls,6/14/2024,Applied,Did Not Meet Requirements
APP00321,28,Female,Kilifi,Bachelor's,P005,Django Girls,6/30/2024,Applied,Did Not Meet Requirements
APP00322,26,Female,Kwale,KCSE,P004,Africa Code Week,7/25/2025,Enrolled,
APP00323,25,Female,Kilifi,KCSE,P003,Code Hack,2/21/2024,Applied,Incomplete Application
APP00324,29,Female,Mombasa,Diploma,P004,Africa Code Week,1/27/2025,Qualified,No Response
APP00325,22,Female,Kisumu,KCSE,P004,Africa Code Week,3/11/2024,Enrolled,
APP00326,25,Female,Nakuru,Diploma,P003,Code Hack,9/24/2025,Applied,Incomplete Application
APP00327,20,Female,Taita Taveta,KCSE,P001,STEM Cafe Kenya,4/16/2024,Interviewed,Low Interview Score
APP00328,27,Female,Mombasa,Diploma,P003,Code Hack,3/13/2025,Interviewed,Declined Offer
APP00329,34,Female,Kisumu,Bachelor's,P007,Women Digital Skills,7/28/2025,Interviewed,Cohort Full
APP00330,25,Female,Mombasa,Certificate,P001,STEM Cafe Kenya,6/26/2024,Applied,Did Not Meet Requirements
APP00331,22,Female,Mombasa,KCSE,P002,Technovation,1/8/2025,Qualified,Could Not Be Reached
APP00332,22,Male,Nakuru,Certificate,P001,STEM Cafe Kenya,3/3/2024,Applied,Gender Mismatch
APP00333,33,Female,Kisumu,Bachelor's,P008,Web Development Classes,3/3/2024,Qualified,Interview Slots Full
APP00334,24,Female,Taita Taveta,Diploma,P004,Africa Code Week,9/22/2025,Qualified,Interview Slots Full
APP00335,25,Female,Nakuru,Bachelor's,P008,Web Development Classes,1/22/2025,Qualified,No Response
APP00336,25,Female,Mombasa,Certificate,P006,Mombasa Girls in STEM,4/19/2024,Interviewed,Declined Offer
APP00337,26,Female,Mombasa,Diploma,P001,STEM Cafe Kenya,8/27/2024,Qualified,Could Not Be Reached
APP00338,27,Female,Mombasa,KCSE,P006,Mombasa Girls in STEM,1/24/2024,Interviewed,Cohort Full
APP00339,21,Female,Nakuru,KCSE,P008,Web Development Classes,3/1/2024,Applied,Incomplete Application
APP00340,32,Female,Kwale,Master's,P006,Mombasa Girls in STEM,9/21/2025,Applied,Incomplete Application
APP00341,24,Female,Nairobi,Bachelor's,P002,Technovation,8/21/2024,Applied,Incomplete Application
APP00342,19,Female,Mombasa,KCSE,P007,Women Digital Skills,1/24/2024,Qualified,Could Not Be Reached
APP00343,26,Female,Kisumu,KCSE,P002,Technovation,7/9/2024,Enrolled,
APP00344,30,Female,Kisumu,Bachelor's,P003,Code Hack,4/4/2024,Applied,Did Not Meet Requirements
APP00345,22,Female,Kisumu,KCSE,P008,Web Development Classes,4/8/2024,Enrolled,
APP00346,26,Female,Kisumu,Diploma,P002,Technovation,9/6/2025,Enrolled,
APP00347,23,Male,Nakuru,KCSE,P002,Technovation,4/29/2025,Applied,Gender Mismatch
APP00348,27,Female,Lamu,KCSE,P006,Mombasa Girls in STEM,7/30/2024,Qualified,No Response
APP00349,18,Male,Mombasa,KCSE,P002,Technovation,4/19/2024,Applied,Gender Mismatch
APP00350,20,Female,Nairobi,Certificate,P001,STEM Cafe Kenya,9/12/2025,Enrolled,
APP00351,19,Female,Nairobi,Certificate,P002,Technovation,7/29/2024,Interviewed,Cohort Full
APP00352,18,Female,Nakuru,Certificate,P001,STEM Cafe Kenya,3/12/2024,Applied,Incomplete Application
APP00353,19,Female,Kilifi,KCSE,P008,Web Development Classes,2/10/2025,Enrolled,
APP00354,22,Female,Nairobi,Certificate,P003,Code Hack,8/21/2024,Applied,Incomplete Application
APP00355,18,Female,Nairobi,KCSE,P005,Django Girls,6/28/2025,Applied,Incomplete Application
APP00356,19,Female,Kisumu,KCSE,P005,Django Girls,8/5/2024,Applied,Incomplete Application
APP00357,20,Female,Nairobi,KCSE,P001,STEM Cafe Kenya,4/11/2024,Qualified,No Response
APP00358,20,Female,Mombasa,Certificate,P004,Africa Code Week,2/4/2025,Qualified,No Response
APP00359,35,Female,Nairobi,Bachelor's,P007,Women Digital Skills,9/2/2024,Applied,Incomplete Application
APP00360,21,Female,Mombasa,KCSE,P004,Africa Code Week,1/4/2025,Qualified,Interview Slots Full
APP00361,18,Female,Mombasa,KCSE,P001,STEM Cafe Kenya,9/1/2025,Qualified,Could Not Be Reached
APP00362,19,Female,Kilifi,Diploma,P003,Code Hack,7/31/2024,Applied,Incomplete Application
APP00363,25,Female,Taita Taveta,Diploma,P004,Africa Code Week,1/12/2024,Qualified,Interview Slots Full
APP00364,20,Female,Kilifi,Certificate,P005,Django Girls,3/22/2024,Qualified,Interview Slots Full
APP00365,21,Female,Nakuru,Certificate,P004,Africa Code Week,3/30/2025,Interviewed,Declined Offer
APP00366,21,Female,Nairobi,KCSE,P003,Code Hack,6/18/2024,Qualified,No Response
APP00367,25,Female,Kwale,Diploma,P006,Mombasa Girls in STEM,1/21/2025,Applied,Incomplete Application
APP00368,22,Female,Kwale,Certificate,P004,Africa Code Week,1/29/2025,Interviewed,Declined Offer
APP00369,18,Male,Nakuru,Certificate,P007,Women Digital Skills,2/7/2025,Applied,Gender Mismatch
APP00370,24,Female,Kilifi,KCSE,P001,STEM Cafe Kenya,3/24/2024,Qualified,Could Not Be Reached
APP00371,21,Male,Nakuru,KCSE,P003,Code Hack,6/6/2025,Applied,Gender Mismatch
APP00372,20,Female,Nakuru,KCSE,P002,Technovation,1/26/2025,Enrolled,
APP00373,25,Female,Nakuru,Diploma,P004,Africa Code Week,3/23/2024,Interviewed,Low Interview Score
APP00374,23,Female,Kwale,Diploma,P006,Mombasa Girls in STEM,4/12/2025,Qualified,Interview Slots Full
APP00375,27,Female,Mombasa,Certificate,P004,Africa Code Week,9/11/2024,Interviewed,Cohort Full
APP00376,29,Female,Kisumu,Bachelor's,P005,Django Girls,4/2/2025,Qualified,Interview Slots Full
APP00377,20,Female,Kisumu,Diploma,P004,Africa Code Week,9/1/2025,Qualified,Could Not Be Reached
APP00378,25,Female,Tana River,KCSE,P001,STEM Cafe Kenya,8/9/2024,Interviewed,Low Interview Score
APP00379,21,Female,Kisumu,KCSE,P004,Africa Code Week,1/27/2024,Interviewed,Declined Offer
APP00380,26,Female,Kwale,Diploma,P002,Technovation,9/30/2025,Qualified,No Response
APP00381,20,Female,Tana River,KCSE,P005,Django Girls,8/22/2025,Qualified,No Response
APP00382,34,Female,Taita Taveta,Diploma,P007,Women Digital Skills,8/17/2024,Applied,Incomplete Application
APP00383,28,Female,Nairobi,Bachelor's,P004,Africa Code Week,3/30/2025,Interviewed,Low Interview Score
APP00384,24,Female,Kilifi,Certificate,P002,Technovation,8/13/2024,Qualified,Interview Slots Full
APP00385,23,Female,Mombasa,KCSE,P002,Technovation,9/16/2025,Interviewed,Low Interview Score
APP00386,24,Female,Nairobi,Certificate,P007,Women Digital Skills,4/4/2024,Applied,Did Not Meet Requirements
APP00387,24,Female,Kisumu,Certificate,P004,Africa Code Week,2/19/2024,Interviewed,Cohort Full
APP00388,31,Female,Kwale,Bachelor's,P005,Django Girls,1/4/2024,Enrolled,
APP00389,21,Female,Nairobi,Certificate,P006,Mombasa Girls in STEM,1/6/2024,Enrolled,
APP00390,35,Female,Nairobi,Bachelor's,P002,Technovation,4/14/2024,Interviewed,Cohort Full
APP00391,34,Female,Nakuru,Diploma,P001,STEM Cafe Kenya,1/22/2024,Enrolled,
APP00392,27,Female,Mombasa,Diploma,P007,Women Digital Skills,6/10/2025,Applied,Incomplete Application
APP00393,19,Female,Nakuru,KCSE,P002,Technovation,3/11/2024,Enrolled,
APP00394,32,Female,Mombasa,Diploma,P006,Mombasa Girls in STEM,8/14/2024,Applied,Did Not Meet Requirements
APP00395,24,Male,Nairobi,Certificate,P002,Technovation,6/3/2024,Applied,Gender Mismatch
APP00396,27,Female,Nakuru,Certificate,P006,Mombasa Girls in STEM,3/5/2024,Interviewed,Declined Offer
APP00397,23,Female,Kisumu,Bachelor's,P002,Technovation,7/29/2024,Qualified,Interview Slots Full
APP00398,32,Female,Nakuru,Bachelor's,P001,STEM Cafe Kenya,4/11/2024,Applied,Did Not Meet Requirements
APP00399,21,Female,Lamu,KCSE,P005,Django Girls,1/22/2025,Qualified,Interview Slots Full
APP00400,19,Female,Lamu,KCSE,P003,Code Hack,2/25/2024,Applied,Incomplete Application
APP00401,25,Female,Kisumu,Diploma,P004,Africa Code Week,4/27/2024,Enrolled,
APP00402,27,Female,Lamu,KCSE,P005,Django Girls,7/14/2024,Applied,Incomplete Application
APP00403,21,Female,Kisumu,KCSE,P001,STEM Cafe Kenya,6/22/2025,Qualified,Could Not Be Reached
APP00404,30,Female,Taita Taveta,Bachelor's,P004,Africa Code Week,3/12/2024,Enrolled,
APP00405,30,Female,Kwale,Bachelor's,P002,Technovation,6/12/2024,Qualified,Could Not Be Reached
APP00406,24,Male,Kilifi,Diploma,P003,Code Hack,4/24/2025,Applied,Gender Mismatch
APP00407,19,Male,Kilifi,KCSE,P007,Women Digital Skills,8/28/2024,Applied,Gender Mismatch
APP00408,32,Male,Tana River,Bachelor's,P004,Africa Code Week,2/7/2025,Applied,Gender Mismatch
APP00409,22,Female,Mombasa,KCSE,P001,STEM Cafe Kenya,1/25/2024,Enrolled,
APP00410,28,Female,Mombasa,Bachelor's,P004,Africa Code Week,9/8/2024,Qualified,No Response
APP00411,20,Female,Nairobi,KCSE,P004,Africa Code Week,2/23/2025,Applied,Did Not Meet Requirements
APP00412,27,Female,Lamu,Certificate,P007,Women Digital Skills,8/7/2024,Applied,Incomplete Application
APP00413,27,Female,Mombasa,Certificate,P004,Africa Code Week,3/5/2024,Applied,Incomplete Application
APP00414,35,Female,Mombasa,Master's,P002,Technovation,1/31/2025,Qualified,Could Not Be Reached
APP00415,21,Female,Mombasa,KCSE,P003,Code Hack,3/16/2024,Qualified,Could Not Be Reached
APP00416,34,Female,Tana River,Bachelor's,P001,STEM Cafe Kenya,4/5/2024,Qualified,Could Not Be Reached
APP00417,30,Female,Kisumu,Bachelor's,P002,Technovation,3/28/2024,Enrolled,
APP00418,23,Male,Mombasa,Certificate,P003,Code Hack,6/14/2025,Applied,Gender Mismatch
APP00419,22,Female,Nairobi,KCSE,P004,Africa Code Week,8/11/2024,Qualified,Interview Slots Full
APP00420,20,Female,Nairobi,KCSE,P002,Technovation,4/4/2025,Qualified,No Response
APP00421,22,Female,Tana River,KCSE,P001,STEM Cafe Kenya,8/11/2024,Qualified,Interview Slots Full
APP00422,20,Female,Nairobi,Certificate,P003,Code Hack,6/24/2024,Enrolled,
APP00423,35,Female,Mombasa,Bachelor's,P003,Code Hack,2/24/2025,Qualified,No Response
APP00424,30,Female,Nairobi,Bachelor's,P002,Technovation,3/26/2025,Qualified,Interview Slots Full
APP00425,22,Female,Mombasa,Diploma,P008,Web Development Classes,4/4/2024,Interviewed,Cohort Full
APP00426,21,Female,Lamu,KCSE,P003,Code Hack,1/1/2025,Applied,Incomplete Application
APP00427,22,Female,Nakuru,KCSE,P004,Africa Code Week,3/7/2025,Enrolled,
APP00428,21,Female,Kwale,KCSE,P004,Africa Code Week,2/15/2025,Enrolled,
APP00429,19,Male,Taita Taveta,Certificate,P007,Women Digital Skills,1/6/2025,Applied,Gender Mismatch
APP00430,27,Male,Kwale,Bachelor's,P002,Technovation,3/5/2024,Applied,Gender Mismatch
APP00431,30,Female,Kilifi,Bachelor's,P005,Django Girls,7/21/2025,Applied,Incomplete Application
APP00432,28,Female,Kwale,Bachelor's,P002,Technovation,3/4/2025,Applied,Did Not Meet Requirements
APP00433,23,Female,Kisumu,Certificate,P007,Women Digital Skills,7/30/2024,Qualified,Interview Slots Full
APP00434,21,Female,Tana River,KCSE,P003,Code Hack,1/5/2024,Applied,Incomplete Application
APP00435,20,Female,Kwale,KCSE,P004,Africa Code Week,7/14/2024,Interviewed,Low Interview Score
APP00436,25,Male,Mombasa,KCSE,P008,Web Development Classes,9/26/2025,Applied,Gender Mismatch
APP00437,26,Female,Nakuru,Diploma,P004,Africa Code Week,7/7/2024,Enrolled,
APP00438,24,Male,Tana River,Certificate,P001,STEM Cafe Kenya,9/3/2025,Applied,Gender Mismatch
APP00439,22,Female,Kisumu,Certificate,P003,Code Hack,9/27/2025,Interviewed,Low Interview Score
APP00440,18,Female,Mombasa,KCSE,P003,Code Hack,2/16/2025,Applied,Incomplete Application
APP00441,22,Female,Mombasa,KCSE,P004,Africa Code Week,4/19/2025,Interviewed,Cohort Full
APP00442,27,Female,Nairobi,Diploma,P004,Africa Code Week,4/19/2024,Applied,Did Not Meet Requirements
APP00443,21,Female,Kisumu,KCSE,P004,Africa Code Week,6/24/2024,Qualified,No Response
APP00444,21,Female,Mombasa,KCSE,P004,Africa Code Week,4/12/2025,Applied,Incomplete Application
APP00445,23,Female,Nairobi,Diploma,P001,STEM Cafe Kenya,8/6/2024,Qualified,Interview Slots Full
APP00446,20,Male,Mombasa,Certificate,P003,Code Hack,6/30/2024,Applied,Gender Mismatch
APP00447,20,Female,Kwale,KCSE,P008,Web Development Classes,7/7/2025,Interviewed,Low Interview Score
APP00448,21,Female,Kwale,KCSE,P001,STEM Cafe Kenya,3/31/2024,Qualified,No Response
APP00449,25,Female,Nakuru,Diploma,P004,Africa Code Week,6/27/2024,Qualified,No Response
APP00450,28,Female,Nairobi,Diploma,P004,Africa Code Week,7/12/2024,Qualified,No Response
APP00451,19,Female,Nakuru,Diploma,P002,Technovation,2/5/2024,Applied,Did Not Meet Requirements
APP00452,21,Female,Nakuru,KCSE,P003,Code Hack,4/16/2025,Interviewed,Cohort Full
APP00453,24,Female,Lamu,Diploma,P004,Africa Code Week,4/1/2025,Enrolled,
APP00454,35,Female,Nakuru,Bachelor's,P008,Web Development Classes,9/26/2024,Applied,Incomplete Application
APP00455,26,Female,Kilifi,KCSE,P006,Mombasa Girls in STEM,2/7/2024,Interviewed,Declined Offer
APP00456,19,Female,Nairobi,KCSE,P003,Code Hack,1/13/2025,Qualified,Interview Slots Full
APP00457,28,Female,Nairobi,Bachelor's,P004,Africa Code Week,8/11/2025,Qualified,No Response
APP00458,20,Female,Kilifi,Certificate,P003,Code Hack,3/6/2025,Interviewed,Cohort Full
APP00459,21,Female,Taita Taveta,KCSE,P002,Technovation,3/3/2025,Qualified,Interview Slots Full
APP00460,19,Female,Nairobi,Certificate,P001,STEM Cafe Kenya,6/17/2024,Enrolled,
APP00461,32,Female,Kwale,Master's,P005,Django Girls,2/16/2024,Enrolled,
APP00462,25,Female,Mombasa,Diploma,P004,Africa Code Week,9/1/2025,Interviewed,Low Interview Score
APP00463,24,Female,Mombasa,KCSE,P001,STEM Cafe Kenya,3/20/2024,Qualified,Interview Slots Full
APP00464,27,Female,Nakuru,KCSE,P004,Africa Code Week,3/9/2024,Qualified,Interview Slots Full
APP00465,25,Female,Mombasa,Certificate,P003,Code Hack,3/9/2025,Interviewed,Low Interview Score
APP00466,25,Female,Nakuru,Diploma,P003,Code Hack,1/11/2024,Applied,Incomplete Application
APP00467,28,Female,Nairobi,Bachelor's,P002,Technovation,1/1/2025,Qualified,No Response
APP00468,20,Female,Lamu,Diploma,P008,Web Development Classes,2/1/2024,Applied,Incomplete Application
APP00469,20,Female,Kisumu,KCSE,P008,Web Development Classes,4/11/2025,Qualified,Interview Slots Full
APP00470,25,Female,Mombasa,Diploma,P004,Africa Code Week,7/1/2024,Applied,Did Not Meet Requirements
APP00471,27,Male,Kwale,Diploma,P003,Code Hack,9/28/2025,Applied,Gender Mismatch
APP00472,29,Female,Taita Taveta,Bachelor's,P005,Django Girls,7/5/2025,Enrolled,
APP00473,24,Male,Mombasa,Certificate,P003,Code Hack,8/18/2025,Applied,Gender Mismatch
APP00474,28,Female,Kwale,Master's,P001,STEM Cafe Kenya,2/10/2025,Applied,Did Not Meet Requirements
APP00475,29,Female,Kisumu,Master's,P001,STEM Cafe Kenya,3/27/2025,Applied,Incomplete Application
APP00476,21,Female,Nairobi,Certificate,P008,Web Development Classes,9/6/2025,Applied,Incomplete Application
APP00477,18,Female,Kwale,KCSE,P001,STEM Cafe Kenya,3/11/2024,Applied,Incomplete Application
APP00478,30,Female,Kilifi,Diploma,P004,Africa Code Week,4/30/2025,Qualified,Interview Slots Full
APP00479,26,Female,Kilifi,KCSE,P001,STEM Cafe Kenya,2/18/2024,Qualified,No Response
APP00480,22,Female,Nairobi,KCSE,P002,Technovation,3/7/2025,Applied,Incomplete Application
APP00481,19,Female,Mombasa,KCSE,P001,STEM Cafe Kenya,8/1/2025,Enrolled,
APP00482,25,Female,Nairobi,Bachelor's,P004,Africa Code Week,8/17/2024,Qualified,Could Not Be Reached
APP00483,35,Female,Kisumu,KCSE,P006,Mombasa Girls in STEM,9/26/2024,Applied,Did Not Meet Requirements
APP00484,21,Male,Nakuru,KCSE,P002,Technovation,9/9/2024,Applied,Gender Mismatch
APP00485,27,Female,Nakuru,Diploma,P001,STEM Cafe Kenya,3/10/2025,Applied,Did Not Meet Requirements
APP00486,33,Female,Kilifi,Diploma,P005,Django Girls,1/11/2024,Applied,Incomplete Application
APP00487,26,Female,Nairobi,KCSE,P001,STEM Cafe Kenya,7/18/2024,Qualified,Interview Slots Full
APP00488,18,Female,Mombasa,Certificate,P004,Africa Code Week,3/23/2025,Interviewed,Declined Offer
APP00489,19,Female,Nakuru,KCSE,P001,STEM Cafe Kenya,6/9/2024,Interviewed,Low Interview Score
APP00490,21,Female,Taita Taveta,Diploma,P008,Web Development Classes,4/30/2024,Applied,Did Not Meet Requirements
APP00491,19,Female,Nakuru,KCSE,P002,Technovation,4/23/2024,Qualified,Interview Slots Full
APP00492,18,Female,Kisumu,KCSE,P001,STEM Cafe Kenya,4/19/2024,Qualified,No Response
APP00493,35,Female,Mombasa,Diploma,P008,Web Development Classes,7/12/2024,Applied,Did Not Meet Requirements
APP00494,33,Female,Kilifi,Bachelor's,P001,STEM Cafe Kenya,7/25/2024,Applied,Incomplete Application
APP00495,22,Female,Tana River,KCSE,P007,Women Digital Skills,7/29/2024,Interviewed,Declined Offer
APP00496,22,Female,Taita Taveta,KCSE,P001,STEM Cafe Kenya,9/3/2024,Applied,Incomplete Application
APP00497,32,Female,Nairobi,Master's,P006,Mombasa Girls in STEM,1/5/2025,Enrolled,
APP00498,20,Female,Nakuru,KCSE,P003,Code Hack,6/5/2024,Applied,Incomplete Application
APP00499,23,Male,Kisumu,Diploma,P003,Code Hack,9/13/2024,Applied,Gender Mismatch
APP00500,20,Female,Lamu,KCSE,P001,STEM Cafe Kenya,7/23/2025,Qualified,No Response
APP00501,34,Male,Kisumu,Bachelor's,P006,Mombasa Girls in STEM,7/16/2025,Applied,Gender Mismatch
APP00502,18,Female,Nakuru,Certificate,P002,Technovation,2/26/2025,Interviewed,Declined Offer
APP00503,18,Female,Nakuru,Diploma,P002,Technovation,8/5/2025,Qualified,No Response
APP00504,19,Female,Nairobi,KCSE,P003,Code Hack,4/23/2025,Applied,Incomplete Application
APP00505,19,Female,Kilifi,Diploma,P006,Mombasa Girls in STEM,3/20/2025,Interviewed,Low Interview Score
APP00506,22,Male,Kisumu,KCSE,P001,STEM Cafe Kenya,6/17/2025,Applied,Gender Mismatch
APP00507,27,Male,Lamu,Bachelor's,P003,Code Hack,3/2/2025,Applied,Gender Mismatch
APP00508,21,Female,Kilifi,KCSE,P007,Women Digital Skills,6/6/2025,Applied,Did Not Meet Requirements
APP00509,35,Female,Nairobi,Bachelor's,P004,Africa Code Week,9/17/2025,Qualified,Interview Slots Full
APP00510,34,Female,Nakuru,Bachelor's,P002,Technovation,8/14/2025,Enrolled,
APP00511,28,Female,Mombasa,Bachelor's,P008,Web Development Classes,3/14/2025,Qualified,Could Not Be Reached
APP00512,18,Female,Kilifi,KCSE,P004,Africa Code Week,9/5/2024,Qualified,No Response
APP00513,23,Female,Nairobi,Bachelor's,P003,Code Hack,1/20/2024,Qualified,Could Not Be Reached
APP00514,34,Female,Mombasa,Bachelor's,P008,Web Development Classes,4/10/2025,Applied,Incomplete Application
APP00515,22,Female,Taita Taveta,KCSE,P008,Web Development Classes,8/12/2025,Applied,Did Not Meet Requirements
APP00516,34,Female,Nairobi,Diploma,P008,Web Development Classes,1/15/2024,Applied,Did Not Meet Requirements
APP00517,23,Female,Kilifi,KCSE,P001,STEM Cafe Kenya,1/11/2024,Qualified,No Response
APP00518,30,Male,Kwale,Bachelor's,P001,STEM Cafe Kenya,1/6/2024,Applied,Gender Mismatch
APP00519,25,Female,Nakuru,Certificate,P003,Code Hack,4/29/2025,Applied,Did Not Meet Requirements
APP00520,18,Female,Mombasa,KCSE,P004,Africa Code Week,7/24/2024,Qualified,Interview Slots Full
APP00521,22,Female,Kisumu,Diploma,P001,STEM Cafe Kenya,6/20/2024,Qualified,Could Not Be Reached
APP00522,29,Female,Kwale,Bachelor's,P002,Technovation,6/23/2024,Interviewed,Cohort Full
APP00523,22,Female,Mombasa,KCSE,P001,STEM Cafe Kenya,9/28/2025,Qualified,Interview Slots Full
APP00524,27,Female,Nairobi,KCSE,P003,Code Hack,1/13/2025,Enrolled,
APP00525,23,Female,Kisumu,Certificate,P002,Technovation,4/26/2024,Enrolled,
APP00526,18,Female,Nairobi,KCSE,P004,Africa Code Week,7/7/2024,Enrolled,
APP00527,27,Female,Tana River,KCSE,P001,STEM Cafe Kenya,2/28/2024,Applied,Did Not Meet Requirements
APP00528,22,Female,Nakuru,Diploma,P003,Code Hack,9/12/2025,Applied,Did Not Meet Requirements
APP00529,21,Female,Mombasa,KCSE,P001,STEM Cafe Kenya,2/4/2025,Interviewed,Cohort Full
APP00530,25,Female,Kwale,Diploma,P004,Africa Code Week,7/13/2025,Enrolled,
APP00531,27,Female,Mombasa,Certificate,P004,Africa Code Week,6/4/2024,Interviewed,Low Interview Score
APP00532,22,Male,Mombasa,KCSE,P002,Technovation,4/13/2025,Applied,Gender Mismatch
APP00533,30,Female,Lamu,Bachelor's,P007,Women Digital Skills,1/22/2025,Qualified,Could Not Be Reached
APP00534,21,Female,Kilifi,KCSE,P001,STEM Cafe Kenya,4/1/2025,Applied,Incomplete Application
APP00535,20,Female,Kwale,Certificate,P002,Technovation,1/28/2024,Interviewed,Cohort Full
APP00536,35,Male,Mombasa,Bachelor's,P002,Technovation,9/21/2025,Applied,Gender Mismatch
APP00537,22,Female,Lamu,KCSE,P006,Mombasa Girls in STEM,7/14/2024,Applied,Did Not Meet Requirements
APP00538,31,Female,Mombasa,Bachelor's,P003,Code Hack,4/17/2025,Applied,Incomplete Application
APP00539,20,Female,Nakuru,Certificate,P004,Africa Code Week,8/10/2024,Applied,Did Not Meet Requirements
APP00540,28,Male,Kwale,Bachelor's,P006,Mombasa Girls in STEM,9/3/2025,Applied,Gender Mismatch
APP00541,23,Female,Mombasa,KCSE,P001,STEM Cafe Kenya,6/16/2025,Qualified,Interview Slots Full
APP00542,26,Female,Kisumu,Certificate,P002,Technovation,3/29/2025,Qualified,Interview Slots Full
APP00543,24,Male,Mombasa,Diploma,P001,STEM Cafe Kenya,2/26/2025,Applied,Gender Mismatch
APP00544,21,Female,Kilifi,KCSE,P004,Africa Code Week,6/2/2024,Enrolled,
APP00545,33,Female,Kilifi,KCSE,P003,Code Hack,4/24/2025,Applied,Incomplete Application
APP00546,18,Female,Taita Taveta,Certificate,P004,Africa Code Week,9/25/2024,Qualified,No Response
APP00547,32,Male,Nairobi,Diploma,P004,Africa Code Week,1/31/2024,Applied,Gender Mismatch
APP00548,31,Female,Mombasa,Bachelor's,P003,Code Hack,2/1/2024,Interviewed,Cohort Full
APP00549,34,Female,Tana River,Diploma,P004,Africa Code Week,4/15/2024,Applied,Did Not Meet Requirements
APP00550,18,Female,Tana River,KCSE,P008,Web Development Classes,7/25/2024,Applied,Did Not Meet Requirements
APP00551,26,Female,Mombasa,Certificate,P001,STEM Cafe Kenya,3/9/2024,Enrolled,
APP00552,25,Female,Kilifi,Bachelor's,P002,Technovation,4/30/2025,Applied,Incomplete Application
APP00553,20,Female,Nakuru,Diploma,P001,STEM Cafe Kenya,8/6/2025,Applied,Did Not Meet Requirements
APP00554,24,Female,Nakuru,Diploma,P008,Web Development Classes,4/26/2024,Interviewed,Declined Offer
APP00555,25,Female,Kilifi,Bachelor's,P001,STEM Cafe Kenya,4/1/2025,Applied,Incomplete Application
APP00556,26,Female,Nairobi,Certificate,P007,Women Digital Skills,7/31/2024,Interviewed,Declined Offer
APP00557,28,Female,Nairobi,Diploma,P004,Africa Code Week,2/11/2025,Enrolled,
APP00558,20,Female,Nairobi,KCSE,P007,Women Digital Skills,9/21/2025,Qualified,Could Not Be Reached
APP00559,32,Female,Kwale,Bachelor's,P002,Technovation,9/19/2025,Interviewed,Declined Offer
APP00560,29,Female,Mombasa,Master's,P002,Technovation,6/7/2025,Enrolled,
APP00561,20,Female,Nairobi,KCSE,P004,Africa Code Week,3/11/2025,Qualified,No Response
APP00562,19,Male,Nairobi,KCSE,P008,Web Development Classes,3/10/2025,Applied,Gender Mismatch
APP00563,29,Female,Tana River,Bachelor's,P001,STEM Cafe Kenya,8/20/2025,Qualified,No Response
APP00564,23,Female,Kilifi,KCSE,P002,Technovation,1/10/2025,Qualified,Could Not Be Reached
APP00565,24,Male,Nairobi,Diploma,P004,Africa Code Week,8/31/2024,Applied,Gender Mismatch
APP00566,22,Female,Nairobi,KCSE,P004,Africa Code Week,1/8/2025,Enrolled,
APP00567,21,Female,Nairobi,KCSE,P005,Django Girls,2/2/2025,Applied,Incomplete Application
APP00568,27,Female,Nakuru,Certificate,P004,Africa Code Week,9/26/2025,Enrolled,
APP00569,22,Female,Nairobi,KCSE,P004,Africa Code Week,1/5/2024,Interviewed,Declined Offer
APP00570,25,Female,Lamu,Diploma,P008,Web Development Classes,4/7/2024,Qualified,Could Not Be Reached
APP00571,19,Female,Kisumu,KCSE,P007,Women Digital Skills,4/3/2024,Applied,Did Not Meet Requirements
APP00572,32,Female,Mombasa,Bachelor's,P002,Technovation,8/16/2025,Qualified,No Response
APP00573,23,Female,Mombasa,Diploma,P001,STEM Cafe Kenya,7/28/2025,Applied,Did Not Meet Requirements
APP00574,27,Female,Kwale,Certificate,P001,STEM Cafe Kenya,6/17/2025,Qualified,No Response
APP00575,22,Female,Kisumu,KCSE,P003,Code Hack,6/6/2025,Applied,Incomplete Application
APP00576,32,Male,Nakuru,Master's,P001,STEM Cafe Kenya,1/22/2025,Applied,Gender Mismatch
APP00577,26,Female,Kwale,Certificate,P006,Mombasa Girls in STEM,3/11/2024,Applied,Incomplete Application
APP00578,35,Female,Kisumu,Diploma,P001,STEM Cafe Kenya,6/5/2025,Interviewed,Cohort Full
APP00579,26,Female,Mombasa,Certificate,P001,STEM Cafe Kenya,1/8/2024,Enrolled,
APP00580,35,Female,Nakuru,Bachelor's,P001,STEM Cafe Kenya,3/22/2025,Applied,Incomplete Application
APP00581,24,Female,Kwale,Certificate,P001,STEM Cafe Kenya,4/5/2025,Interviewed,Low Interview Score
APP00582,22,Female,Nairobi,Certificate,P008,Web Development Classes,6/24/2025,Qualified,Could Not Be Reached
APP00583,23,Female,Kwale,Diploma,P003,Code Hack,3/24/2025,Applied,Incomplete Application
APP00584,28,Female,Mombasa,Bachelor's,P001,STEM Cafe Kenya,1/7/2024,Applied,Did Not Meet Requirements
APP00585,23,Female,Nakuru,Diploma,P007,Women Digital Skills,9/23/2024,Qualified,No Response
APP00586,34,Female,Mombasa,Diploma,P001,STEM Cafe Kenya,9/18/2025,Applied,Did Not Meet Requirements
APP00587,20,Female,Nairobi,KCSE,P003,Code Hack,2/1/2024,Interviewed,Declined Offer
APP00588,27,Female,Lamu,Certificate,P004,Africa Code Week,2/18/2024,Qualified,No Response
APP00589,27,Female,Taita Taveta,Bachelor's,P003,Code Hack,9/24/2024,Applied,Did Not Meet Requirements
APP00590,21,Female,Tana River,KCSE,P004,Africa Code Week,3/29/2025,Enrolled,
APP00591,26,Female,Kisumu,Bachelor's,P002,Technovation,9/26/2024,Applied,Did Not Meet Requirements
APP00592,25,Female,Mombasa,Diploma,P002,Technovation,8/24/2024,Applied,Did Not Meet Requirements
APP00593,31,Female,Taita Taveta,Bachelor's,P001,STEM Cafe Kenya,7/14/2024,Applied,Incomplete Application
APP00594,33,Female,Nairobi,Bachelor's,P007,Women Digital Skills,8/30/2025,Applied,Did Not Meet Requirements
APP00595,27,Female,Kilifi,Diploma,P006,Mombasa Girls in STEM,2/8/2025,Interviewed,Declined Offer
APP00596,26,Female,Mombasa,Certificate,P005,Django Girls,7/4/2024,Applied,Incomplete Application
APP00597,26,Female,Tana River,Certificate,P007,Women Digital Skills,4/4/2024,Qualified,Interview Slots Full
APP00598,22,Female,Taita Taveta,Diploma,P004,Africa Code Week,8/25/2025,Qualified,Interview Slots Full
APP00599,26,Female,Kisumu,Certificate,P003,Code Hack,4/9/2025,Interviewed,Cohort Full
APP00600,20,Female,Taita Taveta,KCSE,P007,Women Digital Skills,3/19/2025,Interviewed,Cohort Full
APP00601,31,Female,Mombasa,Master's,P002,Technovation,7/17/2024,Enrolled,
APP00602,20,Female,Kwale,KCSE,P004,Africa Code Week,4/6/2025,Enrolled,
APP00603,28,Female,Lamu,Master's,P004,Africa Code Week,2/8/2024,Enrolled,
APP00604,20,Female,Mombasa,KCSE,P002,Technovation,4/25/2024,Applied,Did Not Meet Requirements
APP00605,19,Female,Nakuru,KCSE,P001,STEM Cafe Kenya,6/14/2024,Applied,Did Not Meet Requirements
APP00606,24,Female,Nakuru,Diploma,P003,Code Hack,3/31/2024,Qualified,No Response
APP00607,22,Male,Kilifi,Diploma,P002,Technovation,1/13/2024,Applied,Gender Mismatch
APP00608,24,Male,Mombasa,Diploma,P005,Django Girls,1/10/2025,Applied,Gender Mismatch
APP00609,19,Female,Kilifi,KCSE,P005,Django Girls,9/14/2024,Enrolled,
APP00610,31,Female,Nairobi,Bachelor's,P003,Code Hack,9/6/2024,Applied,Incomplete Application
APP00611,18,Female,Taita Taveta,KCSE,P008,Web Development Classes,3/12/2025,Qualified,No Response
APP00612,18,Female,Kisumu,KCSE,P001,STEM Cafe Kenya,3/18/2024,Applied,Did Not Meet Requirements
APP00613,21,Male,Kwale,Diploma,P004,Africa Code Week,9/16/2025,Applied,Gender Mismatch
APP00614,19,Female,Kwale,KCSE,P004,Africa Code Week,3/1/2024,Applied,Did Not Meet Requirements
APP00615,22,Female,Kilifi,KCSE,P006,Mombasa Girls in STEM,9/12/2025,Qualified,Could Not Be Reached
APP00616,20,Female,Kilifi,KCSE,P004,Africa Code Week,9/28/2024,Qualified,No Response
APP00617,24,Female,Kilifi,Diploma,P001,STEM Cafe Kenya,4/15/2025,Enrolled,
APP00618,33,Female,Nairobi,Bachelor's,P007,Women Digital Skills,6/22/2025,Applied,Incomplete Application
APP00619,22,Female,Kwale,KCSE,P001,STEM Cafe Kenya,3/29/2024,Qualified,Interview Slots Full
APP00620,23,Male,Tana River,Diploma,P007,Women Digital Skills,2/2/2024,Applied,Gender Mismatch
APP00621,20,Female,Lamu,KCSE,P004,Africa Code Week,9/24/2024,Interviewed,Low Interview Score
APP00622,27,Female,Kwale,Certificate,P005,Django Girls,9/19/2025,Applied,Incomplete Application
APP00623,23,Male,Nakuru,Certificate,P008,Web Development Classes,2/12/2024,Applied,Gender Mismatch
APP00624,20,Female,Nairobi,KCSE,P001,STEM Cafe Kenya,7/14/2024,Enrolled,
APP00625,33,Female,Kwale,Bachelor's,P003,Code Hack,7/18/2025,Applied,Did Not Meet Requirements
APP00626,23,Female,Mombasa,Bachelor's,P007,Women Digital Skills,8/28/2024,Applied,Did Not Meet Requirements
APP00627,32,Female,Nairobi,Bachelor's,P005,Django Girls,4/18/2024,Interviewed,Cohort Full
APP00628,33,Female,Kwale,Bachelor's,P003,Code Hack,7/1/2024,Interviewed,Declined Offer
APP00629,33,Female,Kwale,Bachelor's,P002,Technovation,9/9/2025,Applied,Did Not Meet Requirements
APP00630,27,Female,Mombasa,Certificate,P006,Mombasa Girls in STEM,4/24/2024,Applied,Did Not Meet Requirements
APP00631,19,Female,Mombasa,Diploma,P004,Africa Code Week,7/7/2025,Interviewed,Low Interview Score
APP00632,24,Female,Nakuru,KCSE,P006,Mombasa Girls in STEM,9/23/2024,Applied,Incomplete Application
APP00633,25,Female,Kwale,Certificate,P005,Django Girls,2/9/2025,Qualified,Could Not Be Reached
APP00634,32,Female,Kilifi,Diploma,P001,STEM Cafe Kenya,2/27/2024,Qualified,Could Not Be Reached
APP00635,21,Female,Mombasa,Diploma,P001,STEM Cafe Kenya,2/3/2025,Applied,Incomplete Application
APP00636,25,Female,Nairobi,Certificate,P003,Code Hack,8/8/2025,Interviewed,Declined Offer
APP00637,24,Female,Kilifi,Certificate,P004,Africa Code Week,8/15/2024,Applied,Did Not Meet Requirements
APP00638,23,Female,Mombasa,Bachelor's,P001,STEM Cafe Kenya,8/13/2025,Applied,Incomplete Application
APP00639,25,Female,Kisumu,Diploma,P006,Mombasa Girls in STEM,4/9/2025,Interviewed,Low Interview Score
APP00640,21,Female,Kisumu,Diploma,P004,Africa Code Week,6/2/2024,Qualified,No Response
APP00641,20,Female,Lamu,KCSE,P001,STEM Cafe Kenya,1/24/2025,Qualified,Could Not Be Reached
APP00642,21,Female,Mombasa,KCSE,P005,Django Girls,8/26/2024,Enrolled,
APP00643,26,Female,Nakuru,Diploma,P006,Mombasa Girls in STEM,7/26/2025,Interviewed,Low Interview Score
APP00644,29,Female,Mombasa,Diploma,P001,STEM Cafe Kenya,1/14/2025,Applied,Did Not Meet Requirements
APP00645,22,Female,Nairobi,Certificate,P001,STEM Cafe Kenya,3/20/2024,Qualified,Interview Slots Full
APP00646,33,Male,Nakuru,Bachelor's,P007,Women Digital Skills,2/8/2025,Applied,Gender Mismatch
APP00647,22,Female,Nakuru,KCSE,P005,Django Girls,8/11/2024,Applied,Incomplete Application
APP00648,31,Female,Kisumu,Diploma,P001,STEM Cafe Kenya,3/11/2025,Applied,Did Not Meet Requirements
APP00649,19,Female,Kilifi,KCSE,P003,Code Hack,1/23/2024,Interviewed,Cohort Full
APP00650,21,Female,Nairobi,KCSE,P002,Technovation,6/3/2025,Applied,Incomplete Application
APP00651,22,Female,Lamu,KCSE,P001,STEM Cafe Kenya,6/24/2024,Qualified,Could Not Be Reached
APP00652,23,Female,Mombasa,Certificate,P005,Django Girls,2/2/2024,Enrolled,
APP00653,23,Female,Kilifi,Diploma,P003,Code Hack,2/28/2025,Enrolled,
APP00654,35,Female,Mombasa,Bachelor's,P001,STEM Cafe Kenya,8/11/2025,Applied,Did Not Meet Requirements
APP00655,35,Female,Tana River,Bachelor's,P005,Django Girls,7/12/2024,Applied,Incomplete Application
APP00656,26,Female,Nakuru,Certificate,P001,STEM Cafe Kenya,9/1/2025,Applied,Incomplete Application
APP00657,29,Female,Mombasa,Bachelor's,P005,Django Girls,8/11/2025,Applied,Did Not Meet Requirements
APP00658,23,Female,Mombasa,Certificate,P005,Django Girls,4/27/2024,Qualified,No Response
APP00659,22,Female,Nakuru,KCSE,P008,Web Development Classes,8/13/2024,Interviewed,Declined Offer
APP00660,24,Female,Kilifi,Diploma,P004,Africa Code Week,3/6/2025,Applied,Incomplete Application
APP00661,28,Female,Nairobi,Bachelor's,P006,Mombasa Girls in STEM,8/1/2025,Qualified,Interview Slots Full
APP00662,27,Female,Kilifi,Bachelor's,P002,Technovation,4/15/2024,Qualified,Interview Slots Full
APP00663,21,Male,Taita Taveta,Certificate,P004,Africa Code Week,7/18/2024,Applied,Gender Mismatch
APP00664,19,Female,Lamu,KCSE,P007,Women Digital Skills,8/29/2025,Qualified,No Response
APP00665,20,Female,Nakuru,Diploma,P002,Technovation,7/7/2025,Enrolled,
APP00666,19,Female,Nairobi,KCSE,P002,Technovation,4/29/2025,Applied,Incomplete Application
APP00667,25,Female,Kisumu,Certificate,P006,Mombasa Girls in STEM,9/24/2024,Interviewed,Cohort Full
APP00668,30,Male,Mombasa,Bachelor's,P003,Code Hack,3/5/2025,Applied,Gender Mismatch
APP00669,25,Female,Nakuru,Certificate,P008,Web Development Classes,8/22/2025,Interviewed,Low Interview Score
APP00670,26,Female,Taita Taveta,Diploma,P003,Code Hack,8/30/2025,Applied,Did Not Meet Requirements
APP00671,26,Female,Mombasa,KCSE,P002,Technovation,4/28/2025,Qualified,Interview Slots Full
APP00672,21,Female,Mombasa,KCSE,P004,Africa Code Week,8/23/2025,Enrolled,
APP00673,27,Female,Kilifi,Diploma,P003,Code Hack,8/1/2024,Applied,Did Not Meet Requirements
APP00674,24,Female,Kilifi,Diploma,P001,STEM Cafe Kenya,1/16/2025,Applied,Incomplete Application
APP00675,34,Male,Mombasa,Diploma,P001,STEM Cafe Kenya,2/2/2024,Applied,Gender Mismatch
APP00676,20,Female,Taita Taveta,Certificate,P007,Women Digital Skills,6/7/2024,Qualified,Interview Slots Full
APP00677,18,Female,Mombasa,KCSE,P002,Technovation,8/30/2025,Interviewed,Declined Offer
APP00678,35,Female,Nairobi,Master's,P004,Africa Code Week,3/17/2025,Applied,Did Not Meet Requirements
APP00679,27,Female,Mombasa,KCSE,P003,Code Hack,9/13/2024,Applied,Incomplete Application
APP00680,21,Female,Mombasa,KCSE,P001,STEM Cafe Kenya,7/12/2024,Qualified,No Response
APP00681,18,Female,Kilifi,Certificate,P008,Web Development Classes,4/9/2025,Applied,Incomplete Application
APP00682,21,Female,Kisumu,Certificate,P002,Technovation,4/12/2024,Qualified,Could Not Be Reached
APP00683,26,Female,Nairobi,Certificate,P005,Django Girls,9/18/2024,Applied,Incomplete Application
APP00684,23,Female,Nairobi,KCSE,P002,Technovation,4/29/2025,Applied,Did Not Meet Requirements
APP00685,30,Male,Kilifi,Diploma,P004,Africa Code Week,6/3/2025,Applied,Gender Mismatch
APP00686,19,Female,Nairobi,KCSE,P002,Technovation,4/15/2025,Interviewed,Low Interview Score
APP00687,19,Female,Kilifi,Certificate,P001,STEM Cafe Kenya,2/18/2025,Interviewed,Low Interview Score
APP00688,22,Female,Nairobi,KCSE,P002,Technovation,4/10/2025,Enrolled,
APP00689,35,Female,Nakuru,Bachelor's,P004,Africa Code Week,2/28/2025,Qualified,Interview Slots Full
APP00690,30,Female,Kilifi,Bachelor's,P004,Africa Code Week,6/25/2025,Interviewed,Cohort Full
APP00691,20,Female,Nairobi,KCSE,P007,Women Digital Skills,1/7/2025,Applied,Incomplete Application
APP00692,23,Female,Kilifi,Diploma,P002,Technovation,3/31/2025,Applied,Did Not Meet Requirements
APP00693,21,Female,Kwale,Certificate,P003,Code Hack,9/15/2025,Interviewed,Cohort Full
APP00694,23,Female,Mombasa,Diploma,P004,Africa Code Week,8/30/2024,Applied,Did Not Meet Requirements
APP00695,28,Female,Mombasa,Bachelor's,P002,Technovation,9/21/2025,Interviewed,Declined Offer
APP00696,18,Female,Nakuru,Diploma,P006,Mombasa Girls in STEM,6/25/2024,Applied,Did Not Meet Requirements
APP00697,21,Female,Mombasa,Diploma,P002,Technovation,4/11/2024,Interviewed,Low Interview Score
APP00698,19,Female,Nakuru,KCSE,P007,Women Digital Skills,4/21/2025,Qualified,No Response
APP00699,24,Female,Mombasa,Certificate,P001,STEM Cafe Kenya,8/11/2025,Qualified,Could Not Be Reached
APP00700,21,Female,Mombasa,KCSE,P008,Web Development Classes,2/20/2024,Applied,Did Not Meet Requirements
APP00701,20,Female,Taita Taveta,Certificate,P004,Africa Code Week,8/12/2025,Qualified,No Response
APP00702,21,Male,Nairobi,KCSE,P008,Web Development Classes,8/20/2025,Applied,Gender Mismatch
APP00703,22,Female,Mombasa,KCSE,P008,Web Development Classes,8/26/2024,Interviewed,Low Interview Score
APP00704,20,Female,Mombasa,Certificate,P004,Africa Code Week,8/16/2024,Qualified,No Response
APP00705,19,Female,Mombasa,KCSE,P004,Africa Code Week,1/21/2025,Applied,Did Not Meet Requirements
APP00706,20,Female,Tana River,Certificate,P006,Mombasa Girls in STEM,8/11/2024,Applied,Incomplete Application
APP00707,23,Female,Nairobi,Certificate,P007,Women Digital Skills,1/31/2025,Interviewed,Low Interview Score
APP00708,29,Female,Tana River,Bachelor's,P002,Technovation,7/22/2025,Enrolled,
APP00709,27,Female,Kwale,Diploma,P002,Technovation,7/19/2024,Qualified,Could Not Be Reached
APP00710,24,Female,Kisumu,Diploma,P005,Django Girls,3/27/2024,Applied,Incomplete Application
APP00711,24,Female,Lamu,Diploma,P006,Mombasa Girls in STEM,8/7/2024,Applied,Did Not Meet Requirements
APP00712,19,Female,Mombasa,Certificate,P004,Africa Code Week,4/14/2024,Applied,Incomplete Application
APP00713,30,Female,Mombasa,Bachelor's,P002,Technovation,6/18/2025,Interviewed,Low Interview Score
APP00714,23,Female,Nairobi,Certificate,P003,Code Hack,9/16/2025,Interviewed,Cohort Full
APP00715,21,Male,Kilifi,KCSE,P004,Africa Code Week,2/12/2024,Applied,Gender Mismatch
APP00716,21,Female,Nakuru,KCSE,P004,Africa Code Week,2/13/2024,Enrolled,
APP00717,18,Female,Kisumu,KCSE,P003,Code Hack,1/12/2024,Applied,Incomplete Application
APP00718,18,Female,Mombasa,KCSE,P004,Africa Code Week,1/10/2024,Enrolled,
APP00719,35,Female,Lamu,Bachelor's,P002,Technovation,2/2/2024,Qualified,Could Not Be Reached
APP00720,27,Female,Kilifi,KCSE,P008,Web Development Classes,3/24/2024,Interviewed,Cohort Full
APP00721,25,Female,Kwale,Certificate,P007,Women Digital Skills,1/16/2025,Qualified,Interview Slots Full
APP00722,21,Female,Lamu,KCSE,P006,Mombasa Girls in STEM,8/27/2024,Applied,Did Not Meet Requirements
APP00723,24,Female,Kwale,Bachelor's,P001,STEM Cafe Kenya,3/10/2025,Applied,Did Not Meet Requirements
APP00724,28,Female,Lamu,Bachelor's,P008,Web Development Classes,3/4/2024,Applied,Incomplete Application
APP00725,21,Female,Lamu,Certificate,P002,Technovation,1/6/2024,Applied,Did Not Meet Requirements
APP00726,32,Female,Nairobi,Bachelor's,P004,Africa Code Week,8/2/2024,Qualified,Interview Slots Full
APP00727,24,Female,Mombasa,Diploma,P003,Code Hack,4/17/2024,Qualified,Could Not Be Reached
APP00728,30,Female,Kilifi,Diploma,P004,Africa Code Week,3/24/2025,Applied,Did Not Meet Requirements
APP00729,19,Female,Mombasa,KCSE,P005,Django Girls,8/24/2025,Qualified,Could Not Be Reached
APP00730,25,Female,Nakuru,KCSE,P007,Women Digital Skills,4/25/2024,Enrolled,
APP00731,29,Female,Nairobi,Bachelor's,P002,Technovation,4/20/2024,Interviewed,Low Interview Score
APP00732,25,Female,Mombasa,Diploma,P008,Web Development Classes,1/28/2025,Applied,Did Not Meet Requirements
APP00733,26,Female,Mombasa,Diploma,P004,Africa Code Week,2/18/2024,Enrolled,
APP00734,26,Female,Nairobi,Diploma,P008,Web Development Classes,7/23/2025,Enrolled,
APP00735,35,Female,Tana River,Diploma,P001,STEM Cafe Kenya,8/13/2025,Enrolled,
APP00736,21,Female,Mombasa,KCSE,P003,Code Hack,8/27/2024,Applied,Did Not Meet Requirements
APP00737,21,Female,Nakuru,Certificate,P008,Web Development Classes,7/11/2024,Applied,Did Not Meet Requirements
APP00738,20,Female,Kisumu,KCSE,P002,Technovation,3/25/2024,Applied,Did Not Meet Requirements
APP00739,18,Female,Lamu,Certificate,P006,Mombasa Girls in STEM,9/2/2024,Enrolled,
APP00740,21,Female,Nakuru,KCSE,P004,Africa Code Week,1/26/2025,Qualified,Interview Slots Full
APP00741,27,Female,Nairobi,Certificate,P002,Technovation,6/24/2025,Applied,Did Not Meet Requirements
APP00742,23,Female,Kilifi,Diploma,P002,Technovation,3/21/2024,Applied,Incomplete Application
APP00743,27,Female,Taita Taveta,KCSE,P003,Code Hack,4/15/2025,Enrolled,
APP00744,34,Female,Mombasa,Bachelor's,P004,Africa Code Week,1/7/2024,Applied,Did Not Meet Requirements
APP00745,18,Female,Kisumu,KCSE,P006,Mombasa Girls in STEM,8/27/2025,Enrolled,
APP00746,22,Female,Mombasa,Certificate,P008,Web Development Classes,3/28/2024,Enrolled,
APP00747,34,Female,Tana River,Bachelor's,P002,Technovation,7/18/2024,Qualified,Could Not Be Reached
APP00748,26,Female,Nakuru,Diploma,P002,Technovation,9/22/2025,Applied,Did Not Meet Requirements
APP00749,23,Female,Mombasa,KCSE,P005,Django Girls,4/4/2025,Qualified,Interview Slots Full
APP00750,22,Female,Nairobi,KCSE,P004,Africa Code Week,8/7/2025,Enrolled,
APP00751,18,Female,Taita Taveta,KCSE,P001,STEM Cafe Kenya,2/22/2025,Qualified,Could Not Be Reached
APP00752,21,Female,Kisumu,KCSE,P002,Technovation,3/12/2024,Qualified,No Response
APP00753,34,Female,Mombasa,Diploma,P001,STEM Cafe Kenya,4/30/2024,Enrolled,
APP00754,34,Female,Nairobi,Bachelor's,P008,Web Development Classes,2/9/2025,Enrolled,
APP00755,26,Female,Nairobi,Certificate,P004,Africa Code Week,3/31/2024,Enrolled,
APP00756,18,Female,Nairobi,Diploma,P005,Django Girls,6/26/2025,Qualified,Could Not Be Reached
APP00757,20,Female,Nairobi,KCSE,P005,Django Girls,7/26/2025,Enrolled,
APP00758,20,Female,Lamu,KCSE,P002,Technovation,9/17/2024,Enrolled,
APP00759,22,Female,Kilifi,KCSE,P005,Django Girls,3/2/2024,Applied,Did Not Meet Requirements
APP00760,35,Female,Nakuru,Diploma,P004,Africa Code Week,4/23/2024,Interviewed,Cohort Full
APP00761,27,Female,Nairobi,Diploma,P004,Africa Code Week,4/4/2025,Qualified,No Response
APP00762,19,Female,Mombasa,KCSE,P001,STEM Cafe Kenya,2/19/2024,Applied,Incomplete Application
APP00763,18,Female,Kwale,Certificate,P005,Django Girls,3/16/2025,Enrolled,
APP00764,34,Female,Nairobi,Bachelor's,P002,Technovation,7/24/2025,Enrolled,
APP00765,26,Female,Kwale,KCSE,P004,Africa Code Week,1/18/2025,Qualified,Could Not Be Reached
APP00766,19,Female,Kisumu,KCSE,P004,Africa Code Week,4/9/2024,Interviewed,Declined Offer
APP00767,25,Female,Kwale,Certificate,P001,STEM Cafe Kenya,8/13/2024,Applied,Did Not Meet Requirements
APP00768,26,Female,Kisumu,Certificate,P006,Mombasa Girls in STEM,1/20/2025,Applied,Did Not Meet Requirements
APP00769,23,Female,Kilifi,Certificate,P004,Africa Code Week,2/9/2024,Enrolled,
APP00770,20,Female,Mombasa,KCSE,P005,Django Girls,6/22/2025,Enrolled,
APP00771,26,Male,Nakuru,Diploma,P003,Code Hack,9/26/2024,Applied,Gender Mismatch
APP00772,21,Female,Lamu,KCSE,P001,STEM Cafe Kenya,2/28/2025,Enrolled,
APP00773,32,Female,Mombasa,Bachelor's,P004,Africa Code Week,9/16/2024,Applied,Incomplete Application
APP00774,27,Female,Lamu,Diploma,P007,Women Digital Skills,9/5/2024,Applied,Did Not Meet Requirements
APP00775,33,Female,Taita Taveta,Bachelor's,P008,Web Development Classes,9/20/2025,Applied,Did Not Meet Requirements
APP00776,21,Female,Nairobi,KCSE,P001,STEM Cafe Kenya,8/31/2025,Applied,Did Not Meet Requirements
APP00777,21,Male,Taita Taveta,KCSE,P003,Code Hack,1/25/2025,Applied,Gender Mismatch
APP00778,22,Female,Kilifi,Certificate,P004,Africa Code Week,4/30/2025,Enrolled,
APP00779,26,Male,Nakuru,Certificate,P006,Mombasa Girls in STEM,3/18/2024,Applied,Gender Mismatch
APP00780,18,Female,Mombasa,KCSE,P001,STEM Cafe Kenya,7/13/2025,Qualified,Interview Slots Full
APP00781,22,Male,Nairobi,KCSE,P006,Mombasa Girls in STEM,2/11/2025,Applied,Gender Mismatch
APP00782,30,Male,Mombasa,Master's,P004,Africa Code Week,6/21/2024,Applied,Gender Mismatch
APP00783,28,Female,Nairobi,Bachelor's,P002,Technovation,1/14/2025,Applied,Did Not Meet Requirements
APP00784,21,Female,Mombasa,KCSE,P001,STEM Cafe Kenya,9/22/2024,Qualified,No Response
APP00785,19,Female,Nairobi,Certificate,P002,Technovation,7/16/2024,Qualified,No Response
APP00786,24,Female,Taita Taveta,Diploma,P004,Africa Code Week,8/22/2024,Qualified,Interview Slots Full
APP00787,22,Female,Taita Taveta,KCSE,P008,Web Development Classes,8/5/2025,Interviewed,Declined Offer
APP00788,21,Male,Taita Taveta,KCSE,P001,STEM Cafe Kenya,2/19/2025,Applied,Gender Mismatch
APP00789,23,Female,Lamu,Bachelor's,P002,Technovation,3/19/2025,Enrolled,
APP00790,19,Female,Nakuru,KCSE,P005,Django Girls,6/22/2025,Interviewed,Low Interview Score
APP00791,20,Female,Mombasa,KCSE,P003,Code Hack,9/20/2024,Applied,Did Not Meet Requirements
APP00792,18,Female,Mombasa,KCSE,P005,Django Girls,8/20/2025,Qualified,Interview Slots Full
APP00793,23,Female,Taita Taveta,KCSE,P007,Women Digital Skills,4/12/2024,Qualified,No Response
APP00794,18,Female,Kilifi,Diploma,P007,Women Digital Skills,8/18/2025,Enrolled,
APP00795,18,Female,Nairobi,KCSE,P007,Women Digital Skills,2/14/2024,Qualified,Could Not Be Reached
APP00796,24,Female,Kisumu,Certificate,P002,Technovation,9/12/2025,Qualified,Interview Slots Full
APP00797,21,Female,Kilifi,KCSE,P005,Django Girls,1/23/2024,Applied,Incomplete Application
APP00798,29,Female,Tana River,Bachelor's,P008,Web Development Classes,7/20/2024,Qualified,Interview Slots Full
APP00799,24,Male,Nairobi,Diploma,P004,Africa Code Week,1/15/2025,Applied,Gender Mismatch
APP00800,27,Female,Nairobi,KCSE,P002,Technovation,2/11/2025,Interviewed,Declined Offer
APP00801,23,Female,Kisumu,Diploma,P004,Africa Code Week,1/30/2024,Qualified,No Response
APP00802,22,Female,Tana River,KCSE,P003,Code Hack,9/2/2025,Interviewed,Cohort Full
APP00803,21,Female,Taita Taveta,KCSE,P006,Mombasa Girls in STEM,3/16/2025,Applied,Did Not Meet Requirements
APP00804,19,Male,Nakuru,KCSE,P004,Africa Code Week,3/9/2025,Applied,Gender Mismatch
APP00805,22,Female,Nairobi,KCSE,P002,Technovation,3/26/2024,Qualified,Could Not Be Reached
APP00806,19,Female,Tana River,KCSE,P008,Web Development Classes,1/18/2024,Qualified,No Response
APP00807,19,Female,Kwale,KCSE,P001,STEM Cafe Kenya,8/20/2025,Interviewed,Low Interview Score
APP00808,26,Male,Kwale,Certificate,P004,Africa Code Week,4/16/2024,Applied,Gender Mismatch
APP00809,18,Female,Mombasa,Diploma,P008,Web Development Classes,2/22/2025,Applied,Did Not Meet Requirements
APP00810,21,Female,Nakuru,KCSE,P004,Africa Code Week,1/24/2025,Applied,Incomplete Application
APP00811,25,Female,Nakuru,Diploma,P004,Africa Code Week,9/14/2025,Qualified,Interview Slots Full
APP00812,35,Male,Nairobi,Bachelor's,P004,Africa Code Week,1/28/2025,Applied,Gender Mismatch
APP00813,19,Female,Mombasa,Certificate,P004,Africa Code Week,7/2/2025,Applied,Incomplete Application
APP00814,25,Female,Lamu,Bachelor's,P005,Django Girls,6/2/2024,Applied,Incomplete Application
APP00815,27,Female,Lamu,KCSE,P002,Technovation,9/14/2024,Enrolled,
APP00816,22,Male,Mombasa,KCSE,P003,Code Hack,3/13/2024,Applied,Gender Mismatch
APP00817,33,Female,Taita Taveta,Bachelor's,P006,Mombasa Girls in STEM,4/6/2025,Applied,Did Not Meet Requirements
APP00818,20,Female,Kwale,Certificate,P002,Technovation,9/26/2024,Qualified,No Response
APP00819,21,Female,Nairobi,Diploma,P001,STEM Cafe Kenya,6/15/2024,Applied,Did Not Meet Requirements
APP00820,19,Female,Mombasa,KCSE,P008,Web Development Classes,3/19/2024,Applied,Incomplete Application
APP00821,19,Female,Kisumu,KCSE,P001,STEM Cafe Kenya,1/22/2024,Applied,Incomplete Application
APP00822,35,Female,Nairobi,Bachelor's,P008,Web Development Classes,6/28/2025,Applied,Incomplete Application
APP00823,23,Female,Lamu,KCSE,P004,Africa Code Week,3/13/2025,Qualified,Could Not Be Reached
APP00824,29,Female,Kwale,Diploma,P003,Code Hack,4/10/2025,Qualified,Could Not Be Reached
APP00825,23,Female,Kilifi,Diploma,P008,Web Development Classes,1/11/2025,Qualified,No Response
APP00826,19,Female,Kilifi,KCSE,P007,Women Digital Skills,2/5/2024,Enrolled,
APP00827,20,Female,Tana River,Certificate,P004,Africa Code Week,3/8/2024,Interviewed,Declined Offer
APP00828,22,Female,Nakuru,KCSE,P005,Django Girls,3/28/2025,Applied,Did Not Meet Requirements
APP00829,24,Female,Nairobi,Certificate,P006,Mombasa Girls in STEM,9/4/2025,Applied,Incomplete Application
APP00830,29,Female,Lamu,Bachelor's,P007,Women Digital Skills,3/21/2025,Qualified,Interview Slots Full
APP00831,30,Female,Kisumu,Bachelor's,P001,STEM Cafe Kenya,1/22/2025,Applied,Did Not Meet Requirements
APP00832,25,Female,Nairobi,Certificate,P001,STEM Cafe Kenya,9/6/2024,Applied,Did Not Meet Requirements
APP00833,19,Female,Nakuru,KCSE,P006,Mombasa Girls in STEM,3/29/2025,Qualified,Could Not Be Reached
APP00834,26,Female,Nairobi,KCSE,P001,STEM Cafe Kenya,3/29/2024,Applied,Incomplete Application
APP00835,21,Female,Tana River,KCSE,P003,Code Hack,2/14/2024,Qualified,No Response
APP00836,35,Female,Kwale,Bachelor's,P004,Africa Code Week,3/29/2025,Qualified,Could Not Be Reached
APP00837,35,Female,Nakuru,Bachelor's,P003,Code Hack,8/10/2024,Qualified,Could Not Be Reached
APP00838,28,Female,Mombasa,Diploma,P005,Django Girls,1/16/2024,Applied,Incomplete Application
APP00839,21,Female,Taita Taveta,KCSE,P006,Mombasa Girls in STEM,8/13/2024,Interviewed,Low Interview Score
APP00840,21,Female,Mombasa,KCSE,P003,Code Hack,3/29/2024,Interviewed,Cohort Full
APP00841,23,Female,Mombasa,Diploma,P002,Technovation,9/27/2024,Qualified,No Response
APP00842,21,Male,Mombasa,KCSE,P002,Technovation,1/31/2024,Applied,Gender Mismatch
APP00843,19,Female,Mombasa,KCSE,P007,Women Digital Skills,7/9/2025,Applied,Did Not Meet Requirements
APP00844,25,Female,Mombasa,Certificate,P003,Code Hack,7/26/2024,Applied,Incomplete Application
APP00845,22,Female,Kwale,KCSE,P002,Technovation,7/19/2025,Qualified,Could Not Be Reached
APP00846,23,Female,Mombasa,KCSE,P001,STEM Cafe Kenya,2/2/2024,Qualified,No Response
APP00847,22,Male,Nakuru,KCSE,P005,Django Girls,4/21/2024,Applied,Gender Mismatch
APP00848,20,Female,Tana River,Certificate,P001,STEM Cafe Kenya,9/8/2025,Interviewed,Declined Offer
APP00849,33,Female,Kisumu,Diploma,P006,Mombasa Girls in STEM,7/22/2025,Enrolled,
APP00850,27,Female,Mombasa,KCSE,P005,Django Girls,3/10/2025,Qualified,No Response
APP00851,20,Female,Lamu,KCSE,P003,Code Hack,2/15/2025,Applied,Did Not Meet Requirements
APP00852,26,Female,Mombasa,Diploma,P003,Code Hack,9/8/2025,Interviewed,Declined Offer
APP00853,32,Female,Nairobi,Bachelor's,P004,Africa Code Week,3/30/2024,Interviewed,Low Interview Score
APP00854,19,Female,Nakuru,KCSE,P003,Code Hack,1/3/2024,Applied,Incomplete Application
APP00855,22,Male,Kwale,Diploma,P002,Technovation,2/12/2024,Applied,Gender Mismatch
APP00856,24,Female,Nakuru,Bachelor's,P001,STEM Cafe Kenya,9/11/2025,Applied,Incomplete Application
APP00857,28,Female,Taita Taveta,Bachelor's,P001,STEM Cafe Kenya,4/9/2025,Qualified,Interview Slots Full
APP00858,28,Female,Mombasa,Bachelor's,P002,Technovation,8/26/2025,Qualified,No Response
APP00859,19,Female,Nairobi,KCSE,P005,Django Girls,3/13/2025,Enrolled,
APP00860,26,Female,Nairobi,Diploma,P007,Women Digital Skills,3/9/2025,Interviewed,Cohort Full
APP00861,21,Female,Nakuru,KCSE,P001,STEM Cafe Kenya,1/25/2024,Applied,Did Not Meet Requirements
APP00862,22,Female,Nakuru,KCSE,P004,Africa Code Week,8/10/2025,Enrolled,
APP00863,26,Female,Kisumu,Certificate,P004,Africa Code Week,9/25/2025,Applied,Incomplete Application
APP00864,21,Female,Nairobi,Certificate,P004,Africa Code Week,9/5/2024,Interviewed,Cohort Full
APP00865,24,Female,Nairobi,Certificate,P001,STEM Cafe Kenya,2/24/2024,Applied,Incomplete Application
APP00866,21,Female,Nairobi,KCSE,P001,STEM Cafe Kenya,4/4/2025,Applied,Incomplete Application
APP00867,22,Female,Kwale,KCSE,P004,Africa Code Week,9/29/2024,Qualified,Interview Slots Full
APP00868,24,Female,Mombasa,KCSE,P006,Mombasa Girls in STEM,7/6/2025,Applied,Did Not Meet Requirements
APP00869,23,Female,Tana River,Certificate,P001,STEM Cafe Kenya,7/4/2024,Qualified,No Response
APP00870,29,Female,Kilifi,Bachelor's,P004,Africa Code Week,1/23/2025,Interviewed,Cohort Full
APP00871,25,Female,Kilifi,Diploma,P004,Africa Code Week,9/5/2025,Qualified,No Response
APP00872,25,Female,Nairobi,Certificate,P001,STEM Cafe Kenya,2/23/2025,Applied,Did Not Meet Requirements
APP00873,27,Female,Taita Taveta,Certificate,P005,Django Girls,2/14/2024,Applied,Incomplete Application
APP00874,26,Female,Nairobi,Diploma,P003,Code Hack,1/3/2024,Applied,Did Not Meet Requirements
APP00875,23,Female,Nakuru,KCSE,P006,Mombasa Girls in STEM,6/21/2025,Applied,Did Not Meet Requirements
APP00876,23,Female,Kwale,KCSE,P004,Africa Code Week,1/15/2024,Qualified,No Response
APP00877,32,Female,Lamu,Master's,P001,STEM Cafe Kenya,8/14/2025,Qualified,Could Not Be Reached
APP00878,32,Female,Nairobi,Bachelor's,P003,Code Hack,9/18/2024,Applied,Incomplete Application
APP00879,29,Female,Kilifi,Bachelor's,P001,STEM Cafe Kenya,9/28/2024,Applied,Did Not Meet Requirements
APP00880,24,Female,Kwale,Diploma,P002,Technovation,2/5/2025,Applied,Did Not Meet Requirements
APP00881,20,Female,Mombasa,Certificate,P001,STEM Cafe Kenya,9/28/2024,Applied,Incomplete Application
APP00882,26,Female,Kilifi,Diploma,P005,Django Girls,8/19/2024,Applied,Incomplete Application
APP00883,22,Female,Nairobi,KCSE,P004,Africa Code Week,9/20/2025,Qualified,Could Not Be Reached
APP00884,26,Female,Mombasa,KCSE,P002,Technovation,4/26/2024,Qualified,Interview Slots Full
APP00885,21,Female,Nairobi,KCSE,P001,STEM Cafe Kenya,7/27/2025,Interviewed,Declined Offer
APP00886,31,Female,Mombasa,Bachelor's,P008,Web Development Classes,4/9/2024,Applied,Incomplete Application
APP00887,29,Female,Kisumu,Bachelor's,P004,Africa Code Week,3/12/2024,Applied,Incomplete Application
APP00888,32,Female,Nakuru,Bachelor's,P004,Africa Code Week,1/23/2024,Enrolled,
APP00889,20,Female,Nairobi,KCSE,P006,Mombasa Girls in STEM,3/7/2024,Interviewed,Low Interview Score
APP00890,22,Female,Nakuru,Diploma,P008,Web Development Classes,3/26/2025,Applied,Did Not Meet Requirements
APP00891,23,Female,Kwale,Certificate,P002,Technovation,2/15/2025,Qualified,Interview Slots Full
APP00892,22,Female,Kilifi,KCSE,P001,STEM Cafe Kenya,8/1/2024,Applied,Incomplete Application
APP00893,25,Female,Lamu,Bachelor's,P006,Mombasa Girls in STEM,7/18/2025,Qualified,Could Not Be Reached
APP00894,27,Female,Nairobi,KCSE,P007,Women Digital Skills,9/12/2025,Enrolled,
APP00895,23,Female,Kwale,Diploma,P001,STEM Cafe Kenya,9/2/2024,Enrolled,
APP00896,19,Female,Mombasa,Certificate,P001,STEM Cafe Kenya,9/23/2025,Interviewed,Declined Offer
APP00897,24,Female,Kwale,Certificate,P004,Africa Code Week,1/1/2025,Qualified,Could Not Be Reached
APP00898,26,Female,Kisumu,Diploma,P001,STEM Cafe Kenya,8/1/2025,Qualified,Could Not Be Reached
APP00899,26,Female,Mombasa,Diploma,P002,Technovation,2/17/2024,Applied,Incomplete Application
APP00900,26,Female,Mombasa,Certificate,P001,STEM Cafe Kenya,7/18/2025,Applied,Did Not Meet Requirements
APP00901,21,Female,Mombasa,KCSE,P004,Africa Code Week,2/7/2024,Qualified,Could Not Be Reached
APP00902,22,Female,Kilifi,KCSE,P008,Web Development Classes,7/14/2025,Applied,Incomplete Application
APP00903,21,Female,Kisumu,KCSE,P001,STEM Cafe Kenya,1/8/2025,Qualified,Interview Slots Full
APP00904,23,Female,Nakuru,Bachelor's,P008,Web Development Classes,4/30/2025,Enrolled,
APP00905,34,Female,Taita Taveta,Bachelor's,P005,Django Girls,1/2/2024,Applied,Did Not Meet Requirements
APP00906,21,Female,Tana River,Certificate,P003,Code Hack,7/26/2024,Enrolled,
APP00907,25,Female,Taita Taveta,Bachelor's,P001,STEM Cafe Kenya,7/21/2024,Interviewed,Low Interview Score
APP00908,19,Female,Nakuru,KCSE,P005,Django Girls,1/12/2024,Interviewed,Cohort Full
APP00909,19,Female,Nairobi,Diploma,P004,Africa Code Week,1/24/2024,Enrolled,
APP00910,32,Female,Kwale,Master's,P008,Web Development Classes,8/21/2024,Enrolled,
APP00911,19,Female,Kilifi,KCSE,P008,Web Development Classes,7/18/2025,Applied,Incomplete Application
APP00912,18,Female,Nairobi,KCSE,P008,Web Development Classes,8/8/2024,Applied,Incomplete Application
APP00913,22,Female,Nairobi,KCSE,P006,Mombasa Girls in STEM,9/20/2025,Enrolled,
APP00914,21,Female,Kisumu,KCSE,P004,Africa Code Week,6/15/2024,Qualified,Could Not Be Reached
APP00915,25,Female,Kilifi,KCSE,P006,Mombasa Girls in STEM,8/2/2024,Applied,Incomplete Application
APP00916,18,Female,Kilifi,KCSE,P006,Mombasa Girls in STEM,1/18/2025,Applied,Incomplete Application
APP00917,22,Female,Kilifi,KCSE,P002,Technovation,2/25/2025,Applied,Did Not Meet Requirements
APP00918,18,Female,Taita Taveta,Diploma,P001,STEM Cafe Kenya,9/18/2024,Applied,Did Not Meet Requirements
APP00919,23,Female,Nairobi,Certificate,P002,Technovation,9/21/2025,Qualified,Could Not Be Reached
APP00920,20,Female,Mombasa,Certificate,P004,Africa Code Week,4/26/2025,Applied,Incomplete Application
APP00921,27,Female,Nairobi,KCSE,P006,Mombasa Girls in STEM,3/10/2024,Qualified,Interview Slots Full
APP00922,27,Female,Nairobi,KCSE,P001,STEM Cafe Kenya,7/31/2025,Enrolled,
APP00923,30,Female,Nakuru,Diploma,P006,Mombasa Girls in STEM,4/10/2025,Qualified,No Response
APP00924,26,Female,Kwale,KCSE,P008,Web Development Classes,9/18/2025,Enrolled,
APP00925,23,Female,Kilifi,Diploma,P002,Technovation,2/2/2024,Interviewed,Cohort Full
APP00926,31,Female,Nairobi,Bachelor's,P004,Africa Code Week,4/20/2025,Interviewed,Low Interview Score
APP00927,27,Female,Kisumu,Certificate,P008,Web Development Classes,8/16/2024,Qualified,Interview Slots Full
APP00928,25,Female,Nairobi,Certificate,P007,Women Digital Skills,8/21/2025,Applied,Incomplete Application
APP00929,25,Female,Mombasa,KCSE,P002,Technovation,6/13/2024,Enrolled,
APP00930,22,Female,Nakuru,KCSE,P008,Web Development Classes,7/21/2025,Interviewed,Declined Offer
APP00931,20,Female,Kwale,KCSE,P004,Africa Code Week,4/24/2025,Qualified,Could Not Be Reached
APP00932,22,Female,Mombasa,KCSE,P002,Technovation,2/5/2025,Applied,Incomplete Application
APP00933,19,Female,Lamu,Diploma,P003,Code Hack,9/6/2025,Enrolled,
APP00934,25,Female,Kwale,Diploma,P004,Africa Code Week,7/4/2024,Enrolled,
APP00935,20,Female,Mombasa,KCSE,P005,Django Girls,4/2/2024,Qualified,No Response
APP00936,21,Female,Mombasa,KCSE,P004,Africa Code Week,6/4/2025,Qualified,Interview Slots Full
APP00937,21,Female,Mombasa,KCSE,P006,Mombasa Girls in STEM,7/15/2024,Applied,Did Not Meet Requirements
APP00938,25,Female,Mombasa,Bachelor's,P008,Web Development Classes,4/21/2025,Applied,Incomplete Application
APP00939,26,Female,Kwale,KCSE,P004,Africa Code Week,4/5/2025,Applied,Did Not Meet Requirements
APP00940,21,Female,Nakuru,KCSE,P002,Technovation,9/19/2025,Enrolled,
APP00941,19,Female,Tana River,KCSE,P006,Mombasa Girls in STEM,3/1/2024,Applied,Incomplete Application
APP00942,19,Female,Kilifi,Diploma,P006,Mombasa Girls in STEM,6/29/2025,Enrolled,
APP00943,27,Female,Nakuru,Certificate,P003,Code Hack,6/9/2025,Enrolled,
APP00944,19,Female,Nairobi,KCSE,P001,STEM Cafe Kenya,2/23/2025,Applied,Incomplete Application
APP00945,27,Female,Nairobi,Bachelor's,P001,STEM Cafe Kenya,8/21/2024,Qualified,No Response
APP00946,26,Female,Mombasa,KCSE,P007,Women Digital Skills,8/24/2025,Enrolled,
APP00947,20,Female,Nakuru,KCSE,P005,Django Girls,7/12/2024,Qualified,No Response
APP00948,25,Male,Nairobi,Diploma,P001,STEM Cafe Kenya,6/24/2024,Applied,Gender Mismatch
APP00949,23,Female,Tana River,Certificate,P008,Web Development Classes,7/2/2025,Applied,Incomplete Application
APP00950,26,Female,Mombasa,KCSE,P007,Women Digital Skills,9/9/2024,Enrolled,
APP00951,22,Female,Nakuru,KCSE,P002,Technovation,1/18/2024,Qualified,No Response
APP00952,19,Female,Kwale,KCSE,P006,Mombasa Girls in STEM,4/2/2025,Applied,Did Not Meet Requirements
APP00953,32,Female,Kisumu,Diploma,P002,Technovation,7/15/2024,Applied,Did Not Meet Requirements
APP00954,23,Female,Kisumu,KCSE,P007,Women Digital Skills,4/11/2024,Enrolled,
APP00955,23,Female,Nakuru,Diploma,P004,Africa Code Week,3/24/2024,Applied,Incomplete Application
APP00956,20,Female,Kwale,KCSE,P006,Mombasa Girls in STEM,7/19/2025,Qualified,Interview Slots Full
APP00957,21,Female,Nakuru,KCSE,P002,Technovation,4/3/2025,Qualified,Could Not Be Reached
APP00958,18,Female,Mombasa,KCSE,P001,STEM Cafe Kenya,1/10/2025,Applied,Did Not Meet Requirements
APP00959,22,Female,Kisumu,KCSE,P001,STEM Cafe Kenya,6/21/2025,Interviewed,Declined Offer
APP00960,25,Female,Tana River,Diploma,P004,Africa Code Week,7/22/2025,Enrolled,
APP00961,23,Female,Tana River,KCSE,P004,Africa Code Week,2/26/2025,Qualified,Could Not Be Reached
APP00962,22,Female,Nakuru,KCSE,P007,Women Digital Skills,2/28/2025,Enrolled,
APP00963,19,Female,Nairobi,Certificate,P007,Women Digital Skills,8/2/2024,Enrolled,
APP00964,26,Female,Kilifi,Certificate,P004,Africa Code Week,1/14/2024,Interviewed,Declined Offer
APP00965,18,Female,Kwale,Diploma,P003,Code Hack,4/27/2024,Qualified,Interview Slots Full
APP00966,29,Male,Tana River,Bachelor's,P001,STEM Cafe Kenya,8/18/2025,Applied,Gender Mismatch
APP00967,18,Female,Nakuru,KCSE,P004,Africa Code Week,1/24/2025,Applied,Incomplete Application
APP00968,20,Female,Nakuru,Diploma,P001,STEM Cafe Kenya,6/8/2024,Qualified,No Response
APP00969,25,Female,Lamu,Certificate,P001,STEM Cafe Kenya,6/5/2024,Interviewed,Cohort Full
APP00970,30,Female,Nairobi,Diploma,P008,Web Development Classes,3/16/2024,Qualified,Could Not Be Reached
APP00971,25,Female,Nairobi,Diploma,P004,Africa Code Week,8/9/2025,Qualified,Could Not Be Reached
APP00972,18,Female,Nairobi,KCSE,P004,Africa Code Week,3/22/2024,Applied,Did Not Meet Requirements
APP00973,22,Male,Kilifi,KCSE,P002,Technovation,1/5/2025,Applied,Gender Mismatch
APP00974,34,Female,Kisumu,Bachelor's,P001,STEM Cafe Kenya,3/30/2025,Enrolled,
APP00975,26,Male,Kilifi,Diploma,P004,Africa Code Week,1/9/2025,Applied,Gender Mismatch
APP00976,26,Female,Nairobi,Diploma,P002,Technovation,3/27/2024,Applied,Did Not Meet Requirements
APP00977,27,Female,Kisumu,Diploma,P002,Technovation,8/12/2025,Applied,Did Not Meet Requirements
APP00978,20,Female,Kilifi,KCSE,P001,STEM Cafe Kenya,8/19/2024,Qualified,No Response
APP00979,31,Female,Nairobi,Bachelor's,P003,Code Hack,8/19/2025,Qualified,Interview Slots Full
APP00980,22,Female,Mombasa,KCSE,P001,STEM Cafe Kenya,3/13/2025,Applied,Incomplete Application
APP00981,21,Female,Nakuru,KCSE,P001,STEM Cafe Kenya,1/1/2024,Applied,Did Not Meet Requirements
APP00982,23,Female,Kwale,Certificate,P006,Mombasa Girls in STEM,2/9/2024,Interviewed,Low Interview Score
APP00983,18,Male,Nakuru,KCSE,P006,Mombasa Girls in STEM,3/17/2025,Applied,Gender Mismatch
APP00984,18,Female,Nakuru,KCSE,P007,Women Digital Skills,8/26/2025,Qualified,Could Not Be Reached
APP00985,32,Female,Mombasa,Diploma,P004,Africa Code Week,9/14/2025,Applied,Did Not Meet Requirements
APP00986,28,Male,Tana River,Bachelor's,P002,Technovation,7/24/2025,Applied,Gender Mismatch
APP00987,21,Male,Kwale,KCSE,P002,Technovation,2/14/2025,Applied,Gender Mismatch
APP00988,33,Female,Kisumu,Bachelor's,P005,Django Girls,4/26/2024,Enrolled,
APP00989,23,Female,Tana River,Certificate,P002,Technovation,8/7/2025,Qualified,No Response
APP00990,28,Female,Lamu,Bachelor's,P002,Technovation,4/20/2025,Qualified,No Response
APP00991,22,Female,Nairobi,KCSE,P003,Code Hack,1/15/2025,Interviewed,Declined Offer
APP00992,34,Female,Lamu,Bachelor's,P006,Mombasa Girls in STEM,8/20/2025,Qualified,Interview Slots Full
APP00993,35,Female,Taita Taveta,Bachelor's,P002,Technovation,2/20/2025,Applied,Did Not Meet Requirements
APP00994,22,Male,Kilifi,KCSE,P002,Technovation,1/7/2024,Applied,Gender Mismatch
APP00995,20,Female,Nairobi,KCSE,P002,Technovation,1/24/2024,Qualified,No Response
APP00996,25,Female,Mombasa,Certificate,P004,Africa Code Week,7/2/2024,Applied,Did Not Meet Requirements
APP00997,18,Female,Nakuru,KCSE,P001,STEM Cafe Kenya,1/5/2025,Qualified,Could Not Be Reached
APP00998,34,Female,Kilifi,Master's,P001,STEM Cafe Kenya,7/12/2025,Interviewed,Low Interview Score
APP00999,21,Female,Mombasa,Certificate,P005,Django Girls,2/13/2024,Applied,Incomplete Application
APP01000,18,Male,Nairobi,KCSE,P002,Technovation,7/9/2025,Applied,Gender Mismatch
APP01001,19,Female,Lamu,KCSE,P005,Django Girls,1/10/2024,Qualified,No Response
APP01002,32,Female,Kisumu,Bachelor's,P005,Django Girls,9/8/2025,Applied,Incomplete Application
APP01003,27,Female,Kwale,Bachelor's,P004,Africa Code Week,2/17/2024,Enrolled,
APP01004,30,Female,Mombasa,Master's,P006,Mombasa Girls in STEM,3/11/2025,Enrolled,
APP01005,27,Female,Kisumu,Diploma,P001,STEM Cafe Kenya,1/30/2024,Enrolled,
APP01006,18,Female,Nairobi,Diploma,P005,Django Girls,1/9/2025,Qualified,Interview Slots Full
APP01007,24,Female,Nairobi,KCSE,P002,Technovation,8/24/2025,Interviewed,Declined Offer
APP01008,35,Female,Mombasa,Master's,P006,Mombasa Girls in STEM,6/28/2024,Qualified,Could Not Be Reached
APP01009,18,Female,Kilifi,Certificate,P002,Technovation,3/20/2024,Applied,Incomplete Application
APP01010,31,Male,Nairobi,Diploma,P001,STEM Cafe Kenya,1/12/2025,Applied,Gender Mismatch
APP01011,26,Female,Kilifi,Diploma,P004,Africa Code Week,6/27/2025,Qualified,Interview Slots Full
APP01012,34,Female,Nairobi,Bachelor's,P002,Technovation,8/19/2025,Qualified,Could Not Be Reached
APP01013,24,Female,Nairobi,KCSE,P003,Code Hack,3/7/2025,Enrolled,
APP01014,20,Female,Kwale,KCSE,P004,Africa Code Week,8/5/2024,Interviewed,Cohort Full
APP01015,26,Female,Kilifi,Bachelor's,P007,Women Digital Skills,2/20/2025,Qualified,Interview Slots Full
APP01016,19,Female,Lamu,Certificate,P008,Web Development Classes,4/17/2025,Qualified,Could Not Be Reached
APP01017,24,Female,Mombasa,Certificate,P002,Technovation,3/10/2024,Applied,Did Not Meet Requirements
APP01018,26,Female,Kilifi,Certificate,P006,Mombasa Girls in STEM,3/6/2025,Qualified,No Response
APP01019,21,Female,Kilifi,Certificate,P006,Mombasa Girls in STEM,3/16/2025,Interviewed,Low Interview Score
APP01020,26,Female,Kilifi,Diploma,P008,Web Development Classes,3/7/2025,Interviewed,Cohort Full
APP01021,35,Male,Taita Taveta,Diploma,P004,Africa Code Week,8/16/2025,Applied,Gender Mismatch
APP01022,30,Male,Nairobi,Master's,P002,Technovation,9/12/2024,Applied,Gender Mismatch
APP01023,19,Female,Nairobi,KCSE,P007,Women Digital Skills,9/4/2025,Qualified,No Response
APP01024,31,Female,Mombasa,Bachelor's,P003,Code Hack,7/20/2025,Applied,Incomplete Application
APP01025,21,Male,Mombasa,KCSE,P002,Technovation,3/14/2024,Applied,Gender Mismatch
APP01026,22,Female,Nairobi,KCSE,P008,Web Development Classes,1/23/2024,Applied,Incomplete Application
APP01027,19,Female,Nakuru,KCSE,P007,Women Digital Skills,9/29/2024,Qualified,No Response
APP01028,27,Female,Nairobi,Diploma,P002,Technovation,9/4/2025,Qualified,Could Not Be Reached
APP01029,35,Female,Taita Taveta,Diploma,P006,Mombasa Girls in STEM,2/15/2025,Applied,Incomplete Application
APP01030,20,Female,Kilifi,KCSE,P003,Code Hack,2/20/2025,Applied,Did Not Meet Requirements
APP01031,21,Female,Nairobi,Certificate,P004,Africa Code Week,1/20/2024,Interviewed,Low Interview Score
APP01032,25,Female,Tana River,Certificate,P008,Web Development Classes,3/5/2025,Interviewed,Cohort Full
APP01033,24,Male,Mombasa,Certificate,P007,Women Digital Skills,3/27/2024,Applied,Gender Mismatch
APP01034,25,Female,Mombasa,KCSE,P003,Code Hack,7/26/2024,Qualified,No Response
APP01035,34,Female,Mombasa,Bachelor's,P003,Code Hack,4/23/2024,Applied,Did Not Meet Requirements
APP01036,23,Female,Mombasa,Diploma,P007,Women Digital Skills,3/20/2025,Applied,Incomplete Application
APP01037,22,Female,Kisumu,KCSE,P008,Web Development Classes,7/9/2025,Interviewed,Declined Offer
APP01038,27,Female,Kwale,KCSE,P006,Mombasa Girls in STEM,7/23/2025,Applied,Incomplete Application
APP01039,33,Female,Kisumu,Bachelor's,P006,Mombasa Girls in STEM,1/26/2024,Applied,Did Not Meet Requirements
APP01040,22,Female,Nairobi,Diploma,P004,Africa Code Week,4/18/2024,Enrolled,
APP01041,22,Female,Nakuru,KCSE,P004,Africa Code Week,2/28/2024,Qualified,No Response
APP01042,18,Female,Kilifi,KCSE,P002,Technovation,4/25/2025,Qualified,Could Not Be Reached
APP01043,24,Female,Mombasa,KCSE,P002,Technovation,2/17/2024,Interviewed,Low Interview Score
APP01044,26,Female,Kisumu,Diploma,P001,STEM Cafe Kenya,7/27/2025,Applied,Incomplete Application
APP01045,18,Male,Nairobi,KCSE,P008,Web Development Classes,2/17/2024,Applied,Gender Mismatch
APP01046,20,Male,Nairobi,KCSE,P001,STEM Cafe Kenya,6/12/2025,Applied,Gender Mismatch
APP01047,35,Male,Kwale,Bachelor's,P008,Web Development Classes,2/5/2025,Applied,Gender Mismatch
APP01048,22,Female,Mombasa,KCSE,P005,Django Girls,7/17/2024,Qualified,No Response
APP01049,22,Female,Kisumu,KCSE,P002,Technovation,3/30/2025,Enrolled,
APP01050,21,Male,Taita Taveta,KCSE,P008,Web Development Classes,8/10/2025,Applied,Gender Mismatch
APP01051,20,Female,Kilifi,KCSE,P005,Django Girls,7/19/2025,Applied,Incomplete Application
APP01052,18,Female,Kwale,Diploma,P004,Africa Code Week,1/18/2024,Qualified,No Response
APP01053,18,Female,Mombasa,Certificate,P002,Technovation,8/31/2025,Interviewed,Declined Offer
APP01054,21,Female,Mombasa,Certificate,P007,Women Digital Skills,2/12/2025,Interviewed,Cohort Full
APP01055,27,Female,Kilifi,Certificate,P003,Code Hack,7/24/2025,Qualified,Interview Slots Full
APP01056,23,Female,Kilifi,Diploma,P001,STEM Cafe Kenya,1/9/2024,Interviewed,Cohort Full
APP01057,18,Female,Kilifi,KCSE,P002,Technovation,2/13/2024,Applied,Incomplete Application
APP01058,18,Female,Lamu,Certificate,P004,Africa Code Week,2/21/2025,Applied,Did Not Meet Requirements
APP01059,25,Male,Nairobi,KCSE,P004,Africa Code Week,8/20/2024,Applied,Gender Mismatch
APP01060,21,Female,Kwale,Certificate,P006,Mombasa Girls in STEM,1/28/2024,Applied,Incomplete Application
APP01061,35,Female,Lamu,Bachelor's,P004,Africa Code Week,3/18/2024,Enrolled,
APP01062,27,Female,Nairobi,Certificate,P001,STEM Cafe Kenya,1/23/2025,Interviewed,Declined Offer
APP01063,18,Female,Kilifi,Certificate,P008,Web Development Classes,4/27/2024,Applied,Did Not Meet Requirements
APP01064,35,Female,Nakuru,Diploma,P002,Technovation,3/4/2025,Interviewed,Low Interview Score
APP01065,20,Female,Mombasa,KCSE,P004,Africa Code Week,7/4/2025,Applied,Did Not Meet Requirements
APP01066,22,Female,Mombasa,KCSE,P006,Mombasa Girls in STEM,8/6/2024,Interviewed,Cohort Full
APP01067,27,Female,Mombasa,Diploma,P002,Technovation,1/21/2025,Applied,Incomplete Application
APP01068,19,Female,Kwale,KCSE,P008,Web Development Classes,2/18/2024,Applied,Did Not Meet Requirements
APP01069,29,Female,Kisumu,Diploma,P008,Web Development Classes,6/6/2024,Qualified,No Response
APP01070,23,Female,Kwale,Bachelor's,P007,Women Digital Skills,4/28/2024,Applied,Incomplete Application
APP01071,31,Male,Mombasa,Diploma,P003,Code Hack,4/16/2025,Applied,Gender Mismatch
APP01072,23,Female,Kisumu,Diploma,P004,Africa Code Week,7/11/2024,Applied,Did Not Meet Requirements
APP01073,20,Female,Mombasa,KCSE,P008,Web Development Classes,7/12/2025,Interviewed,Declined Offer
APP01074,30,Female,Nairobi,Master's,P005,Django Girls,9/29/2025,Applied,Incomplete Application
APP01075,27,Female,Kilifi,Diploma,P001,STEM Cafe Kenya,9/15/2024,Applied,Did Not Meet Requirements
APP01076,19,Female,Kwale,Certificate,P006,Mombasa Girls in STEM,7/30/2024,Enrolled,
APP01077,20,Female,Kisumu,Diploma,P006,Mombasa Girls in STEM,8/7/2024,Interviewed,Cohort Full
APP01078,30,Female,Mombasa,Bachelor's,P001,STEM Cafe Kenya,2/13/2024,Interviewed,Declined Offer
APP01079,33,Female,Lamu,Master's,P001,STEM Cafe Kenya,8/14/2024,Qualified,Could Not Be Reached
APP01080,20,Female,Mombasa,Diploma,P002,Technovation,1/6/2025,Applied,Incomplete Application
APP01081,28,Female,Tana River,Bachelor's,P002,Technovation,4/21/2024,Interviewed,Cohort Full
APP01082,19,Female,Kilifi,KCSE,P008,Web Development Classes,7/4/2024,Enrolled,
APP01083,30,Female,Kisumu,Bachelor's,P004,Africa Code Week,4/21/2024,Interviewed,Low Interview Score
APP01084,31,Female,Mombasa,Bachelor's,P008,Web Development Classes,9/14/2025,Qualified,No Response
APP01085,27,Female,Nakuru,Diploma,P003,Code Hack,9/25/2025,Qualified,Could Not Be Reached
APP01086,27,Female,Mombasa,KCSE,P004,Africa Code Week,7/2/2024,Enrolled,
APP01087,21,Female,Kisumu,KCSE,P003,Code Hack,6/11/2024,Applied,Incomplete Application
APP01088,25,Female,Kilifi,Certificate,P002,Technovation,7/3/2025,Interviewed,Cohort Full
APP01089,20,Female,Mombasa,KCSE,P001,STEM Cafe Kenya,7/19/2025,Qualified,Interview Slots Full
APP01090,22,Male,Kisumu,KCSE,P003,Code Hack,8/10/2024,Applied,Gender Mismatch
APP01091,28,Female,Mombasa,Bachelor's,P007,Women Digital Skills,8/2/2024,Qualified,Interview Slots Full
APP01092,21,Female,Taita Taveta,KCSE,P001,STEM Cafe Kenya,1/1/2025,Qualified,Interview Slots Full
APP01093,21,Female,Taita Taveta,Diploma,P003,Code Hack,3/4/2025,Qualified,No Response
APP01094,31,Female,Kilifi,Diploma,P001,STEM Cafe Kenya,2/17/2024,Applied,Did Not Meet Requirements
APP01095,19,Female,Kilifi,KCSE,P008,Web Development Classes,9/30/2025,Qualified,Could Not Be Reached
APP01096,33,Female,Taita Taveta,Master's,P002,Technovation,7/12/2025,Interviewed,Low Interview Score
APP01097,19,Female,Kwale,KCSE,P001,STEM Cafe Kenya,9/9/2025,Interviewed,Cohort Full
APP01098,31,Female,Lamu,Diploma,P003,Code Hack,6/4/2024,Qualified,Could Not Be Reached
APP01099,22,Female,Kisumu,KCSE,P005,Django Girls,4/8/2025,Applied,Incomplete Application
APP01100,33,Female,Nakuru,Bachelor's,P003,Code Hack,1/26/2025,Applied,Incomplete Application
APP01101,22,Male,Mombasa,KCSE,P005,Django Girls,1/17/2024,Applied,Gender Mismatch
APP01102,32,Female,Kisumu,Bachelor's,P002,Technovation,3/21/2024,Applied,Incomplete Application
APP01103,20,Female,Mombasa,KCSE,P007,Women Digital Skills,7/13/2024,Qualified,Interview Slots Full
APP01104,26,Female,Lamu,Certificate,P001,STEM Cafe Kenya,6/27/2025,Interviewed,Cohort Full
APP01105,20,Female,Nakuru,KCSE,P005,Django Girls,8/22/2025,Qualified,Could Not Be Reached
APP01106,19,Female,Kwale,KCSE,P005,Django Girls,2/23/2024,Interviewed,Low Interview Score
APP01107,18,Female,Mombasa,KCSE,P002,Technovation,8/16/2024,Qualified,Interview Slots Full
APP01108,22,Female,Nairobi,KCSE,P004,Africa Code Week,8/12/2024,Qualified,No Response
APP01109,20,Male,Kilifi,KCSE,P004,Africa Code Week,7/1/2025,Applied,Gender Mismatch
APP01110,34,Female,Mombasa,Bachelor's,P003,Code Hack,7/21/2025,Qualified,Interview Slots Full
APP01111,28,Female,Kisumu,Bachelor's,P001,STEM Cafe Kenya,9/16/2025,Qualified,No Response
APP01112,22,Female,Tana River,KCSE,P004,Africa Code Week,9/11/2025,Qualified,No Response
APP01113,32,Female,Kisumu,Bachelor's,P004,Africa Code Week,7/10/2025,Applied,Incomplete Application
APP01114,22,Female,Taita Taveta,Diploma,P004,Africa Code Week,4/10/2025,Qualified,Interview Slots Full
APP01115,19,Female,Mombasa,KCSE,P006,Mombasa Girls in STEM,8/12/2025,Applied,Did Not Meet Requirements
APP01116,29,Female,Nairobi,Bachelor's,P008,Web Development Classes,7/31/2025,Enrolled,
APP01117,26,Female,Mombasa,Diploma,P002,Technovation,3/8/2024,Qualified,No Response
APP01118,20,Male,Kwale,Diploma,P003,Code Hack,6/11/2024,Applied,Gender Mismatch
APP01119,29,Female,Lamu,Bachelor's,P004,Africa Code Week,6/27/2024,Applied,Did Not Meet Requirements
APP01120,24,Male,Nairobi,Certificate,P003,Code Hack,1/31/2024,Applied,Gender Mismatch
APP01121,21,Male,Nairobi,KCSE,P004,Africa Code Week,4/30/2024,Applied,Gender Mismatch
APP01122,24,Female,Mombasa,Certificate,P002,Technovation,9/3/2025,Applied,Incomplete Application
APP01123,19,Female,Nairobi,Diploma,P003,Code Hack,9/23/2024,Applied,Did Not Meet Requirements
APP01124,24,Female,Nairobi,Certificate,P006,Mombasa Girls in STEM,4/12/2025,Qualified,Interview Slots Full
APP01125,23,Female,Mombasa,Certificate,P001,STEM Cafe Kenya,2/25/2025,Applied,Incomplete Application
APP01126,28,Female,Lamu,Master's,P003,Code Hack,3/8/2025,Applied,Did Not Meet Requirements
APP01127,30,Female,Mombasa,Bachelor's,P003,Code Hack,4/30/2024,Applied,Incomplete Application
APP01128,22,Female,Mombasa,KCSE,P006,Mombasa Girls in STEM,8/31/2024,Applied,Incomplete Application
APP01129,21,Female,Nakuru,KCSE,P004,Africa Code Week,6/27/2025,Qualified,No Response
APP01130,34,Female,Nairobi,Bachelor's,P008,Web Development Classes,3/6/2025,Qualified,Interview Slots Full
APP01131,27,Female,Taita Taveta,Certificate,P006,Mombasa Girls in STEM,2/7/2025,Applied,Did Not Meet Requirements
APP01132,26,Male,Nakuru,Diploma,P002,Technovation,8/12/2025,Applied,Gender Mismatch
APP01133,33,Female,Kisumu,Bachelor's,P001,STEM Cafe Kenya,4/17/2024,Enrolled,
APP01134,34,Female,Kisumu,Bachelor's,P006,Mombasa Girls in STEM,4/9/2025,Applied,Did Not Meet Requirements
APP01135,22,Female,Kisumu,KCSE,P007,Women Digital Skills,4/17/2025,Qualified,No Response
APP01136,27,Female,Kilifi,Diploma,P007,Women Digital Skills,3/21/2024,Interviewed,Low Interview Score
APP01137,25,Female,Tana River,Bachelor's,P001,STEM Cafe Kenya,9/12/2024,Qualified,Could Not Be Reached
APP01138,21,Female,Kilifi,KCSE,P004,Africa Code Week,2/3/2024,Enrolled,
APP01139,33,Female,Nairobi,Diploma,P003,Code Hack,2/24/2024,Applied,Incomplete Application
APP01140,27,Female,Nairobi,KCSE,P008,Web Development Classes,1/21/2025,Qualified,No Response
APP01141,27,Female,Nairobi,Certificate,P008,Web Development Classes,6/19/2025,Applied,Incomplete Application
APP01142,23,Female,Taita Taveta,Diploma,P001,STEM Cafe Kenya,3/4/2024,Enrolled,
APP01143,22,Female,Mombasa,Diploma,P003,Code Hack,3/26/2025,Applied,Incomplete Application
APP01144,22,Male,Nairobi,Certificate,P001,STEM Cafe Kenya,6/28/2025,Applied,Gender Mismatch
APP01145,20,Female,Nairobi,KCSE,P001,STEM Cafe Kenya,8/31/2025,Applied,Did Not Meet Requirements
APP01146,34,Female,Lamu,Diploma,P001,STEM Cafe Kenya,6/5/2025,Qualified,No Response
APP01147,34,Female,Taita Taveta,Bachelor's,P002,Technovation,2/3/2024,Applied,Did Not Meet Requirements
APP01148,20,Female,Lamu,KCSE,P001,STEM Cafe Kenya,1/6/2024,Applied,Did Not Meet Requirements
APP01149,26,Female,Kisumu,Bachelor's,P007,Women Digital Skills,9/19/2025,Interviewed,Low Interview Score
APP01150,29,Female,Taita Taveta,Bachelor's,P002,Technovation,3/20/2024,Qualified,Could Not Be Reached
APP01151,20,Female,Mombasa,Certificate,P004,Africa Code Week,3/7/2024,Interviewed,Cohort Full
APP01152,24,Female,Lamu,Certificate,P004,Africa Code Week,2/17/2024,Qualified,No Response
APP01153,24,Female,Nairobi,Diploma,P004,Africa Code Week,6/3/2025,Interviewed,Cohort Full
APP01154,22,Female,Tana River,Certificate,P008,Web Development Classes,2/1/2025,Applied,Incomplete Application
APP01155,26,Female,Taita Taveta,Certificate,P007,Women Digital Skills,8/30/2025,Applied,Incomplete Application
APP01156,33,Female,Kwale,Bachelor's,P005,Django Girls,6/27/2025,Interviewed,Cohort Full
APP01157,21,Female,Taita Taveta,KCSE,P005,Django Girls,1/8/2025,Qualified,Could Not Be Reached
APP01158,31,Female,Lamu,Diploma,P005,Django Girls,8/9/2024,Qualified,Interview Slots Full
APP01159,26,Female,Lamu,Diploma,P002,Technovation,3/28/2025,Qualified,Interview Slots Full
APP01160,21,Female,Nakuru,KCSE,P004,Africa Code Week,4/30/2025,Qualified,Interview Slots Full
APP01161,21,Female,Nakuru,KCSE,P008,Web Development Classes,2/7/2025,Interviewed,Low Interview Score
APP01162,21,Female,Nakuru,Certificate,P003,Code Hack,1/6/2025,Interviewed,Cohort Full
APP01163,23,Female,Mombasa,Certificate,P004,Africa Code Week,8/16/2025,Applied,Did Not Meet Requirements
APP01164,24,Male,Kwale,KCSE,P006,Mombasa Girls in STEM,1/12/2024,Applied,Gender Mismatch
APP01165,20,Female,Nakuru,KCSE,P001,STEM Cafe Kenya,9/10/2025,Qualified,Could Not Be Reached
APP01166,24,Female,Taita Taveta,Certificate,P004,Africa Code Week,7/25/2025,Qualified,Interview Slots Full
APP01167,18,Female,Kisumu,Certificate,P006,Mombasa Girls in STEM,4/9/2025,Applied,Incomplete Application
APP01168,22,Female,Mombasa,Certificate,P005,Django Girls,7/13/2025,Interviewed,Declined Offer
APP01169,24,Female,Nakuru,Diploma,P002,Technovation,4/4/2025,Qualified,Interview Slots Full
APP01170,25,Female,Lamu,Diploma,P006,Mombasa Girls in STEM,1/8/2024,Qualified,Interview Slots Full
APP01171,22,Female,Nakuru,KCSE,P007,Women Digital Skills,4/5/2024,Applied,Did Not Meet Requirements
APP01172,28,Female,Nairobi,Bachelor's,P008,Web Development Classes,6/4/2024,Enrolled,
APP01173,18,Female,Kisumu,Certificate,P005,Django Girls,6/24/2024,Interviewed,Declined Offer
APP01174,18,Female,Kwale,Certificate,P001,STEM Cafe Kenya,9/26/2025,Qualified,No Response
APP01175,21,Female,Nairobi,KCSE,P006,Mombasa Girls in STEM,3/12/2024,Qualified,Interview Slots Full
APP01176,19,Female,Nakuru,KCSE,P005,Django Girls,8/23/2025,Qualified,Interview Slots Full
APP01177,26,Female,Kilifi,KCSE,P008,Web Development Classes,3/30/2024,Enrolled,
APP01178,20,Female,Nairobi,KCSE,P007,Women Digital Skills,2/13/2025,Enrolled,
APP01179,21,Female,Mombasa,KCSE,P002,Technovation,4/24/2025,Enrolled,
APP01180,21,Female,Kilifi,KCSE,P006,Mombasa Girls in STEM,8/16/2024,Enrolled,
APP01181,20,Female,Taita Taveta,KCSE,P004,Africa Code Week,9/2/2024,Applied,Did Not Meet Requirements
APP01182,27,Female,Mombasa,Certificate,P003,Code Hack,9/29/2024,Applied,Incomplete Application
APP01183,19,Female,Nairobi,KCSE,P001,STEM Cafe Kenya,9/28/2024,Enrolled,
APP01184,25,Female,Kwale,Diploma,P004,Africa Code Week,4/26/2024,Enrolled,
APP01185,18,Female,Lamu,Certificate,P002,Technovation,3/8/2024,Qualified,Could Not Be Reached
APP01186,20,Female,Nakuru,Diploma,P002,Technovation,6/10/2024,Qualified,Could Not Be Reached
APP01187,21,Male,Nairobi,KCSE,P006,Mombasa Girls in STEM,3/15/2024,Applied,Gender Mismatch
APP01188,21,Male,Mombasa,KCSE,P004,Africa Code Week,4/7/2025,Applied,Gender Mismatch
APP01189,26,Female,Kisumu,KCSE,P008,Web Development Classes,3/28/2024,Qualified,Could Not Be Reached
APP01190,32,Female,Nairobi,Bachelor's,P002,Technovation,3/21/2024,Enrolled,
APP01191,20,Female,Lamu,KCSE,P002,Technovation,2/26/2024,Interviewed,Cohort Full
APP01192,24,Female,Nairobi,Diploma,P003,Code Hack,9/4/2025,Qualified,Interview Slots Full
APP01193,32,Female,Mombasa,Bachelor's,P004,Africa Code Week,8/14/2025,Interviewed,Low Interview Score
APP01194,22,Female,Nakuru,KCSE,P006,Mombasa Girls in STEM,2/2/2025,Enrolled,
APP01195,18,Female,Nairobi,KCSE,P004,Africa Code Week,6/18/2025,Qualified,Interview Slots Full
APP01196,24,Female,Mombasa,Certificate,P003,Code Hack,4/6/2025,Interviewed,Declined Offer
APP01197,22,Female,Kisumu,KCSE,P001,STEM Cafe Kenya,3/19/2025,Enrolled,
APP01198,18,Female,Kisumu,KCSE,P004,Africa Code Week,9/19/2025,Applied,Did Not Meet Requirements
APP01199,24,Female,Lamu,KCSE,P006,Mombasa Girls in STEM,4/24/2024,Qualified,Interview Slots Full
APP01200,27,Female,Kisumu,Certificate,P008,Web Development Classes,8/9/2024,Interviewed,Cohort Full
APP01201,24,Female,Lamu,Certificate,P005,Django Girls,9/27/2025,Enrolled,
APP01202,19,Female,Nairobi,KCSE,P004,Africa Code Week,8/18/2024,Applied,Incomplete Application
APP01203,24,Female,Nairobi,Certificate,P004,Africa Code Week,6/14/2024,Interviewed,Cohort Full
APP01204,24,Female,Tana River,Certificate,P002,Technovation,4/24/2024,Interviewed,Declined Offer
APP01205,18,Male,Kisumu,KCSE,P004,Africa Code Week,4/3/2024,Applied,Gender Mismatch
APP01206,28,Female,Nairobi,Master's,P001,STEM Cafe Kenya,4/10/2024,Qualified,Interview Slots Full
APP01207,18,Female,Nakuru,KCSE,P004,Africa Code Week,1/16/2025,Applied,Did Not Meet Requirements
APP01208,28,Female,Mombasa,Diploma,P003,Code Hack,6/14/2025,Applied,Incomplete Application
APP01209,31,Female,Nairobi,Bachelor's,P001,STEM Cafe Kenya,8/14/2024,Qualified,Could Not Be Reached
APP01210,18,Female,Mombasa,KCSE,P004,Africa Code Week,8/5/2025,Enrolled,
APP01211,29,Female,Tana River,Bachelor's,P004,Africa Code Week,6/14/2025,Qualified,No Response
APP01212,31,Female,Nairobi,Master's,P005,Django Girls,6/21/2024,Applied,Incomplete Application
APP01213,21,Female,Nakuru,KCSE,P001,STEM Cafe Kenya,9/2/2025,Interviewed,Declined Offer
APP01214,34,Male,Nakuru,Bachelor's,P002,Technovation,9/20/2024,Applied,Gender Mismatch
APP01215,33,Female,Kisumu,Bachelor's,P008,Web Development Classes,1/7/2024,Applied,Incomplete Application
APP01216,27,Female,Kisumu,Bachelor's,P008,Web Development Classes,1/9/2025,Applied,Did Not Meet Requirements
APP01217,23,Female,Kwale,Certificate,P004,Africa Code Week,4/28/2024,Applied,Did Not Meet Requirements
APP01218,18,Female,Taita Taveta,Certificate,P001,STEM Cafe Kenya,2/14/2024,Interviewed,Cohort Full
APP01219,21,Male,Kisumu,KCSE,P001,STEM Cafe Kenya,8/28/2025,Applied,Gender Mismatch
APP01220,19,Male,Kwale,KCSE,P002,Technovation,8/9/2024,Applied,Gender Mismatch
APP01221,29,Female,Tana River,Bachelor's,P004,Africa Code Week,8/21/2024,Interviewed,Low Interview Score
APP01222,22,Female,Kisumu,KCSE,P005,Django Girls,1/5/2024,Qualified,Could Not Be Reached
APP01223,24,Female,Mombasa,Certificate,P003,Code Hack,1/20/2024,Applied,Incomplete Application
APP01224,27,Female,Mombasa,Diploma,P002,Technovation,3/10/2024,Applied,Incomplete Application
APP01225,23,Female,Nairobi,Diploma,P003,Code Hack,9/18/2025,Qualified,Could Not Be Reached
APP01226,18,Female,Nakuru,KCSE,P005,Django Girls,8/15/2025,Applied,Incomplete Application
APP01227,29,Female,Lamu,Diploma,P006,Mombasa Girls in STEM,9/13/2025,Interviewed,Cohort Full
APP01228,21,Female,Mombasa,KCSE,P002,Technovation,3/8/2025,Applied,Incomplete Application
APP01229,25,Female,Kwale,Diploma,P003,Code Hack,9/2/2025,Qualified,No Response
APP01230,24,Female,Kilifi,Diploma,P004,Africa Code Week,2/6/2025,Applied,Incomplete Application
APP01231,24,Female,Taita Taveta,KCSE,P002,Technovation,1/13/2025,Applied,Incomplete Application
APP01232,33,Female,Kilifi,Bachelor's,P001,STEM Cafe Kenya,3/30/2024,Qualified,Interview Slots Full
APP01233,18,Female,Nairobi,KCSE,P005,Django Girls,3/2/2024,Qualified,Interview Slots Full
APP01234,24,Male,Mombasa,Diploma,P001,STEM Cafe Kenya,3/14/2024,Applied,Gender Mismatch
APP01235,31,Female,Taita Taveta,Bachelor's,P001,STEM Cafe Kenya,9/25/2025,Enrolled,
APP01236,23,Female,Nakuru,KCSE,P002,Technovation,1/22/2025,Qualified,Could Not Be Reached
APP01237,27,Female,Mombasa,Certificate,P003,Code Hack,6/17/2024,Applied,Did Not Meet Requirements
APP01238,26,Female,Lamu,Certificate,P007,Women Digital Skills,7/2/2025,Qualified,Could Not Be Reached
APP01239,23,Male,Lamu,Diploma,P008,Web Development Classes,6/27/2025,Applied,Gender Mismatch
APP01240,26,Male,Nairobi,Certificate,P004,Africa Code Week,2/16/2024,Applied,Gender Mismatch
APP01241,20,Male,Nairobi,KCSE,P004,Africa Code Week,6/13/2024,Applied,Gender Mismatch
APP01242,27,Male,Lamu,Certificate,P002,Technovation,7/18/2025,Applied,Gender Mismatch
APP01243,24,Female,Mombasa,Diploma,P001,STEM Cafe Kenya,9/26/2024,Applied,Incomplete Application
APP01244,21,Female,Mombasa,KCSE,P002,Technovation,9/24/2024,Enrolled,
APP01245,19,Male,Nairobi,KCSE,P002,Technovation,8/12/2024,Applied,Gender Mismatch
APP01246,19,Male,Kilifi,KCSE,P008,Web Development Classes,9/7/2024,Applied,Gender Mismatch
APP01247,20,Female,Lamu,KCSE,P002,Technovation,6/24/2024,Enrolled,
APP01248,34,Female,Tana River,Diploma,P002,Technovation,8/8/2024,Applied,Incomplete Application
APP01249,19,Female,Kilifi,Certificate,P008,Web Development Classes,4/10/2024,Qualified,No Response
APP01250,32,Female,Mombasa,Bachelor's,P002,Technovation,2/25/2025,Qualified,Interview Slots Full
APP01251,31,Female,Nairobi,Master's,P006,Mombasa Girls in STEM,1/17/2025,Enrolled,
APP01252,35,Female,Nairobi,Diploma,P004,Africa Code Week,1/22/2024,Enrolled,
APP01253,35,Female,Mombasa,Diploma,P002,Technovation,1/14/2024,Applied,Did Not Meet Requirements
APP01254,26,Female,Kisumu,Certificate,P004,Africa Code Week,6/4/2025,Applied,Did Not Meet Requirements
APP01255,28,Female,Lamu,Bachelor's,P008,Web Development Classes,4/19/2025,Enrolled,
APP01256,26,Female,Kisumu,Bachelor's,P007,Women Digital Skills,2/4/2024,Enrolled,
APP01257,34,Female,Nairobi,Bachelor's,P006,Mombasa Girls in STEM,4/21/2025,Enrolled,
APP01258,28,Female,Nairobi,Bachelor's,P002,Technovation,9/28/2025,Qualified,No Response
APP01259,25,Female,Nairobi,KCSE,P001,STEM Cafe Kenya,8/30/2025,Interviewed,Low Interview Score
APP01260,27,Female,Tana River,Diploma,P002,Technovation,1/8/2024,Enrolled,
APP01261,25,Female,Nairobi,Certificate,P008,Web Development Classes,4/30/2024,Applied,Did Not Meet Requirements
APP01262,30,Male,Nairobi,Diploma,P002,Technovation,1/21/2025,Applied,Gender Mismatch
APP01263,18,Male,Nakuru,KCSE,P008,Web Development Classes,4/8/2024,Applied,Gender Mismatch
APP01264,19,Female,Kwale,KCSE,P003,Code Hack,1/30/2024,Qualified,Interview Slots Full
APP01265,20,Female,Lamu,KCSE,P001,STEM Cafe Kenya,6/18/2025,Qualified,Interview Slots Full
APP01266,19,Female,Kilifi,KCSE,P004,Africa Code Week,2/13/2024,Applied,Did Not Meet Requirements
APP01267,32,Female,Tana River,Diploma,P005,Django Girls,9/25/2025,Enrolled,
APP01268,19,Female,Lamu,KCSE,P001,STEM Cafe Kenya,4/10/2024,Interviewed,Declined Offer
APP01269,22,Female,Nairobi,KCSE,P004,Africa Code Week,3/20/2025,Qualified,Interview Slots Full
APP01270,24,Female,Mombasa,Certificate,P003,Code Hack,1/18/2024,Interviewed,Cohort Full
APP01271,32,Female,Lamu,Diploma,P004,Africa Code Week,9/14/2025,Qualified,Interview Slots Full
APP01272,27,Female,Kisumu,Certificate,P001,STEM Cafe Kenya,8/16/2025,Interviewed,Cohort Full
APP01273,31,Female,Kwale,Diploma,P001,STEM Cafe Kenya,6/21/2025,Interviewed,Cohort Full
APP01274,27,Female,Nairobi,Certificate,P002,Technovation,3/25/2024,Enrolled,
APP01275,20,Female,Kwale,KCSE,P008,Web Development Classes,3/8/2024,Interviewed,Declined Offer
APP01276,21,Female,Lamu,Certificate,P003,Code Hack,9/8/2024,Applied,Incomplete Application
APP01277,24,Female,Tana River,Diploma,P003,Code Hack,3/5/2025,Applied,Incomplete Application
APP01278,20,Female,Nairobi,KCSE,P004,Africa Code Week,6/28/2024,Applied,Did Not Meet Requirements
APP01279,26,Female,Nakuru,Certificate,P008,Web Development Classes,6/6/2025,Interviewed,Low Interview Score
APP01280,27,Female,Nairobi,Certificate,P002,Technovation,1/20/2024,Enrolled,
APP01281,24,Male,Nairobi,Diploma,P003,Code Hack,2/15/2025,Applied,Gender Mismatch
APP01282,23,Female,Taita Taveta,Diploma,P007,Women Digital Skills,2/18/2024,Interviewed,Cohort Full
APP01283,23,Female,Taita Taveta,Certificate,P001,STEM Cafe Kenya,8/24/2024,Qualified,Interview Slots Full
APP01284,21,Female,Mombasa,KCSE,P001,STEM Cafe Kenya,2/25/2025,Applied,Did Not Meet Requirements
APP01285,25,Female,Kisumu,Bachelor's,P007,Women Digital Skills,7/27/2024,Qualified,Interview Slots Full
APP01286,25,Female,Kisumu,Diploma,P002,Technovation,6/8/2024,Interviewed,Low Interview Score
APP01287,29,Female,Mombasa,Diploma,P002,Technovation,7/13/2024,Qualified,No Response
APP01288,27,Female,Kwale,Certificate,P005,Django Girls,9/12/2025,Enrolled,
APP01289,26,Female,Kwale,KCSE,P004,Africa Code Week,2/15/2025,Applied,Incomplete Application
APP01290,27,Female,Nairobi,Certificate,P008,Web Development Classes,7/18/2024,Qualified,Could Not Be Reached
APP01291,22,Female,Tana River,Certificate,P001,STEM Cafe Kenya,1/5/2025,Interviewed,Declined Offer
APP01292,28,Female,Taita Taveta,Diploma,P004,Africa Code Week,4/5/2025,Interviewed,Low Interview Score
APP01293,22,Female,Kisumu,KCSE,P005,Django Girls,6/9/2025,Interviewed,Cohort Full
APP01294,24,Female,Kwale,Certificate,P008,Web Development Classes,8/28/2024,Applied,Did Not Meet Requirements
APP01295,19,Female,Kilifi,Certificate,P001,STEM Cafe Kenya,3/7/2025,Interviewed,Declined Offer
APP01296,23,Female,Nairobi,Certificate,P005,Django Girls,4/10/2025,Enrolled,
APP01297,20,Female,Kilifi,KCSE,P003,Code Hack,2/4/2024,Applied,Incomplete Application
APP01298,30,Female,Nairobi,Master's,P007,Women Digital Skills,4/7/2024,Qualified,No Response
APP01299,27,Female,Nakuru,Bachelor's,P004,Africa Code Week,3/14/2024,Qualified,Could Not Be Reached
APP01300,22,Female,Tana River,KCSE,P003,Code Hack,2/21/2024,Interviewed,Cohort Full
APP01301,23,Female,Nairobi,Certificate,P007,Women Digital Skills,1/19/2025,Enrolled,
APP01302,21,Female,Nairobi,KCSE,P002,Technovation,4/22/2025,Qualified,Could Not Be Reached
APP01303,21,Female,Nairobi,Diploma,P008,Web Development Classes,4/16/2025,Qualified,Could Not Be Reached
APP01304,28,Male,Kilifi,Diploma,P002,Technovation,6/5/2025,Applied,Gender Mismatch
APP01305,21,Female,Nakuru,Certificate,P004,Africa Code Week,8/13/2025,Qualified,Could Not Be Reached
APP01306,23,Female,Nairobi,KCSE,P006,Mombasa Girls in STEM,3/29/2024,Applied,Incomplete Application
APP01307,23,Female,Nairobi,Diploma,P002,Technovation,6/13/2025,Qualified,No Response
APP01308,24,Female,Kwale,Certificate,P004,Africa Code Week,4/8/2025,Applied,Incomplete Application
APP01309,18,Female,Nairobi,Certificate,P007,Women Digital Skills,1/16/2025,Applied,Did Not Meet Requirements
APP01310,26,Female,Nairobi,Diploma,P004,Africa Code Week,2/20/2025,Applied,Incomplete Application
APP01311,25,Female,Mombasa,Bachelor's,P001,STEM Cafe Kenya,3/25/2024,Applied,Incomplete Application
APP01312,24,Female,Nakuru,Certificate,P001,STEM Cafe Kenya,9/25/2024,Applied,Incomplete Application
APP01313,18,Female,Kwale,KCSE,P001,STEM Cafe Kenya,1/4/2024,Applied,Did Not Meet Requirements
APP01314,20,Female,Kwale,KCSE,P006,Mombasa Girls in STEM,9/10/2024,Enrolled,
APP01315,35,Female,Kilifi,Bachelor's,P003,Code Hack,2/19/2024,Applied,Did Not Meet Requirements
APP01316,21,Female,Taita Taveta,Diploma,P008,Web Development Classes,6/12/2025,Interviewed,Low Interview Score
APP01317,20,Female,Tana River,KCSE,P003,Code Hack,2/3/2024,Enrolled,
APP01318,31,Female,Taita Taveta,Diploma,P006,Mombasa Girls in STEM,7/3/2024,Enrolled,
APP01319,30,Female,Mombasa,Bachelor's,P005,Django Girls,1/1/2024,Applied,Did Not Meet Requirements
APP01320,22,Female,Nairobi,Certificate,P005,Django Girls,9/2/2024,Qualified,Could Not Be Reached
APP01321,20,Female,Mombasa,KCSE,P002,Technovation,6/24/2024,Enrolled,
APP01322,20,Female,Kisumu,KCSE,P003,Code Hack,4/8/2024,Qualified,Could Not Be Reached
APP01323,23,Female,Nairobi,Diploma,P006,Mombasa Girls in STEM,6/26/2025,Qualified,Interview Slots Full
APP01324,21,Male,Nairobi,Certificate,P005,Django Girls,1/12/2025,Applied,Gender Mismatch
APP01325,22,Male,Kilifi,KCSE,P003,Code Hack,7/13/2024,Applied,Gender Mismatch
APP01326,31,Female,Tana River,Bachelor's,P001,STEM Cafe Kenya,8/4/2025,Applied,Incomplete Application
APP01327,20,Female,Nairobi,KCSE,P004,Africa Code Week,9/23/2025,Interviewed,Cohort Full
APP01328,18,Female,Tana River,KCSE,P007,Women Digital Skills,4/4/2025,Applied,Incomplete Application
APP01329,24,Male,Kwale,Certificate,P003,Code Hack,4/15/2024,Applied,Gender Mismatch
APP01330,21,Female,Lamu,KCSE,P008,Web Development Classes,8/25/2025,Applied,Incomplete Application
APP01331,23,Female,Mombasa,Certificate,P001,STEM Cafe Kenya,3/26/2024,Applied,Incomplete Application
APP01332,34,Female,Nakuru,Diploma,P005,Django Girls,7/19/2024,Enrolled,
APP01333,27,Female,Kisumu,Certificate,P001,STEM Cafe Kenya,6/13/2025,Applied,Incomplete Application
APP01334,23,Female,Mombasa,Certificate,P005,Django Girls,4/24/2024,Qualified,Could Not Be Reached
APP01335,21,Female,Nakuru,KCSE,P007,Women Digital Skills,6/10/2025,Enrolled,
APP01336,20,Female,Mombasa,KCSE,P004,Africa Code Week,3/5/2024,Interviewed,Declined Offer
APP01337,23,Female,Taita Taveta,Diploma,P004,Africa Code Week,9/18/2024,Interviewed,Declined Offer
APP01338,19,Female,Lamu,KCSE,P006,Mombasa Girls in STEM,7/13/2025,Enrolled,
APP01339,32,Female,Nakuru,Bachelor's,P006,Mombasa Girls in STEM,1/2/2025,Applied,Incomplete Application
APP01340,23,Female,Mombasa,Diploma,P004,Africa Code Week,7/14/2024,Applied,Incomplete Application
APP01341,25,Female,Kisumu,Diploma,P004,Africa Code Week,9/2/2025,Applied,Incomplete Application
APP01342,27,Female,Tana River,Diploma,P001,STEM Cafe Kenya,1/22/2025,Applied,Incomplete Application
APP01343,31,Female,Mombasa,Bachelor's,P002,Technovation,1/20/2024,Qualified,Could Not Be Reached
APP01344,21,Female,Mombasa,KCSE,P002,Technovation,1/10/2025,Interviewed,Declined Offer
APP01345,22,Female,Nakuru,Certificate,P002,Technovation,9/15/2025,Qualified,Interview Slots Full
APP01346,18,Female,Kilifi,KCSE,P004,Africa Code Week,6/30/2024,Applied,Did Not Meet Requirements
APP01347,27,Female,Kisumu,Diploma,P008,Web Development Classes,7/20/2025,Applied,Did Not Meet Requirements
APP01348,21,Female,Mombasa,KCSE,P008,Web Development Classes,2/11/2024,Applied,Did Not Meet Requirements
APP01349,22,Female,Nairobi,Diploma,P006,Mombasa Girls in STEM,2/13/2025,Enrolled,
APP01350,27,Female,Kwale,Certificate,P002,Technovation,7/2/2024,Applied,Incomplete Application
APP01351,30,Female,Kilifi,Diploma,P001,STEM Cafe Kenya,4/4/2025,Qualified,No Response
APP01352,32,Female,Nairobi,Master's,P003,Code Hack,9/30/2025,Qualified,Interview Slots Full
APP01353,21,Female,Nairobi,KCSE,P003,Code Hack,9/27/2025,Qualified,Interview Slots Full
APP01354,21,Female,Tana River,KCSE,P006,Mombasa Girls in STEM,9/7/2024,Applied,Did Not Meet Requirements
APP01355,22,Female,Kilifi,KCSE,P004,Africa Code Week,8/24/2024,Applied,Did Not Meet Requirements
APP01356,20,Female,Mombasa,KCSE,P006,Mombasa Girls in STEM,4/28/2025,Qualified,Could Not Be Reached
APP01357,22,Female,Lamu,Certificate,P004,Africa Code Week,4/1/2024,Qualified,No Response
APP01358,18,Female,Taita Taveta,KCSE,P001,STEM Cafe Kenya,2/4/2024,Qualified,Could Not Be Reached
APP01359,22,Female,Kwale,KCSE,P003,Code Hack,7/12/2025,Qualified,Interview Slots Full
APP01360,19,Female,Mombasa,Certificate,P005,Django Girls,8/3/2024,Applied,Did Not Meet Requirements
APP01361,23,Female,Kisumu,Certificate,P004,Africa Code Week,2/14/2024,Applied,Did Not Meet Requirements
APP01362,18,Female,Lamu,KCSE,P005,Django Girls,9/24/2025,Qualified,Interview Slots Full
APP01363,25,Female,Kisumu,Diploma,P006,Mombasa Girls in STEM,1/24/2024,Qualified,Could Not Be Reached
APP01364,21,Female,Kilifi,Certificate,P001,STEM Cafe Kenya,3/5/2024,Qualified,Could Not Be Reached
APP01365,21,Female,Lamu,KCSE,P004,Africa Code Week,4/3/2024,Interviewed,Declined Offer
APP01366,20,Female,Taita Taveta,KCSE,P001,STEM Cafe Kenya,1/4/2025,Applied,Incomplete Application
APP01367,26,Female,Kilifi,Diploma,P003,Code Hack,2/7/2025,Applied,Incomplete Application
APP01368,22,Female,Nakuru,Diploma,P004,Africa Code Week,1/28/2024,Interviewed,Declined Offer
APP01369,31,Female,Nakuru,Master's,P004,Africa Code Week,3/7/2024,Qualified,Interview Slots Full
APP01370,21,Male,Kisumu,KCSE,P002,Technovation,6/1/2025,Applied,Gender Mismatch
APP01371,21,Female,Nakuru,KCSE,P002,Technovation,3/19/2024,Interviewed,Declined Offer
APP01372,28,Female,Lamu,Diploma,P007,Women Digital Skills,1/9/2025,Qualified,Could Not Be Reached
APP01373,20,Female,Nakuru,KCSE,P005,Django Girls,8/3/2025,Interviewed,Cohort Full
APP01374,21,Male,Mombasa,KCSE,P002,Technovation,6/12/2025,Applied,Gender Mismatch
APP01375,28,Female,Nairobi,Bachelor's,P002,Technovation,6/9/2024,Enrolled,
APP01376,22,Male,Nakuru,KCSE,P001,STEM Cafe Kenya,4/2/2025,Applied,Gender Mismatch
APP01377,25,Female,Kilifi,KCSE,P004,Africa Code Week,2/4/2024,Qualified,Interview Slots Full
APP01378,21,Male,Nakuru,KCSE,P001,STEM Cafe Kenya,1/6/2025,Applied,Gender Mismatch
APP01379,20,Female,Kilifi,KCSE,P004,Africa Code Week,9/2/2025,Qualified,Could Not Be Reached
APP01380,20,Female,Taita Taveta,KCSE,P001,STEM Cafe Kenya,8/25/2024,Qualified,Interview Slots Full
APP01381,27,Female,Kisumu,Diploma,P008,Web Development Classes,9/18/2025,Qualified,No Response
APP01382,32,Female,Tana River,Bachelor's,P007,Women Digital Skills,9/1/2024,Interviewed,Cohort Full
APP01383,20,Female,Kwale,KCSE,P001,STEM Cafe Kenya,1/25/2025,Applied,Incomplete Application
APP01384,19,Female,Nakuru,KCSE,P004,Africa Code Week,9/24/2025,Applied,Did Not Meet Requirements
APP01385,28,Female,Lamu,Bachelor's,P005,Django Girls,6/11/2025,Qualified,Interview Slots Full
APP01386,22,Female,Nairobi,KCSE,P001,STEM Cafe Kenya,3/21/2025,Enrolled,
APP01387,32,Female,Nakuru,Bachelor's,P007,Women Digital Skills,7/19/2024,Qualified,No Response
APP01388,24,Female,Mombasa,Certificate,P004,Africa Code Week,3/21/2024,Enrolled,
APP01389,22,Female,Kilifi,KCSE,P001,STEM Cafe Kenya,9/13/2024,Qualified,Interview Slots Full
APP01390,22,Female,Kisumu,KCSE,P006,Mombasa Girls in STEM,8/7/2024,Applied,Incomplete Application
APP01391,35,Male,Kisumu,Bachelor's,P004,Africa Code Week,7/15/2024,Applied,Gender Mismatch
APP01392,22,Female,Taita Taveta,KCSE,P005,Django Girls,3/11/2024,Qualified,No Response
APP01393,23,Female,Kwale,Certificate,P002,Technovation,4/26/2024,Qualified,No Response
APP01394,20,Female,Mombasa,KCSE,P002,Technovation,3/15/2025,Qualified,Interview Slots Full
APP01395,18,Female,Kisumu,KCSE,P002,Technovation,2/20/2025,Enrolled,
APP01396,23,Female,Nairobi,Diploma,P005,Django Girls,2/25/2024,Interviewed,Cohort Full
APP01397,20,Female,Kilifi,KCSE,P004,Africa Code Week,4/29/2025,Enrolled,
APP01398,20,Female,Nairobi,Certificate,P001,STEM Cafe Kenya,6/12/2025,Qualified,No Response
APP01399,34,Female,Nakuru,Bachelor's,P003,Code Hack,2/25/2024,Qualified,Interview Slots Full
APP01400,34,Female,Mombasa,Master's,P005,Django Girls,3/21/2025,Applied,Did Not Meet Requirements
APP01401,25,Female,Mombasa,Bachelor's,P003,Code Hack,1/27/2024,Enrolled,
APP01402,23,Female,Nairobi,Diploma,P002,Technovation,6/17/2024,Applied,Did Not Meet Requirements
APP01403,20,Female,Kisumu,KCSE,P002,Technovation,7/1/2025,Applied,Did Not Meet Requirements
APP01404,18,Female,Kwale,Certificate,P006,Mombasa Girls in STEM,1/1/2024,Applied,Did Not Meet Requirements
APP01405,19,Female,Mombasa,KCSE,P007,Women Digital Skills,4/10/2024,Enrolled,
APP01406,18,Female,Mombasa,Certificate,P002,Technovation,7/1/2024,Qualified,Could Not Be Reached
APP01407,33,Female,Kwale,Master's,P001,STEM Cafe Kenya,4/3/2025,Interviewed,Cohort Full
APP01408,27,Female,Nairobi,Diploma,P008,Web Development Classes,4/20/2024,Interviewed,Cohort Full
APP01409,32,Female,Nakuru,Diploma,P008,Web Development Classes,7/25/2025,Applied,Did Not Meet Requirements
APP01410,22,Female,Kisumu,KCSE,P001,STEM Cafe Kenya,9/29/2025,Qualified,Interview Slots Full
APP01411,24,Female,Nairobi,Diploma,P004,Africa Code Week,4/25/2025,Qualified,Could Not Be Reached
APP01412,30,Female,Kwale,Diploma,P001,STEM Cafe Kenya,9/7/2025,Qualified,Interview Slots Full
APP01413,24,Female,Tana River,Certificate,P006,Mombasa Girls in STEM,2/19/2025,Interviewed,Cohort Full
APP01414,20,Female,Mombasa,Diploma,P003,Code Hack,1/25/2024,Qualified,No Response
APP01415,24,Male,Nakuru,Bachelor's,P005,Django Girls,3/28/2024,Applied,Gender Mismatch
APP01416,34,Female,Lamu,Bachelor's,P002,Technovation,6/5/2025,Interviewed,Low Interview Score
APP01417,26,Female,Taita Taveta,Diploma,P004,Africa Code Week,8/9/2024,Applied,Incomplete Application
APP01418,19,Female,Mombasa,KCSE,P003,Code Hack,9/13/2025,Applied,Incomplete Application
APP01419,31,Female,Lamu,Bachelor's,P002,Technovation,1/13/2024,Qualified,Could Not Be Reached
APP01420,27,Female,Mombasa,Diploma,P004,Africa Code Week,6/29/2024,Qualified,No Response
APP01421,24,Female,Mombasa,Certificate,P005,Django Girls,9/17/2024,Applied,Incomplete Application
APP01422,32,Female,Kisumu,Bachelor's,P005,Django Girls,8/11/2025,Applied,Incomplete Application
APP01423,32,Female,Mombasa,Master's,P002,Technovation,8/28/2024,Qualified,No Response
APP01424,24,Female,Nairobi,Diploma,P001,STEM Cafe Kenya,8/28/2024,Qualified,Could Not Be Reached
APP01425,24,Female,Kilifi,Certificate,P003,Code Hack,3/29/2025,Applied,Did Not Meet Requirements
APP01426,23,Female,Lamu,Bachelor's,P005,Django Girls,7/16/2024,Applied,Incomplete Application
APP01427,18,Female,Nairobi,Diploma,P005,Django Girls,7/28/2025,Enrolled,
APP01428,21,Female,Nakuru,Diploma,P008,Web Development Classes,7/11/2024,Enrolled,
APP01429,26,Female,Kisumu,Certificate,P001,STEM Cafe Kenya,9/5/2025,Qualified,Could Not Be Reached
APP01430,25,Female,Mombasa,Bachelor's,P006,Mombasa Girls in STEM,9/5/2025,Interviewed,Low Interview Score
APP01431,32,Female,Mombasa,Bachelor's,P004,Africa Code Week,6/9/2025,Applied,Incomplete Application
APP01432,21,Female,Kisumu,KCSE,P004,Africa Code Week,2/13/2025,Qualified,Interview Slots Full
APP01433,21,Female,Nairobi,Certificate,P008,Web Development Classes,2/5/2024,Enrolled,
APP01434,19,Female,Kisumu,KCSE,P005,Django Girls,6/28/2024,Applied,Did Not Meet Requirements
APP01435,25,Female,Kwale,Certificate,P004,Africa Code Week,2/8/2025,Applied,Did Not Meet Requirements
APP01436,27,Male,Kisumu,Diploma,P002,Technovation,6/29/2025,Applied,Gender Mismatch
APP01437,25,Female,Kisumu,Diploma,P007,Women Digital Skills,8/23/2025,Qualified,Could Not Be Reached
APP01438,30,Female,Nairobi,Diploma,P007,Women Digital Skills,4/7/2024,Enrolled,
APP01439,20,Female,Mombasa,KCSE,P004,Africa Code Week,1/10/2025,Interviewed,Cohort Full
APP01440,22,Female,Kilifi,KCSE,P004,Africa Code Week,1/4/2025,Applied,Did Not Meet Requirements
APP01441,18,Female,Nairobi,KCSE,P001,STEM Cafe Kenya,1/19/2025,Applied,Did Not Meet Requirements
APP01442,25,Female,Nairobi,Certificate,P005,Django Girls,4/25/2024,Qualified,Could Not Be Reached
APP01443,26,Female,Nakuru,Diploma,P006,Mombasa Girls in STEM,6/27/2025,Qualified,Could Not Be Reached
APP01444,26,Female,Tana River,Diploma,P001,STEM Cafe Kenya,4/23/2025,Applied,Incomplete Application
APP01445,25,Female,Mombasa,Certificate,P005,Django Girls,6/22/2024,Interviewed,Low Interview Score
APP01446,18,Female,Taita Taveta,Certificate,P008,Web Development Classes,6/9/2024,Applied,Incomplete Application
APP01447,19,Female,Kwale,KCSE,P004,Africa Code Week,8/11/2025,Interviewed,Declined Offer
APP01448,28,Female,Kisumu,Bachelor's,P008,Web Development Classes,9/8/2024,Interviewed,Low Interview Score
APP01449,34,Female,Mombasa,Master's,P004,Africa Code Week,8/21/2025,Qualified,No Response
APP01450,21,Female,Nairobi,KCSE,P001,STEM Cafe Kenya,6/2/2024,Applied,Did Not Meet Requirements
APP01451,18,Female,Nairobi,Certificate,P004,Africa Code Week,2/22/2024,Applied,Did Not Meet Requirements
APP01452,27,Female,Kwale,Certificate,P002,Technovation,6/8/2024,Enrolled,
APP01453,24,Female,Mombasa,Certificate,P003,Code Hack,7/15/2025,Enrolled,
APP01454,20,Female,Kwale,Certificate,P008,Web Development Classes,1/24/2025,Enrolled,
APP01455,26,Female,Taita Taveta,Certificate,P002,Technovation,9/23/2025,Qualified,Interview Slots Full
APP01456,22,Female,Mombasa,KCSE,P005,Django Girls,9/23/2024,Applied,Incomplete Application
APP01457,21,Female,Kwale,Certificate,P008,Web Development Classes,4/21/2024,Applied,Incomplete Application
APP01458,21,Female,Kilifi,KCSE,P004,Africa Code Week,1/28/2025,Qualified,No Response
APP01459,21,Female,Taita Taveta,KCSE,P004,Africa Code Week,4/8/2025,Qualified,No Response
APP01460,19,Female,Mombasa,Diploma,P005,Django Girls,4/3/2024,Applied,Incomplete Application
APP01461,18,Female,Nakuru,KCSE,P003,Code Hack,6/30/2024,Applied,Did Not Meet Requirements
APP01462,21,Female,Lamu,KCSE,P005,Django Girls,3/26/2024,Applied,Did Not Meet Requirements
APP01463,27,Female,Kisumu,Diploma,P002,Technovation,7/4/2024,Interviewed,Low Interview Score
APP01464,25,Female,Lamu,Diploma,P004,Africa Code Week,4/9/2024,Qualified,No Response
APP01465,18,Female,Kisumu,Certificate,P004,Africa Code Week,1/20/2024,Interviewed,Declined Offer
APP01466,32,Female,Kilifi,Bachelor's,P008,Web Development Classes,7/8/2025,Qualified,Interview Slots Full
APP01467,35,Female,Kilifi,Bachelor's,P005,Django Girls,1/21/2025,Interviewed,Cohort Full
APP01468,18,Female,Nakuru,KCSE,P001,STEM Cafe Kenya,3/31/2025,Qualified,Could Not Be Reached
APP01469,24,Female,Tana River,Certificate,P001,STEM Cafe Kenya,9/11/2025,Qualified,Interview Slots Full
APP01470,19,Male,Kilifi,KCSE,P005,Django Girls,1/9/2024,Applied,Gender Mismatch
APP01471,27,Female,Mombasa,KCSE,P001,STEM Cafe Kenya,9/4/2025,Enrolled,
APP01472,19,Female,Kilifi,KCSE,P003,Code Hack,9/22/2025,Applied,Did Not Meet Requirements
APP01473,24,Male,Lamu,Diploma,P005,Django Girls,8/19/2024,Applied,Gender Mismatch
APP01474,19,Female,Lamu,KCSE,P004,Africa Code Week,7/13/2025,Enrolled,
APP01475,19,Female,Nairobi,KCSE,P005,Django Girls,3/14/2024,Interviewed,Cohort Full
APP01476,22,Female,Nairobi,KCSE,P005,Django Girls,1/12/2024,Qualified,Interview Slots Full
APP01477,21,Female,Kwale,Certificate,P001,STEM Cafe Kenya,3/12/2025,Applied,Incomplete Application
APP01478,32,Female,Nairobi,Master's,P004,Africa Code Week,9/25/2024,Enrolled,
APP01479,29,Female,Kwale,Diploma,P005,Django Girls,2/24/2024,Enrolled,
APP01480,20,Female,Kwale,KCSE,P004,Africa Code Week,2/27/2024,Applied,Did Not Meet Requirements
APP01481,23,Female,Lamu,KCSE,P004,Africa Code Week,6/21/2024,Enrolled,
APP01482,21,Female,Nakuru,KCSE,P003,Code Hack,1/25/2025,Qualified,Could Not Be Reached
APP01483,35,Female,Mombasa,Bachelor's,P006,Mombasa Girls in STEM,8/28/2024,Applied,Incomplete Application
APP01484,18,Female,Kisumu,KCSE,P006,Mombasa Girls in STEM,3/5/2025,Interviewed,Cohort Full
APP01485,22,Female,Nakuru,Diploma,P008,Web Development Classes,7/20/2024,Qualified,No Response
APP01486,22,Female,Nairobi,KCSE,P003,Code Hack,4/2/2025,Qualified,Interview Slots Full
APP01487,23,Female,Mombasa,Certificate,P005,Django Girls,4/29/2024,Enrolled,
APP01488,35,Female,Nakuru,Bachelor's,P008,Web Development Classes,6/23/2025,Applied,Incomplete Application
APP01489,27,Female,Kwale,Certificate,P007,Women Digital Skills,6/26/2025,Applied,Incomplete Application
APP01490,21,Female,Mombasa,KCSE,P003,Code Hack,4/3/2025,Qualified,No Response
APP01491,19,Female,Nairobi,Diploma,P004,Africa Code Week,7/5/2024,Interviewed,Low Interview Score
APP01492,26,Female,Nakuru,Diploma,P006,Mombasa Girls in STEM,1/7/2024,Enrolled,
APP01493,30,Female,Nairobi,Bachelor's,P002,Technovation,8/26/2024,Applied,Incomplete Application
APP01494,19,Female,Kilifi,Certificate,P006,Mombasa Girls in STEM,1/24/2024,Applied,Incomplete Application
APP01495,19,Female,Nakuru,KCSE,P005,Django Girls,7/12/2025,Interviewed,Cohort Full
APP01496,34,Female,Taita Taveta,Bachelor's,P001,STEM Cafe Kenya,7/7/2025,Qualified,No Response
APP01497,19,Female,Kilifi,KCSE,P004,Africa Code Week,7/13/2024,Enrolled,
APP01498,34,Female,Kilifi,Bachelor's,P004,Africa Code Week,9/5/2025,Qualified,No Response
APP01499,22,Female,Mombasa,Certificate,P008,Web Development Classes,8/10/2024,Qualified,Interview Slots Full
APP01500,28,Female,Kilifi,Diploma,P002,Technovation,7/19/2024,Interviewed,Declined Offer
APP01501,23,Female,Nairobi,Certificate,P004,Africa Code Week,7/3/2025,Enrolled,
APP01502,34,Female,Tana River,Bachelor's,P006,Mombasa Girls in STEM,7/14/2024,Qualified,Could Not Be Reached
APP01503,22,Female,Lamu,KCSE,P002,Technovation,8/2/2024,Interviewed,Declined Offer
APP01504,24,Female,Nairobi,Diploma,P008,Web Development Classes,8/24/2025,Applied,Did Not Meet Requirements
APP01505,26,Female,Nairobi,Diploma,P001,STEM Cafe Kenya,8/10/2024,Interviewed,Declined Offer
APP01506,24,Female,Mombasa,Bachelor's,P002,Technovation,7/25/2025,Qualified,Could Not Be Reached
APP01507,24,Female,Lamu,Diploma,P002,Technovation,3/16/2024,Applied,Incomplete Application
APP01508,25,Female,Kwale,Certificate,P001,STEM Cafe Kenya,4/11/2024,Applied,Incomplete Application
APP01509,21,Female,Mombasa,KCSE,P006,Mombasa Girls in STEM,4/27/2025,Qualified,Interview Slots Full
APP01510,28,Female,Nakuru,Master's,P001,STEM Cafe Kenya,6/6/2025,Qualified,No Response
APP01511,25,Female,Kisumu,Certificate,P006,Mombasa Girls in STEM,1/26/2025,Qualified,No Response
APP01512,20,Female,Taita Taveta,KCSE,P005,Django Girls,2/28/2025,Applied,Did Not Meet Requirements
APP01513,19,Female,Kilifi,KCSE,P003,Code Hack,3/4/2024,Interviewed,Low Interview Score
APP01514,23,Female,Mombasa,Certificate,P004,Africa Code Week,1/20/2024,Qualified,No Response
APP01515,20,Female,Tana River,Certificate,P001,STEM Cafe Kenya,8/26/2025,Interviewed,Declined Offer
APP01516,33,Female,Nairobi,Bachelor's,P004,Africa Code Week,1/3/2024,Qualified,Could Not Be Reached
APP01517,21,Male,Nakuru,KCSE,P007,Women Digital Skills,9/14/2025,Applied,Gender Mismatch
APP01518,18,Female,Kisumu,Diploma,P002,Technovation,8/4/2024,Qualified,No Response
APP01519,35,Female,Nakuru,Diploma,P003,Code Hack,6/23/2024,Enrolled,
APP01520,19,Female,Kisumu,KCSE,P006,Mombasa Girls in STEM,7/30/2025,Qualified,No Response
APP01521,30,Female,Mombasa,Bachelor's,P004,Africa Code Week,8/28/2024,Applied,Incomplete Application
APP01522,23,Female,Tana River,Certificate,P002,Technovation,1/17/2025,Qualified,No Response
APP01523,28,Female,Kwale,Bachelor's,P003,Code Hack,1/15/2025,Qualified,No Response
APP01524,18,Female,Tana River,KCSE,P005,Django Girls,6/17/2025,Qualified,No Response
APP01525,23,Female,Taita Taveta,KCSE,P003,Code Hack,9/6/2024,Enrolled,
APP01526,18,Female,Nairobi,KCSE,P002,Technovation,7/5/2025,Qualified,No Response
APP01527,24,Female,Mombasa,Certificate,P001,STEM Cafe Kenya,8/2/2025,Applied,Did Not Meet Requirements
APP01528,35,Female,Nairobi,Diploma,P001,STEM Cafe Kenya,7/7/2025,Interviewed,Cohort Full
APP01529,18,Female,Nairobi,KCSE,P003,Code Hack,6/25/2025,Enrolled,
APP01530,28,Female,Nairobi,Bachelor's,P004,Africa Code Week,7/25/2024,Qualified,No Response
APP01531,19,Female,Kilifi,KCSE,P005,Django Girls,4/2/2025,Qualified,No Response
APP01532,29,Female,Kisumu,Master's,P003,Code Hack,2/22/2025,Qualified,Could Not Be Reached
APP01533,22,Female,Taita Taveta,KCSE,P008,Web Development Classes,4/10/2024,Interviewed,Low Interview Score
APP01534,27,Female,Nairobi,Bachelor's,P004,Africa Code Week,6/1/2025,Interviewed,Cohort Full
APP01535,28,Female,Tana River,Master's,P006,Mombasa Girls in STEM,1/11/2024,Enrolled,
APP01536,22,Female,Taita Taveta,Certificate,P004,Africa Code Week,2/10/2025,Enrolled,
APP01537,18,Female,Tana River,Certificate,P004,Africa Code Week,1/1/2025,Applied,Did Not Meet Requirements
APP01538,35,Female,Kisumu,Bachelor's,P002,Technovation,7/3/2025,Qualified,Could Not Be Reached
APP01539,19,Female,Mombasa,KCSE,P008,Web Development Classes,4/30/2024,Enrolled,
APP01540,21,Female,Mombasa,Certificate,P006,Mombasa Girls in STEM,7/13/2025,Enrolled,
APP01541,34,Female,Kwale,Diploma,P003,Code Hack,9/12/2025,Applied,Did Not Meet Requirements
APP01542,30,Female,Lamu,Diploma,P002,Technovation,3/4/2025,Interviewed,Declined Offer
APP01543,31,Female,Kilifi,Bachelor's,P002,Technovation,2/18/2024,Enrolled,
APP01544,18,Female,Kilifi,KCSE,P001,STEM Cafe Kenya,4/20/2024,Interviewed,Low Interview Score
APP01545,35,Female,Lamu,Bachelor's,P003,Code Hack,8/5/2025,Qualified,Could Not Be Reached
APP01546,27,Female,Mombasa,Diploma,P006,Mombasa Girls in STEM,2/22/2024,Interviewed,Declined Offer
APP01547,25,Male,Nairobi,Certificate,P003,Code Hack,6/7/2024,Applied,Gender Mismatch
APP01548,19,Female,Kisumu,Diploma,P002,Technovation,1/12/2025,Applied,Did Not Meet Requirements
APP01549,24,Female,Nairobi,KCSE,P008,Web Development Classes,9/13/2025,Interviewed,Low Interview Score
APP01550,27,Female,Nakuru,Diploma,P002,Technovation,4/9/2025,Interviewed,Cohort Full
APP01551,26,Female,Kwale,Certificate,P001,STEM Cafe Kenya,2/8/2024,Interviewed,Cohort Full
APP01552,20,Female,Mombasa,KCSE,P001,STEM Cafe Kenya,7/5/2024,Applied,Did Not Meet Requirements
APP01553,21,Female,Kilifi,Diploma,P002,Technovation,4/3/2025,Interviewed,Low Interview Score
APP01554,19,Female,Mombasa,KCSE,P005,Django Girls,2/2/2025,Interviewed,Low Interview Score
APP01555,18,Female,Kwale,KCSE,P004,Africa Code Week,2/1/2024,Enrolled,
APP01556,19,Female,Lamu,KCSE,P001,STEM Cafe Kenya,1/19/2024,Enrolled,
APP01557,21,Female,Kilifi,KCSE,P004,Africa Code Week,4/1/2025,Qualified,No Response
APP01558,32,Male,Kisumu,Bachelor's,P004,Africa Code Week,2/24/2024,Applied,Gender Mismatch
APP01559,19,Female,Kisumu,KCSE,P001,STEM Cafe Kenya,8/5/2025,Applied,Incomplete Application
APP01560,22,Female,Mombasa,KCSE,P005,Django Girls,6/20/2025,Applied,Incomplete Application
APP01561,26,Male,Kwale,Diploma,P005,Django Girls,4/29/2025,Applied,Gender Mismatch
APP01562,26,Female,Kisumu,KCSE,P005,Django Girls,9/17/2025,Interviewed,Low Interview Score
APP01563,26,Female,Nairobi,Certificate,P004,Africa Code Week,6/20/2025,Applied,Incomplete Application
APP01564,23,Female,Tana River,Certificate,P002,Technovation,6/20/2025,Enrolled,
APP01565,27,Female,Nakuru,Certificate,P004,Africa Code Week,3/27/2024,Qualified,Could Not Be Reached
APP01566,25,Female,Lamu,Diploma,P005,Django Girls,8/16/2024,Applied,Did Not Meet Requirements
APP01567,24,Female,Mombasa,Diploma,P004,Africa Code Week,8/22/2025,Applied,Did Not Meet Requirements
APP01568,21,Female,Mombasa,KCSE,P001,STEM Cafe Kenya,8/5/2025,Qualified,No Response
APP01569,30,Female,Mombasa,Bachelor's,P008,Web Development Classes,4/17/2024,Interviewed,Cohort Full
APP01570,33,Female,Kwale,Bachelor's,P002,Technovation,3/5/2024,Enrolled,
APP01571,19,Female,Tana River,KCSE,P003,Code Hack,8/26/2024,Applied,Incomplete Application
APP01572,22,Female,Nakuru,KCSE,P001,STEM Cafe Kenya,1/8/2024,Enrolled,
APP01573,31,Female,Lamu,Bachelor's,P002,Technovation,2/29/2024,Qualified,No Response
APP01574,22,Female,Nakuru,Diploma,P005,Django Girls,7/19/2024,Qualified,Interview Slots Full
APP01575,20,Female,Taita Taveta,KCSE,P006,Mombasa Girls in STEM,8/12/2024,Applied,Incomplete Application
APP01576,27,Female,Kilifi,KCSE,P004,Africa Code Week,2/4/2024,Qualified,Interview Slots Full
APP01577,21,Female,Nairobi,Certificate,P001,STEM Cafe Kenya,8/7/2024,Enrolled,
APP01578,35,Female,Nairobi,Bachelor's,P008,Web Development Classes,9/27/2024,Qualified,Could Not Be Reached
APP01579,19,Female,Taita Taveta,KCSE,P004,Africa Code Week,1/1/2024,Interviewed,Cohort Full
APP01580,24,Female,Tana River,Certificate,P001,STEM Cafe Kenya,9/16/2025,Interviewed,Low Interview Score
APP01581,21,Female,Tana River,KCSE,P005,Django Girls,6/17/2024,Applied,Did Not Meet Requirements
APP01582,33,Female,Nakuru,Diploma,P008,Web Development Classes,6/23/2024,Qualified,No Response
APP01583,33,Male,Kwale,Bachelor's,P001,STEM Cafe Kenya,4/30/2025,Applied,Gender Mismatch
APP01584,18,Female,Nakuru,KCSE,P004,Africa Code Week,6/9/2025,Applied,Incomplete Application
APP01585,22,Female,Mombasa,Certificate,P008,Web Development Classes,1/29/2025,Applied,Incomplete Application
APP01586,22,Female,Lamu,Diploma,P001,STEM Cafe Kenya,1/3/2025,Applied,Did Not Meet Requirements
APP01587,25,Female,Lamu,KCSE,P002,Technovation,3/26/2025,Qualified,Interview Slots Full
APP01588,18,Female,Kilifi,Diploma,P008,Web Development Classes,2/13/2024,Qualified,Could Not Be Reached
APP01589,25,Female,Mombasa,Diploma,P007,Women Digital Skills,4/12/2024,Interviewed,Cohort Full
APP01590,31,Female,Mombasa,Diploma,P002,Technovation,7/7/2025,Applied,Did Not Meet Requirements
APP01591,32,Female,Mombasa,Diploma,P004,Africa Code Week,4/2/2025,Qualified,Interview Slots Full
APP01592,24,Female,Nairobi,KCSE,P004,Africa Code Week,8/14/2024,Applied,Did Not Meet Requirements
APP01593,21,Female,Tana River,KCSE,P003,Code Hack,1/4/2025,Applied,Did Not Meet Requirements
APP01594,22,Female,Kilifi,KCSE,P008,Web Development Classes,7/18/2024,Enrolled,
APP01595,22,Female,Kisumu,Certificate,P003,Code Hack,8/28/2025,Interviewed,Low Interview Score
APP01596,20,Female,Kisumu,KCSE,P001,STEM Cafe Kenya,4/6/2025,Applied,Did Not Meet Requirements
APP01597,24,Female,Kilifi,Certificate,P001,STEM Cafe Kenya,6/17/2024,Enrolled,
APP01598,22,Female,Mombasa,KCSE,P008,Web Development Classes,7/11/2025,Interviewed,Declined Offer
APP01599,25,Female,Nairobi,Certificate,P004,Africa Code Week,1/19/2025,Applied,Incomplete Application
APP01600,28,Male,Kisumu,Bachelor's,P002,Technovation,1/4/2024,Applied,Gender Mismatch
APP01601,28,Female,Mombasa,Master's,P001,STEM Cafe Kenya,7/7/2024,Enrolled,
APP01602,33,Female,Kwale,Bachelor's,P001,STEM Cafe Kenya,8/24/2025,Interviewed,Low Interview Score
APP01603,26,Male,Nairobi,Diploma,P001,STEM Cafe Kenya,1/23/2024,Applied,Gender Mismatch
APP01604,18,Female,Mombasa,KCSE,P001,STEM Cafe Kenya,4/4/2025,Qualified,No Response
APP01605,32,Female,Kilifi,Bachelor's,P006,Mombasa Girls in STEM,3/27/2024,Interviewed,Cohort Full
APP01606,22,Female,Nakuru,KCSE,P005,Django Girls,4/27/2025,Qualified,Could Not Be Reached
APP01607,20,Male,Nairobi,KCSE,P003,Code Hack,7/11/2024,Applied,Gender Mismatch
APP01608,33,Female,Tana River,Bachelor's,P003,Code Hack,2/8/2025,Enrolled,
APP01609,28,Female,Kisumu,Master's,P004,Africa Code Week,9/26/2025,Interviewed,Low Interview Score
APP01610,21,Female,Nakuru,KCSE,P002,Technovation,7/3/2025,Qualified,No Response
APP01611,33,Female,Kisumu,Bachelor's,P001,STEM Cafe Kenya,1/26/2024,Applied,Did Not Meet Requirements
APP01612,23,Male,Nakuru,Diploma,P005,Django Girls,6/25/2024,Applied,Gender Mismatch
APP01613,27,Female,Kilifi,Certificate,P001,STEM Cafe Kenya,7/12/2024,Qualified,No Response
APP01614,35,Female,Mombasa,Bachelor's,P003,Code Hack,8/22/2025,Applied,Did Not Meet Requirements
APP01615,18,Female,Taita Taveta,Certificate,P002,Technovation,9/30/2025,Applied,Incomplete Application
APP01616,19,Female,Kilifi,KCSE,P005,Django Girls,4/21/2025,Qualified,No Response
APP01617,24,Female,Lamu,Bachelor's,P003,Code Hack,4/26/2024,Applied,Did Not Meet Requirements
APP01618,19,Female,Taita Taveta,KCSE,P006,Mombasa Girls in STEM,9/30/2025,Interviewed,Low Interview Score
APP01619,18,Female,Kilifi,KCSE,P006,Mombasa Girls in STEM,6/3/2024,Applied,Incomplete Application
APP01620,26,Female,Kwale,Certificate,P001,STEM Cafe Kenya,9/26/2024,Qualified,Interview Slots Full
APP01621,26,Female,Kisumu,Certificate,P003,Code Hack,6/26/2024,Applied,Incomplete Application
APP01622,26,Female,Lamu,Diploma,P001,STEM Cafe Kenya,3/26/2025,Qualified,No Response
APP01623,21,Female,Nairobi,KCSE,P002,Technovation,3/4/2024,Qualified,Could Not Be Reached
APP01624,23,Female,Mombasa,Diploma,P002,Technovation,8/14/2024,Qualified,Interview Slots Full
APP01625,25,Male,Nairobi,Diploma,P002,Technovation,1/13/2024,Applied,Gender Mismatch
APP01626,20,Male,Kisumu,KCSE,P003,Code Hack,4/17/2025,Applied,Gender Mismatch
APP01627,22,Female,Mombasa,Diploma,P001,STEM Cafe Kenya,7/1/2025,Applied,Incomplete Application
APP01628,34,Female,Kilifi,Bachelor's,P008,Web Development Classes,3/16/2025,Qualified,Could Not Be Reached
APP01629,29,Female,Kwale,Master's,P001,STEM Cafe Kenya,2/13/2025,Qualified,No Response
APP01630,22,Female,Kwale,KCSE,P002,Technovation,7/25/2024,Applied,Did Not Meet Requirements
APP01631,32,Female,Kilifi,Diploma,P008,Web Development Classes,8/9/2024,Enrolled,
APP01632,29,Female,Kisumu,Bachelor's,P004,Africa Code Week,7/19/2025,Qualified,Could Not Be Reached
APP01633,18,Female,Mombasa,Diploma,P004,Africa Code Week,3/13/2025,Enrolled,
APP01634,23,Female,Kisumu,Diploma,P002,Technovation,9/25/2024,Enrolled,
APP01635,22,Female,Kisumu,KCSE,P003,Code Hack,2/28/2025,Interviewed,Declined Offer
APP01636,23,Female,Kisumu,Bachelor's,P008,Web Development Classes,8/7/2025,Qualified,Interview Slots Full
APP01637,33,Female,Kisumu,Bachelor's,P002,Technovation,3/14/2024,Enrolled,
APP01638,27,Male,Mombasa,Diploma,P004,Africa Code Week,8/2/2025,Applied,Gender Mismatch
APP01639,31,Female,Nairobi,Bachelor's,P001,STEM Cafe Kenya,8/24/2024,Applied,Did Not Meet Requirements
APP01640,19,Female,Nakuru,KCSE,P004,Africa Code Week,3/31/2025,Applied,Incomplete Application
APP01641,27,Female,Kilifi,Diploma,P001,STEM Cafe Kenya,4/25/2024,Applied,Did Not Meet Requirements
APP01642,20,Female,Mombasa,KCSE,P002,Technovation,3/13/2024,Enrolled,
APP01643,25,Female,Taita Taveta,KCSE,P001,STEM Cafe Kenya,1/27/2025,Enrolled,
APP01644,18,Female,Nairobi,KCSE,P003,Code Hack,2/9/2025,Qualified,Could Not Be Reached
APP01645,23,Female,Taita Taveta,Diploma,P005,Django Girls,2/2/2025,Applied,Did Not Meet Requirements
APP01646,35,Female,Nairobi,Bachelor's,P001,STEM Cafe Kenya,4/8/2024,Qualified,Could Not Be Reached
APP01647,19,Female,Nairobi,Certificate,P008,Web Development Classes,9/23/2024,Qualified,Interview Slots Full
APP01648,27,Female,Nairobi,KCSE,P001,STEM Cafe Kenya,2/20/2025,Qualified,Could Not Be Reached
APP01649,22,Female,Mombasa,Certificate,P007,Women Digital Skills,7/11/2024,Interviewed,Declined Offer
APP01650,20,Female,Nakuru,KCSE,P004,Africa Code Week,7/11/2024,Qualified,Interview Slots Full
APP01651,19,Female,Mombasa,Diploma,P001,STEM Cafe Kenya,4/17/2024,Interviewed,Declined Offer
APP01652,21,Female,Mombasa,KCSE,P001,STEM Cafe Kenya,6/30/2024,Interviewed,Low Interview Score
APP01653,19,Female,Kwale,Certificate,P002,Technovation,6/4/2024,Qualified,No Response
APP01654,21,Female,Mombasa,Certificate,P004,Africa Code Week,2/15/2024,Qualified,Could Not Be Reached
APP01655,27,Female,Mombasa,Certificate,P002,Technovation,7/26/2024,Qualified,Could Not Be Reached
APP01656,26,Male,Kwale,Diploma,P006,Mombasa Girls in STEM,8/26/2025,Applied,Gender Mismatch
APP01657,21,Female,Nakuru,KCSE,P006,Mombasa Girls in STEM,7/14/2025,Qualified,No Response
APP01658,24,Female,Kwale,KCSE,P005,Django Girls,4/9/2024,Enrolled,
APP01659,31,Female,Lamu,Bachelor's,P001,STEM Cafe Kenya,2/11/2025,Applied,Incomplete Application
APP01660,35,Female,Nakuru,Diploma,P002,Technovation,8/20/2024,Applied,Did Not Meet Requirements
APP01661,34,Female,Kwale,Master's,P005,Django Girls,1/4/2024,Interviewed,Cohort Full
APP01662,21,Female,Kisumu,Diploma,P001,STEM Cafe Kenya,3/22/2024,Applied,Did Not Meet Requirements
APP01663,21,Female,Nakuru,Certificate,P005,Django Girls,7/29/2025,Applied,Incomplete Application
APP01664,20,Female,Mombasa,KCSE,P001,STEM Cafe Kenya,8/30/2024,Enrolled,
APP01665,28,Female,Mombasa,Master's,P002,Technovation,8/11/2025,Applied,Did Not Meet Requirements
APP01666,29,Female,Nakuru,Bachelor's,P001,STEM Cafe Kenya,2/2/2025,Qualified,Interview Slots Full
APP01667,18,Male,Lamu,Diploma,P002,Technovation,3/5/2024,Applied,Gender Mismatch
APP01668,18,Female,Kisumu,KCSE,P006,Mombasa Girls in STEM,7/12/2024,Interviewed,Low Interview Score
APP01669,19,Female,Nakuru,KCSE,P004,Africa Code Week,6/7/2024,Applied,Did Not Meet Requirements
APP01670,22,Female,Taita Taveta,KCSE,P004,Africa Code Week,3/18/2024,Qualified,Could Not Be Reached
APP01671,22,Female,Nairobi,Certificate,P001,STEM Cafe Kenya,8/24/2024,Qualified,Could Not Be Reached
APP01672,25,Female,Nakuru,KCSE,P002,Technovation,2/7/2024,Applied,Did Not Meet Requirements
APP01673,22,Male,Taita Taveta,KCSE,P005,Django Girls,9/1/2025,Applied,Gender Mismatch
APP01674,21,Female,Kilifi,Certificate,P001,STEM Cafe Kenya,7/3/2024,Applied,Did Not Meet Requirements
APP01675,27,Female,Nakuru,KCSE,P002,Technovation,8/13/2025,Qualified,Interview Slots Full
APP01676,23,Female,Nairobi,Diploma,P005,Django Girls,4/27/2025,Enrolled,
APP01677,20,Female,Nakuru,Certificate,P001,STEM Cafe Kenya,2/11/2024,Enrolled,
APP01678,21,Female,Kisumu,KCSE,P005,Django Girls,6/1/2024,Qualified,Interview Slots Full
APP01679,23,Female,Kwale,Certificate,P003,Code Hack,3/31/2025,Applied,Incomplete Application
APP01680,29,Female,Kisumu,Diploma,P005,Django Girls,2/4/2024,Qualified,No Response
APP01681,21,Female,Nairobi,KCSE,P008,Web Development Classes,6/29/2025,Enrolled,
APP01682,18,Female,Kwale,KCSE,P001,STEM Cafe Kenya,8/9/2024,Applied,Did Not Meet Requirements
APP01683,22,Female,Mombasa,KCSE,P008,Web Development Classes,2/24/2025,Applied,Did Not Meet Requirements
APP01684,19,Male,Kisumu,KCSE,P001,STEM Cafe Kenya,7/2/2024,Applied,Gender Mismatch
APP01685,19,Female,Mombasa,KCSE,P004,Africa Code Week,9/9/2024,Applied,Did Not Meet Requirements
APP01686,24,Female,Mombasa,Diploma,P008,Web Development Classes,8/3/2024,Qualified,Interview Slots Full
APP01687,24,Female,Kisumu,KCSE,P004,Africa Code Week,7/8/2024,Qualified,Could Not Be Reached
APP01688,20,Female,Mombasa,Diploma,P002,Technovation,6/14/2024,Qualified,Interview Slots Full
APP01689,22,Female,Mombasa,Certificate,P001,STEM Cafe Kenya,2/24/2024,Qualified,Could Not Be Reached
APP01690,34,Female,Kilifi,Diploma,P004,Africa Code Week,2/15/2024,Applied,Did Not Meet Requirements
APP01691,19,Female,Mombasa,KCSE,P004,Africa Code Week,7/6/2025,Interviewed,Low Interview Score
APP01692,23,Female,Taita Taveta,Diploma,P006,Mombasa Girls in STEM,1/18/2024,Applied,Incomplete Application
APP01693,24,Female,Mombasa,Certificate,P007,Women Digital Skills,9/25/2024,Interviewed,Low Interview Score
APP01694,22,Male,Nairobi,Diploma,P002,Technovation,4/17/2025,Applied,Gender Mismatch
APP01695,21,Female,Mombasa,KCSE,P001,STEM Cafe Kenya,8/11/2025,Applied,Incomplete Application
APP01696,27,Female,Taita Taveta,Bachelor's,P007,Women Digital Skills,1/16/2024,Applied,Did Not Meet Requirements
APP01697,33,Female,Nairobi,Diploma,P004,Africa Code Week,3/24/2024,Enrolled,
APP01698,21,Male,Kisumu,Diploma,P001,STEM Cafe Kenya,9/27/2025,Applied,Gender Mismatch
APP01699,19,Female,Tana River,KCSE,P001,STEM Cafe Kenya,1/11/2025,Enrolled,
APP01700,24,Female,Kilifi,KCSE,P003,Code Hack,2/8/2025,Qualified,Could Not Be Reached
APP01701,19,Female,Taita Taveta,KCSE,P002,Technovation,4/4/2025,Applied,Incomplete Application
APP01702,20,Female,Kisumu,KCSE,P003,Code Hack,3/30/2025,Applied,Incomplete Application
APP01703,21,Female,Nairobi,KCSE,P004,Africa Code Week,6/25/2025,Interviewed,Declined Offer
APP01704,26,Female,Nakuru,Certificate,P004,Africa Code Week,3/30/2025,Applied,Did Not Meet Requirements
APP01705,33,Female,Mombasa,Master's,P008,Web Development Classes,4/29/2024,Qualified,Interview Slots Full
APP01706,22,Male,Nairobi,KCSE,P001,STEM Cafe Kenya,1/13/2024,Applied,Gender Mismatch
APP01707,21,Female,Kwale,KCSE,P006,Mombasa Girls in STEM,2/29/2024,Applied,Incomplete Application
APP01708,20,Female,Mombasa,KCSE,P001,STEM Cafe Kenya,2/20/2024,Enrolled,
APP01709,21,Female,Mombasa,Diploma,P003,Code Hack,9/19/2025,Enrolled,
APP01710,25,Female,Mombasa,Certificate,P002,Technovation,9/19/2024,Qualified,Interview Slots Full
APP01711,21,Female,Kisumu,KCSE,P003,Code Hack,8/12/2024,Qualified,Could Not Be Reached
APP01712,20,Female,Kilifi,Certificate,P002,Technovation,3/7/2024,Interviewed,Declined Offer
APP01713,29,Female,Nairobi,Diploma,P003,Code Hack,1/11/2024,Enrolled,
APP01714,33,Female,Nairobi,Bachelor's,P004,Africa Code Week,6/25/2025,Interviewed,Cohort Full
APP01715,19,Female,Nairobi,KCSE,P002,Technovation,2/25/2025,Interviewed,Cohort Full
APP01716,22,Female,Mombasa,KCSE,P003,Code Hack,8/23/2025,Applied,Incomplete Application
APP01717,22,Female,Mombasa,KCSE,P004,Africa Code Week,7/31/2024,Interviewed,Low Interview Score
APP01718,22,Female,Kilifi,KCSE,P001,STEM Cafe Kenya,7/12/2025,Applied,Did Not Meet Requirements
APP01719,30,Female,Lamu,Diploma,P002,Technovation,4/16/2025,Applied,Did Not Meet Requirements
APP01720,21,Female,Lamu,KCSE,P005,Django Girls,8/14/2024,Applied,Incomplete Application
APP01721,20,Female,Taita Taveta,KCSE,P001,STEM Cafe Kenya,7/10/2025,Applied,Incomplete Application
APP01722,26,Female,Nairobi,Certificate,P001,STEM Cafe Kenya,7/19/2025,Applied,Did Not Meet Requirements
APP01723,21,Female,Nairobi,KCSE,P005,Django Girls,1/3/2025,Interviewed,Declined Offer
APP01724,21,Female,Kisumu,KCSE,P005,Django Girls,9/24/2025,Applied,Incomplete Application
APP01725,23,Female,Kisumu,Diploma,P004,Africa Code Week,1/21/2024,Qualified,Could Not Be Reached
APP01726,19,Female,Kwale,KCSE,P008,Web Development Classes,2/25/2024,Applied,Did Not Meet Requirements
APP01727,26,Female,Mombasa,Diploma,P002,Technovation,3/16/2024,Qualified,Could Not Be Reached
APP01728,21,Female,Kisumu,Certificate,P003,Code Hack,2/8/2024,Applied,Incomplete Application
APP01729,24,Female,Kwale,Certificate,P003,Code Hack,6/12/2025,Interviewed,Low Interview Score
APP01730,23,Female,Lamu,Diploma,P004,Africa Code Week,1/18/2024,Applied,Did Not Meet Requirements
APP01731,21,Female,Mombasa,KCSE,P005,Django Girls,1/30/2024,Applied,Did Not Meet Requirements
APP01732,27,Female,Kisumu,Diploma,P001,STEM Cafe Kenya,1/7/2024,Interviewed,Low Interview Score
APP01733,24,Female,Kisumu,Bachelor's,P005,Django Girls,9/22/2024,Interviewed,Declined Offer
APP01734,19,Female,Nakuru,KCSE,P001,STEM Cafe Kenya,7/18/2025,Enrolled,
APP01735,24,Female,Mombasa,Diploma,P004,Africa Code Week,4/12/2024,Qualified,Could Not Be Reached
APP01736,20,Female,Mombasa,KCSE,P002,Technovation,9/3/2025,Enrolled,
APP01737,20,Female,Nakuru,KCSE,P008,Web Development Classes,8/8/2025,Qualified,Could Not Be Reached
APP01738,26,Female,Kilifi,Certificate,P008,Web Development Classes,3/17/2025,Qualified,No Response
APP01739,19,Female,Nairobi,KCSE,P004,Africa Code Week,8/12/2025,Applied,Did Not Meet Requirements
APP01740,20,Female,Nairobi,KCSE,P002,Technovation,2/8/2025,Applied,Incomplete Application
APP01741,27,Female,Nairobi,KCSE,P006,Mombasa Girls in STEM,6/3/2025,Interviewed,Low Interview Score
APP01742,30,Female,Mombasa,Bachelor's,P005,Django Girls,9/11/2025,Qualified,Could Not Be Reached
APP01743,18,Female,Taita Taveta,KCSE,P008,Web Development Classes,9/4/2025,Enrolled,
APP01744,25,Female,Nairobi,Certificate,P008,Web Development Classes,2/19/2025,Qualified,Interview Slots Full
APP01745,27,Female,Kilifi,Diploma,P004,Africa Code Week,8/1/2024,Enrolled,
APP01746,22,Male,Nakuru,Certificate,P004,Africa Code Week,6/24/2024,Applied,Gender Mismatch
APP01747,21,Female,Tana River,KCSE,P004,Africa Code Week,6/4/2024,Enrolled,
APP01748,24,Female,Kisumu,Certificate,P002,Technovation,1/7/2024,Interviewed,Low Interview Score
APP01749,25,Female,Kilifi,KCSE,P003,Code Hack,8/25/2025,Interviewed,Declined Offer
APP01750,23,Female,Nairobi,Certificate,P004,Africa Code Week,4/30/2025,Applied,Did Not Meet Requirements
APP01751,27,Female,Nakuru,Diploma,P001,STEM Cafe Kenya,7/11/2025,Qualified,Interview Slots Full
APP01752,22,Female,Kwale,KCSE,P004,Africa Code Week,8/29/2024,Qualified,No Response
APP01753,23,Female,Nairobi,Certificate,P001,STEM Cafe Kenya,4/5/2025,Applied,Did Not Meet Requirements
APP01754,26,Female,Nairobi,Certificate,P006,Mombasa Girls in STEM,2/29/2024,Enrolled,
APP01755,29,Female,Kilifi,Diploma,P003,Code Hack,4/7/2025,Qualified,Interview Slots Full
APP01756,20,Female,Nakuru,KCSE,P002,Technovation,9/17/2025,Applied,Did Not Meet Requirements
APP01757,22,Female,Kilifi,KCSE,P001,STEM Cafe Kenya,2/28/2024,Enrolled,
APP01758,27,Female,Lamu,Diploma,P003,Code Hack,4/25/2025,Applied,Did Not Meet Requirements
APP01759,23,Female,Nairobi,Certificate,P007,Women Digital Skills,1/28/2024,Qualified,Could Not Be Reached
APP01760,32,Female,Kilifi,Bachelor's,P008,Web Development Classes,1/5/2025,Applied,Incomplete Application
APP01761,29,Female,Mombasa,Bachelor's,P007,Women Digital Skills,4/11/2024,Applied,Incomplete Application
APP01762,20,Female,Nairobi,KCSE,P008,Web Development Classes,6/11/2024,Enrolled,
APP01763,19,Female,Taita Taveta,KCSE,P002,Technovation,1/6/2025,Qualified,No Response
APP01764,20,Female,Lamu,KCSE,P003,Code Hack,7/16/2025,Qualified,Could Not Be Reached
APP01765,32,Male,Mombasa,Bachelor's,P002,Technovation,1/19/2024,Applied,Gender Mismatch
APP01766,19,Female,Nakuru,KCSE,P004,Africa Code Week,4/19/2025,Qualified,No Response
APP01767,26,Female,Nairobi,Certificate,P001,STEM Cafe Kenya,4/28/2025,Interviewed,Declined Offer
APP01768,22,Male,Lamu,Diploma,P004,Africa Code Week,9/2/2025,Applied,Gender Mismatch
APP01769,18,Male,Nairobi,Certificate,P005,Django Girls,2/11/2024,Applied,Gender Mismatch
APP01770,29,Female,Mombasa,Bachelor's,P005,Django Girls,2/18/2025,Qualified,No Response
APP01771,23,Female,Taita Taveta,Bachelor's,P001,STEM Cafe Kenya,1/10/2024,Qualified,Interview Slots Full
APP01772,22,Female,Nairobi,KCSE,P005,Django Girls,8/30/2025,Applied,Incomplete Application
APP01773,25,Female,Nakuru,Diploma,P004,Africa Code Week,3/1/2025,Qualified,No Response
APP01774,22,Female,Mombasa,KCSE,P001,STEM Cafe Kenya,1/29/2025,Applied,Incomplete Application
APP01775,30,Female,Kilifi,Diploma,P002,Technovation,6/4/2024,Interviewed,Cohort Full
APP01776,22,Female,Nairobi,Certificate,P008,Web Development Classes,4/22/2024,Qualified,Could Not Be Reached
APP01777,26,Female,Mombasa,Bachelor's,P003,Code Hack,2/11/2024,Qualified,Could Not Be Reached
APP01778,30,Female,Nakuru,Bachelor's,P004,Africa Code Week,6/13/2024,Interviewed,Low Interview Score
APP01779,24,Female,Lamu,Diploma,P004,Africa Code Week,6/27/2025,Interviewed,Low Interview Score
APP01780,24,Female,Lamu,Certificate,P006,Mombasa Girls in STEM,2/3/2025,Qualified,Interview Slots Full
APP01781,25,Female,Kilifi,Diploma,P001,STEM Cafe Kenya,3/30/2024,Qualified,Interview Slots Full
APP01782,33,Female,Tana River,Diploma,P002,Technovation,8/15/2024,Interviewed,Declined Offer
APP01783,25,Female,Nairobi,Diploma,P007,Women Digital Skills,4/22/2025,Qualified,Interview Slots Full
APP01784,27,Female,Nakuru,KCSE,P004,Africa Code Week,1/21/2025,Qualified,Interview Slots Full
APP01785,33,Female,Mombasa,Diploma,P005,Django Girls,7/2/2025,Interviewed,Cohort Full
APP01786,34,Female,Kwale,Master's,P002,Technovation,9/16/2025,Applied,Did Not Meet Requirements
APP01787,22,Female,Nairobi,KCSE,P008,Web Development Classes,7/24/2025,Applied,Did Not Meet Requirements
APP01788,27,Male,Taita Taveta,Certificate,P001,STEM Cafe Kenya,3/19/2024,Applied,Gender Mismatch
APP01789,21,Female,Mombasa,Diploma,P002,Technovation,3/3/2024,Enrolled,
APP01790,25,Female,Mombasa,Certificate,P005,Django Girls,9/23/2025,Interviewed,Cohort Full
APP01791,20,Female,Kisumu,KCSE,P004,Africa Code Week,8/5/2024,Qualified,No Response
APP01792,29,Female,Nairobi,Diploma,P004,Africa Code Week,3/22/2025,Applied,Incomplete Application
APP01793,35,Female,Kwale,Bachelor's,P008,Web Development Classes,1/5/2025,Applied,Incomplete Application
APP01794,20,Female,Nairobi,KCSE,P007,Women Digital Skills,2/27/2025,Applied,Did Not Meet Requirements
APP01795,28,Female,Kisumu,Master's,P007,Women Digital Skills,6/29/2024,Interviewed,Low Interview Score
APP01796,24,Female,Kwale,Certificate,P001,STEM Cafe Kenya,4/12/2024,Qualified,Interview Slots Full
APP01797,27,Female,Kilifi,KCSE,P001,STEM Cafe Kenya,3/8/2025,Enrolled,
APP01798,18,Female,Nakuru,Diploma,P007,Women Digital Skills,4/23/2025,Enrolled,
APP01799,26,Female,Kisumu,Diploma,P004,Africa Code Week,3/21/2025,Qualified,Could Not Be Reached
APP01800,19,Female,Nairobi,KCSE,P001,STEM Cafe Kenya,4/14/2024,Applied,Did Not Meet Requirements
APP01801,34,Male,Taita Taveta,Bachelor's,P001,STEM Cafe Kenya,7/25/2025,Applied,Gender Mismatch
APP01802,20,Female,Kisumu,Diploma,P004,Africa Code Week,3/18/2025,Qualified,Could Not Be Reached
APP01803,21,Female,Mombasa,KCSE,P007,Women Digital Skills,6/24/2024,Applied,Incomplete Application
APP01804,19,Female,Taita Taveta,KCSE,P003,Code Hack,6/6/2025,Qualified,Interview Slots Full
APP01805,20,Female,Nairobi,KCSE,P007,Women Digital Skills,1/29/2025,Applied,Incomplete Application
APP01806,18,Female,Tana River,Certificate,P004,Africa Code Week,3/23/2025,Enrolled,
APP01807,21,Female,Kilifi,KCSE,P003,Code Hack,7/11/2024,Qualified,No Response
APP01808,22,Female,Kisumu,KCSE,P003,Code Hack,9/4/2025,Qualified,Interview Slots Full
APP01809,22,Female,Mombasa,Certificate,P003,Code Hack,2/3/2024,Applied,Did Not Meet Requirements
APP01810,27,Female,Nairobi,Diploma,P003,Code Hack,6/2/2025,Applied,Did Not Meet Requirements
APP01811,27,Female,Nairobi,Certificate,P004,Africa Code Week,6/2/2024,Enrolled,
APP01812,26,Female,Nairobi,Certificate,P007,Women Digital Skills,9/7/2024,Interviewed,Low Interview Score
APP01813,19,Female,Mombasa,KCSE,P001,STEM Cafe Kenya,7/23/2024,Interviewed,Declined Offer
APP01814,23,Female,Nakuru,Bachelor's,P008,Web Development Classes,7/19/2024,Applied,Incomplete Application
APP01815,30,Female,Kilifi,Diploma,P003,Code Hack,4/20/2024,Enrolled,
APP01816,23,Female,Kisumu,Certificate,P002,Technovation,1/21/2025,Applied,Incomplete Application
APP01817,25,Female,Taita Taveta,KCSE,P001,STEM Cafe Kenya,9/16/2024,Applied,Incomplete Application
APP01818,32,Female,Kilifi,Bachelor's,P003,Code Hack,7/14/2025,Applied,Did Not Meet Requirements
APP01819,23,Female,Mombasa,Certificate,P004,Africa Code Week,9/17/2024,Applied,Incomplete Application
APP01820,18,Female,Lamu,KCSE,P001,STEM Cafe Kenya,6/26/2025,Qualified,Could Not Be Reached
APP01821,31,Female,Taita Taveta,Diploma,P005,Django Girls,1/9/2025,Qualified,Could Not Be Reached
APP01822,18,Female,Nakuru,Certificate,P005,Django Girls,3/3/2024,Qualified,Could Not Be Reached
APP01823,32,Female,Kilifi,Master's,P007,Women Digital Skills,9/2/2024,Applied,Did Not Meet Requirements
APP01824,18,Female,Nakuru,KCSE,P006,Mombasa Girls in STEM,1/30/2025,Qualified,Interview Slots Full
APP01825,19,Female,Kisumu,KCSE,P005,Django Girls,4/10/2024,Enrolled,
APP01826,31,Female,Kwale,Bachelor's,P006,Mombasa Girls in STEM,3/9/2024,Applied,Did Not Meet Requirements
APP01827,23,Female,Mombasa,KCSE,P001,STEM Cafe Kenya,9/10/2025,Applied,Incomplete Application
APP01828,18,Female,Kilifi,Certificate,P001,STEM Cafe Kenya,3/30/2025,Enrolled,
APP01829,25,Female,Mombasa,Certificate,P004,Africa Code Week,3/14/2024,Enrolled,
APP01830,18,Female,Nairobi,KCSE,P002,Technovation,8/31/2024,Applied,Incomplete Application
APP01831,19,Female,Mombasa,KCSE,P004,Africa Code Week,1/2/2025,Interviewed,Cohort Full
APP01832,28,Male,Mombasa,Bachelor's,P008,Web Development Classes,2/9/2025,Applied,Gender Mismatch
APP01833,28,Female,Taita Taveta,Bachelor's,P006,Mombasa Girls in STEM,9/16/2024,Enrolled,
APP01834,20,Female,Nakuru,KCSE,P002,Technovation,2/9/2024,Qualified,No Response
APP01835,24,Female,Kisumu,KCSE,P004,Africa Code Week,8/11/2024,Applied,Did Not Meet Requirements
APP01836,22,Female,Lamu,Diploma,P005,Django Girls,6/2/2025,Interviewed,Cohort Full
APP01837,24,Female,Taita Taveta,Diploma,P001,STEM Cafe Kenya,9/5/2025,Enrolled,
APP01838,27,Female,Mombasa,Certificate,P001,STEM Cafe Kenya,7/1/2025,Qualified,No Response
APP01839,19,Male,Kilifi,KCSE,P008,Web Development Classes,4/23/2024,Applied,Gender Mismatch
APP01840,34,Female,Nairobi,Bachelor's,P008,Web Development Classes,9/14/2024,Enrolled,
APP01841,18,Female,Mombasa,Diploma,P008,Web Development Classes,8/4/2024,Enrolled,
APP01842,21,Male,Taita Taveta,KCSE,P005,Django Girls,6/25/2025,Applied,Gender Mismatch
APP01843,21,Female,Kisumu,Certificate,P007,Women Digital Skills,9/30/2025,Qualified,Interview Slots Full
APP01844,27,Female,Taita Taveta,Certificate,P006,Mombasa Girls in STEM,7/4/2025,Applied,Did Not Meet Requirements
APP01845,20,Female,Nairobi,Certificate,P003,Code Hack,1/25/2024,Applied,Did Not Meet Requirements
APP01846,33,Male,Mombasa,Bachelor's,P002,Technovation,7/27/2025,Applied,Gender Mismatch
APP01847,22,Female,Nakuru,Diploma,P002,Technovation,1/31/2024,Applied,Incomplete Application
APP01848,27,Female,Kwale,Bachelor's,P008,Web Development Classes,4/30/2025,Enrolled,
APP01849,23,Female,Mombasa,Certificate,P004,Africa Code Week,7/19/2024,Qualified,Could Not Be Reached
APP01850,21,Female,Kisumu,KCSE,P001,STEM Cafe Kenya,8/11/2025,Interviewed,Cohort Full
APP01851,21,Female,Lamu,KCSE,P002,Technovation,7/6/2025,Enrolled,
APP01852,18,Female,Nakuru,KCSE,P005,Django Girls,8/8/2025,Applied,Incomplete Application
APP01853,20,Male,Kisumu,KCSE,P005,Django Girls,1/8/2025,Applied,Gender Mismatch
APP01854,20,Female,Kwale,Certificate,P004,Africa Code Week,9/30/2024,Interviewed,Low Interview Score
APP01855,18,Female,Nairobi,KCSE,P001,STEM Cafe Kenya,7/19/2025,Applied,Did Not Meet Requirements
APP01856,18,Female,Mombasa,Certificate,P003,Code Hack,3/1/2025,Applied,Incomplete Application
APP01857,18,Female,Kwale,Certificate,P006,Mombasa Girls in STEM,1/30/2024,Applied,Did Not Meet Requirements
APP01858,29,Female,Mombasa,Bachelor's,P002,Technovation,8/3/2024,Applied,Did Not Meet Requirements
APP01859,21,Female,Mombasa,KCSE,P001,STEM Cafe Kenya,1/15/2024,Qualified,No Response
APP01860,19,Female,Kisumu,KCSE,P003,Code Hack,2/17/2025,Enrolled,
APP01861,35,Female,Mombasa,Diploma,P001,STEM Cafe Kenya,1/19/2024,Applied,Incomplete Application
APP01862,35,Female,Kilifi,Bachelor's,P007,Women Digital Skills,4/24/2024,Interviewed,Low Interview Score
APP01863,27,Female,Nakuru,Certificate,P006,Mombasa Girls in STEM,6/30/2025,Enrolled,
APP01864,22,Female,Tana River,KCSE,P004,Africa Code Week,2/7/2024,Qualified,No Response
APP01865,21,Female,Kwale,Certificate,P002,Technovation,4/2/2024,Qualified,No Response
APP01866,24,Female,Nakuru,Diploma,P003,Code Hack,1/23/2024,Applied,Did Not Meet Requirements
APP01867,20,Female,Tana River,KCSE,P006,Mombasa Girls in STEM,9/19/2025,Applied,Did Not Meet Requirements
APP01868,31,Female,Tana River,Master's,P002,Technovation,2/5/2024,Enrolled,
APP01869,25,Female,Kisumu,Bachelor's,P007,Women Digital Skills,9/9/2024,Enrolled,
APP01870,21,Female,Lamu,KCSE,P004,Africa Code Week,7/15/2025,Qualified,Could Not Be Reached
APP01871,19,Female,Lamu,KCSE,P006,Mombasa Girls in STEM,1/15/2024,Applied,Incomplete Application
APP01872,18,Female,Kisumu,Diploma,P005,Django Girls,1/3/2024,Applied,Incomplete Application
APP01873,26,Female,Kilifi,Certificate,P001,STEM Cafe Kenya,7/27/2024,Qualified,Could Not Be Reached
APP01874,25,Female,Nakuru,Diploma,P004,Africa Code Week,1/26/2024,Applied,Did Not Meet Requirements
APP01875,34,Female,Nakuru,Bachelor's,P007,Women Digital Skills,7/18/2024,Interviewed,Cohort Full
APP01876,27,Female,Mombasa,Diploma,P007,Women Digital Skills,2/13/2025,Interviewed,Declined Offer
APP01877,19,Female,Kwale,KCSE,P004,Africa Code Week,9/12/2025,Applied,Did Not Meet Requirements
APP01878,21,Female,Kilifi,KCSE,P008,Web Development Classes,2/22/2025,Enrolled,
APP01879,21,Female,Taita Taveta,KCSE,P001,STEM Cafe Kenya,2/28/2024,Qualified,No Response
APP01880,21,Female,Mombasa,KCSE,P006,Mombasa Girls in STEM,7/15/2025,Enrolled,
APP01881,35,Female,Kisumu,Bachelor's,P004,Africa Code Week,9/5/2024,Qualified,Interview Slots Full
APP01882,20,Female,Kilifi,KCSE,P007,Women Digital Skills,9/5/2024,Applied,Did Not Meet Requirements
APP01883,29,Female,Mombasa,Diploma,P002,Technovation,8/14/2024,Applied,Did Not Meet Requirements
APP01884,18,Female,Kwale,KCSE,P008,Web Development Classes,2/16/2025,Enrolled,
APP01885,32,Male,Kisumu,Diploma,P004,Africa Code Week,8/24/2024,Applied,Gender Mismatch
APP01886,22,Male,Mombasa,Certificate,P002,Technovation,1/28/2024,Applied,Gender Mismatch
APP01887,32,Male,Lamu,Diploma,P003,Code Hack,8/22/2025,Applied,Gender Mismatch
APP01888,18,Female,Nakuru,KCSE,P004,Africa Code Week,7/19/2025,Applied,Did Not Meet Requirements
APP01889,20,Female,Tana River,KCSE,P001,STEM Cafe Kenya,8/24/2025,Enrolled,
APP01890,24,Female,Mombasa,KCSE,P004,Africa Code Week,3/8/2025,Qualified,No Response
APP01891,25,Female,Nairobi,Bachelor's,P008,Web Development Classes,3/18/2025,Interviewed,Declined Offer
APP01892,19,Female,Nairobi,Diploma,P003,Code Hack,6/30/2025,Applied,Did Not Meet Requirements
APP01893,30,Female,Nakuru,Bachelor's,P001,STEM Cafe Kenya,6/3/2025,Interviewed,Cohort Full
APP01894,31,Female,Nairobi,Bachelor's,P002,Technovation,1/31/2024,Applied,Incomplete Application
APP01895,33,Female,Nakuru,Master's,P001,STEM Cafe Kenya,3/14/2025,Qualified,No Response
APP01896,20,Female,Nairobi,Certificate,P003,Code Hack,2/11/2024,Interviewed,Declined Offer
APP01897,22,Female,Kisumu,KCSE,P002,Technovation,1/23/2025,Applied,Incomplete Application
APP01898,21,Male,Kilifi,KCSE,P003,Code Hack,7/3/2025,Applied,Gender Mismatch
APP01899,21,Female,Kilifi,Certificate,P004,Africa Code Week,6/14/2024,Applied,Did Not Meet Requirements
APP01900,31,Female,Mombasa,Bachelor's,P006,Mombasa Girls in STEM,4/27/2025,Qualified,Interview Slots Full
APP01901,25,Female,Mombasa,Certificate,P001,STEM Cafe Kenya,4/5/2024,Applied,Did Not Meet Requirements
APP01902,19,Female,Nakuru,KCSE,P003,Code Hack,2/12/2025,Qualified,Interview Slots Full
APP01903,24,Female,Nairobi,Bachelor's,P008,Web Development Classes,6/15/2025,Applied,Incomplete Application
APP01904,23,Female,Kisumu,Certificate,P005,Django Girls,9/24/2024,Applied,Did Not Meet Requirements
APP01905,28,Female,Nakuru,Diploma,P008,Web Development Classes,1/11/2024,Qualified,No Response
APP01906,19,Male,Kilifi,Certificate,P007,Women Digital Skills,9/5/2025,Applied,Gender Mismatch
APP01907,34,Female,Lamu,Master's,P006,Mombasa Girls in STEM,4/13/2024,Interviewed,Cohort Full
APP01908,25,Female,Lamu,Certificate,P005,Django Girls,3/28/2025,Qualified,No Response
APP01909,23,Female,Lamu,Diploma,P004,Africa Code Week,2/24/2025,Interviewed,Cohort Full
APP01910,21,Male,Kwale,KCSE,P003,Code Hack,2/19/2025,Applied,Gender Mismatch
APP01911,25,Female,Nakuru,Certificate,P004,Africa Code Week,9/16/2025,Qualified,Interview Slots Full
APP01912,33,Female,Mombasa,Bachelor's,P002,Technovation,3/26/2024,Applied,Did Not Meet Requirements
APP01913,21,Female,Kwale,KCSE,P004,Africa Code Week,7/31/2024,Applied,Incomplete Application
APP01914,25,Female,Taita Taveta,Diploma,P004,Africa Code Week,9/17/2024,Interviewed,Cohort Full
APP01915,26,Female,Mombasa,Certificate,P003,Code Hack,8/15/2025,Enrolled,
APP01916,27,Female,Kwale,Diploma,P002,Technovation,3/30/2024,Applied,Did Not Meet Requirements
APP01917,25,Female,Taita Taveta,Certificate,P001,STEM Cafe Kenya,3/18/2024,Qualified,Interview Slots Full
APP01918,26,Female,Kilifi,KCSE,P004,Africa Code Week,7/12/2024,Qualified,Interview Slots Full
APP01919,21,Female,Tana River,KCSE,P008,Web Development Classes,3/5/2025,Qualified,Could Not Be Reached
APP01920,24,Female,Kisumu,KCSE,P001,STEM Cafe Kenya,7/6/2025,Enrolled,
APP01921,34,Female,Mombasa,Master's,P004,Africa Code Week,8/26/2024,Enrolled,
APP01922,27,Female,Lamu,Diploma,P001,STEM Cafe Kenya,8/10/2024,Applied,Incomplete Application
APP01923,19,Female,Kisumu,KCSE,P002,Technovation,9/19/2024,Qualified,Could Not Be Reached
APP01924,26,Female,Nakuru,KCSE,P002,Technovation,7/8/2025,Interviewed,Low Interview Score
APP01925,20,Female,Mombasa,KCSE,P004,Africa Code Week,7/19/2024,Qualified,Interview Slots Full
APP01926,21,Female,Kisumu,KCSE,P007,Women Digital Skills,7/3/2025,Qualified,Could Not Be Reached
APP01927,22,Female,Taita Taveta,KCSE,P003,Code Hack,7/10/2024,Interviewed,Cohort Full
APP01928,27,Female,Nakuru,KCSE,P004,Africa Code Week,9/5/2025,Applied,Did Not Meet Requirements
APP01929,25,Female,Tana River,KCSE,P003,Code Hack,9/4/2024,Applied,Incomplete Application
APP01930,32,Female,Nakuru,Diploma,P001,STEM Cafe Kenya,1/10/2025,Qualified,Could Not Be Reached
APP01931,19,Male,Nairobi,KCSE,P001,STEM Cafe Kenya,1/14/2024,Applied,Gender Mismatch
APP01932,18,Female,Mombasa,Diploma,P003,Code Hack,2/13/2024,Qualified,No Response
APP01933,23,Female,Kisumu,Diploma,P001,STEM Cafe Kenya,7/23/2024,Applied,Incomplete Application
APP01934,19,Female,Kilifi,KCSE,P002,Technovation,9/7/2024,Qualified,Could Not Be Reached
APP01935,27,Female,Nairobi,Diploma,P001,STEM Cafe Kenya,1/8/2024,Interviewed,Low Interview Score
APP01936,25,Female,Nakuru,Certificate,P003,Code Hack,2/22/2025,Interviewed,Low Interview Score
APP01937,33,Female,Nairobi,Bachelor's,P005,Django Girls,1/16/2024,Enrolled,
APP01938,25,Female,Taita Taveta,Certificate,P002,Technovation,4/23/2024,Qualified,No Response
APP01939,23,Female,Kilifi,KCSE,P006,Mombasa Girls in STEM,4/16/2024,Applied,Did Not Meet Requirements
APP01940,20,Female,Nairobi,KCSE,P007,Women Digital Skills,7/7/2025,Interviewed,Declined Offer
APP01941,33,Female,Mombasa,Bachelor's,P002,Technovation,7/30/2024,Applied,Incomplete Application
APP01942,23,Female,Taita Taveta,Certificate,P004,Africa Code Week,8/5/2025,Interviewed,Cohort Full
APP01943,27,Female,Mombasa,KCSE,P004,Africa Code Week,9/19/2025,Qualified,Could Not Be Reached
APP01944,23,Male,Kilifi,Certificate,P002,Technovation,7/10/2025,Applied,Gender Mismatch
APP01945,26,Female,Nakuru,Diploma,P001,STEM Cafe Kenya,1/29/2025,Applied,Incomplete Application
APP01946,25,Female,Mombasa,Certificate,P001,STEM Cafe Kenya,2/28/2024,Applied,Did Not Meet Requirements
APP01947,18,Female,Mombasa,KCSE,P001,STEM Cafe Kenya,2/8/2025,Interviewed,Declined Offer
APP01948,20,Female,Kwale,KCSE,P007,Women Digital Skills,2/15/2025,Qualified,No Response
APP01949,23,Male,Kwale,Certificate,P005,Django Girls,6/23/2025,Applied,Gender Mismatch
APP01950,22,Female,Kilifi,Certificate,P004,Africa Code Week,3/3/2025,Qualified,No Response
APP01951,25,Female,Nairobi,Certificate,P004,Africa Code Week,7/5/2025,Applied,Did Not Meet Requirements
APP01952,34,Female,Nairobi,Bachelor's,P001,STEM Cafe Kenya,6/16/2024,Interviewed,Declined Offer
APP01953,34,Female,Tana River,Bachelor's,P002,Technovation,4/21/2025,Qualified,Interview Slots Full
APP01954,18,Female,Kilifi,Certificate,P003,Code Hack,2/20/2024,Interviewed,Declined Offer
APP01955,24,Female,Kwale,Certificate,P006,Mombasa Girls in STEM,2/21/2025,Applied,Did Not Meet Requirements
APP01956,24,Female,Mombasa,Certificate,P004,Africa Code Week,6/27/2025,Interviewed,Declined Offer
APP01957,32,Female,Nakuru,Bachelor's,P001,STEM Cafe Kenya,9/24/2024,Applied,Incomplete Application
APP01958,18,Female,Tana River,KCSE,P001,STEM Cafe Kenya,8/15/2025,Interviewed,Declined Offer
APP01959,18,Female,Nakuru,KCSE,P004,Africa Code Week,9/11/2025,Applied,Incomplete Application
APP01960,22,Female,Mombasa,Diploma,P005,Django Girls,4/6/2025,Applied,Did Not Meet Requirements
APP01961,27,Female,Kwale,KCSE,P002,Technovation,3/10/2025,Interviewed,Low Interview Score
APP01962,20,Male,Mombasa,KCSE,P005,Django Girls,9/1/2025,Applied,Gender Mismatch
APP01963,20,Female,Kilifi,Certificate,P008,Web Development Classes,3/24/2024,Enrolled,
APP01964,21,Female,Kilifi,Diploma,P004,Africa Code Week,3/26/2024,Qualified,Could Not Be Reached
APP01965,23,Female,Kilifi,Bachelor's,P004,Africa Code Week,8/21/2024,Qualified,No Response
APP01966,28,Female,Mombasa,Bachelor's,P007,Women Digital Skills,2/1/2025,Applied,Incomplete Application
APP01967,33,Female,Kilifi,Diploma,P001,STEM Cafe Kenya,3/16/2024,Applied,Did Not Meet Requirements
APP01968,22,Male,Kwale,Certificate,P004,Africa Code Week,4/26/2024,Applied,Gender Mismatch
APP01969,27,Female,Kilifi,Certificate,P003,Code Hack,9/5/2025,Enrolled,
APP01970,21,Female,Lamu,KCSE,P004,Africa Code Week,3/31/2025,Applied,Incomplete Application
APP01971,24,Male,Kisumu,Diploma,P002,Technovation,6/12/2025,Applied,Gender Mismatch
APP01972,24,Female,Taita Taveta,Certificate,P004,Africa Code Week,9/12/2025,Interviewed,Low Interview Score
APP01973,26,Male,Mombasa,Diploma,P004,Africa Code Week,3/2/2025,Applied,Gender Mismatch
APP01974,34,Male,Kilifi,Diploma,P005,Django Girls,7/23/2025,Applied,Gender Mismatch
APP01975,31,Female,Mombasa,Bachelor's,P003,Code Hack,8/19/2024,Qualified,Could Not Be Reached
APP01976,34,Female,Kilifi,Bachelor's,P005,Django Girls,6/10/2025,Interviewed,Cohort Full
APP01977,24,Female,Tana River,Certificate,P004,Africa Code Week,6/13/2024,Applied,Incomplete Application
APP01978,26,Male,Mombasa,Certificate,P007,Women Digital Skills,9/4/2025,Applied,Gender Mismatch
APP01979,22,Female,Nakuru,Certificate,P002,Technovation,6/21/2025,Applied,Did Not Meet Requirements
APP01980,26,Female,Kisumu,KCSE,P004,Africa Code Week,9/27/2024,Applied,Incomplete Application
APP01981,19,Female,Tana River,KCSE,P001,STEM Cafe Kenya,7/22/2024,Enrolled,
APP01982,19,Female,Kilifi,KCSE,P003,Code Hack,4/28/2025,Applied,Incomplete Application
APP01983,21,Male,Mombasa,Diploma,P008,Web Development Classes,4/25/2024,Applied,Gender Mismatch
APP01984,27,Female,Kilifi,Certificate,P007,Women Digital Skills,3/25/2025,Qualified,Could Not Be Reached
APP01985,25,Female,Mombasa,Certificate,P002,Technovation,8/19/2024,Applied,Incomplete Application
APP01986,19,Female,Nairobi,Diploma,P001,STEM Cafe Kenya,9/22/2025,Enrolled,
APP01987,20,Female,Mombasa,Diploma,P003,Code Hack,7/7/2025,Interviewed,Declined Offer
APP01988,29,Female,Mombasa,Diploma,P004,Africa Code Week,4/20/2025,Qualified,Interview Slots Full
APP01989,28,Female,Nairobi,Diploma,P002,Technovation,8/17/2025,Applied,Did Not Meet Requirements
APP01990,29,Female,Lamu,Bachelor's,P004,Africa Code Week,6/30/2025,Applied,Did Not Meet Requirements
APP01991,26,Female,Taita Taveta,Certificate,P001,STEM Cafe Kenya,4/8/2024,Qualified,Interview Slots Full
APP01992,18,Female,Kisumu,KCSE,P004,Africa Code Week,9/22/2025,Applied,Did Not Meet Requirements
APP01993,18,Female,Nakuru,Certificate,P003,Code Hack,4/1/2025,Interviewed,Declined Offer
APP01994,18,Female,Mombasa,Diploma,P001,STEM Cafe Kenya,9/26/2024,Qualified,No Response
APP01995,34,Female,Mombasa,Master's,P002,Technovation,3/14/2025,Applied,Incomplete Application
APP01996,26,Female,Kisumu,Certificate,P003,Code Hack,9/4/2024,Interviewed,Low Interview Score
APP01997,34,Female,Nakuru,Diploma,P001,STEM Cafe Kenya,2/4/2025,Enrolled,
APP01998,35,Female,Kwale,Bachelor's,P003,Code Hack,9/11/2025,Applied,Did Not Meet Requirements
APP01999,20,Female,Kilifi,KCSE,P004,Africa Code Week,7/27/2025,Qualified,Could Not Be Reached
APP02000,19,Female,Taita Taveta,KCSE,P001,STEM Cafe Kenya,2/2/2024,Qualified,No Response
APP02001,27,Female,Nairobi,Diploma,P004,Africa Code Week,8/15/2024,Qualified,Could Not Be Reached
APP02002,18,Female,Mombasa,KCSE,P001,STEM Cafe Kenya,1/24/2024,Applied,Incomplete Application
APP02003,35,Female,Kisumu,Diploma,P008,Web Development Classes,1/16/2025,Applied,Did Not Meet Requirements
APP02004,35,Male,Kwale,Bachelor's,P006,Mombasa Girls in STEM,8/5/2024,Applied,Gender Mismatch
APP02005,21,Female,Kilifi,Diploma,P003,Code Hack,2/3/2024,Applied,Incomplete Application
APP02006,23,Female,Mombasa,Certificate,P003,Code Hack,2/7/2025,Qualified,No Response
APP02007,22,Female,Mombasa,Diploma,P004,Africa Code Week,1/11/2024,Qualified,No Response
APP02008,24,Female,Nakuru,Certificate,P003,Code Hack,3/22/2025,Interviewed,Cohort Full
APP02009,22,Female,Nairobi,KCSE,P002,Technovation,9/29/2025,Interviewed,Low Interview Score
APP02010,18,Female,Kilifi,Diploma,P006,Mombasa Girls in STEM,1/14/2024,Enrolled,
APP02011,25,Female,Taita Taveta,Diploma,P004,Africa Code Week,6/7/2024,Applied,Did Not Meet Requirements
APP02012,23,Female,Kilifi,Diploma,P001,STEM Cafe Kenya,6/9/2025,Qualified,Could Not Be Reached
APP02013,34,Female,Mombasa,Diploma,P004,Africa Code Week,2/5/2025,Qualified,No Response
APP02014,21,Female,Kisumu,KCSE,P003,Code Hack,6/2/2024,Applied,Did Not Meet Requirements
APP02015,22,Female,Nakuru,KCSE,P001,STEM Cafe Kenya,3/4/2025,Interviewed,Low Interview Score
APP02016,27,Female,Lamu,Diploma,P002,Technovation,7/14/2025,Qualified,No Response
APP02017,22,Female,Nairobi,KCSE,P002,Technovation,6/23/2024,Applied,Incomplete Application
APP02018,20,Female,Nairobi,Certificate,P002,Technovation,8/27/2025,Qualified,No Response
APP02019,19,Female,Kilifi,Diploma,P004,Africa Code Week,4/30/2024,Qualified,Interview Slots Full
APP02020,22,Female,Lamu,KCSE,P001,STEM Cafe Kenya,9/24/2024,Qualified,Interview Slots Full
APP02021,24,Female,Lamu,Certificate,P007,Women Digital Skills,1/8/2024,Qualified,Could Not Be Reached
APP02022,21,Female,Kisumu,KCSE,P001,STEM Cafe Kenya,6/16/2024,Applied,Did Not Meet Requirements
APP02023,24,Male,Kisumu,Diploma,P002,Technovation,7/15/2024,Applied,Gender Mismatch
APP02024,22,Female,Mombasa,Diploma,P004,Africa Code Week,1/9/2025,Qualified,Interview Slots Full
APP02025,27,Female,Kilifi,Certificate,P001,STEM Cafe Kenya,7/6/2025,Applied,Incomplete Application
APP02026,25,Female,Nairobi,Bachelor's,P002,Technovation,3/8/2024,Qualified,No Response
APP02027,22,Female,Nairobi,KCSE,P005,Django Girls,4/24/2025,Qualified,Could Not Be Reached
APP02028,26,Female,Mombasa,Diploma,P002,Technovation,4/1/2025,Interviewed,Declined Offer
APP02029,20,Female,Nairobi,KCSE,P008,Web Development Classes,3/31/2025,Enrolled,
APP02030,18,Female,Nairobi,KCSE,P006,Mombasa Girls in STEM,2/1/2025,Enrolled,
APP02031,19,Female,Mombasa,Diploma,P004,Africa Code Week,9/5/2025,Applied,Did Not Meet Requirements
APP02032,31,Female,Lamu,Master's,P004,Africa Code Week,8/10/2024,Applied,Incomplete Application
APP02033,19,Female,Kilifi,KCSE,P002,Technovation,3/15/2024,Applied,Did Not Meet Requirements
APP02034,18,Female,Mombasa,KCSE,P002,Technovation,7/26/2024,Enrolled,
APP02035,21,Male,Mombasa,KCSE,P004,Africa Code Week,9/1/2024,Applied,Gender Mismatch
APP02036,19,Female,Kisumu,KCSE,P005,Django Girls,7/31/2024,Applied,Incomplete Application
APP02037,25,Female,Mombasa,Bachelor's,P005,Django Girls,7/23/2025,Qualified,Interview Slots Full
APP02038,24,Male,Mombasa,Diploma,P006,Mombasa Girls in STEM,8/5/2024,Applied,Gender Mismatch
APP02039,29,Male,Mombasa,Diploma,P002,Technovation,8/6/2024,Applied,Gender Mismatch
APP02040,22,Female,Mombasa,KCSE,P008,Web Development Classes,1/18/2025,Applied,Did Not Meet Requirements
APP02041,32,Female,Kisumu,Bachelor's,P008,Web Development Classes,6/14/2025,Interviewed,Low Interview Score
APP02042,30,Female,Nakuru,Master's,P001,STEM Cafe Kenya,2/8/2025,Applied,Did Not Meet Requirements
APP02043,31,Female,Mombasa,Bachelor's,P001,STEM Cafe Kenya,4/16/2024,Qualified,Interview Slots Full
APP02044,27,Female,Taita Taveta,KCSE,P002,Technovation,7/16/2025,Qualified,Could Not Be Reached
APP02045,21,Female,Nakuru,KCSE,P002,Technovation,9/23/2025,Qualified,No Response
APP02046,30,Female,Kisumu,Bachelor's,P007,Women Digital Skills,4/29/2025,Interviewed,Declined Offer
APP02047,18,Female,Kisumu,KCSE,P001,STEM Cafe Kenya,3/11/2025,Applied,Incomplete Application
APP02048,25,Male,Mombasa,Diploma,P004,Africa Code Week,2/10/2024,Applied,Gender Mismatch
APP02049,28,Female,Kisumu,Bachelor's,P008,Web Development Classes,8/28/2024,Applied,Incomplete Application
APP02050,27,Female,Nairobi,Diploma,P003,Code Hack,7/10/2024,Qualified,Interview Slots Full
APP02051,24,Female,Lamu,Diploma,P005,Django Girls,1/17/2024,Qualified,No Response
APP02052,18,Female,Kisumu,KCSE,P003,Code Hack,3/29/2025,Enrolled,
APP02053,20,Female,Taita Taveta,KCSE,P004,Africa Code Week,4/23/2024,Qualified,Could Not Be Reached
APP02054,26,Male,Lamu,Certificate,P001,STEM Cafe Kenya,4/15/2025,Applied,Gender Mismatch
APP02055,21,Female,Nairobi,KCSE,P006,Mombasa Girls in STEM,2/13/2024,Qualified,Could Not Be Reached
APP02056,35,Female,Taita Taveta,Bachelor's,P004,Africa Code Week,6/12/2025,Applied,Incomplete Application
APP02057,24,Female,Nakuru,KCSE,P001,STEM Cafe Kenya,8/22/2025,Qualified,Could Not Be Reached
APP02058,19,Female,Kisumu,Certificate,P002,Technovation,7/20/2024,Applied,Did Not Meet Requirements
APP02059,30,Female,Lamu,Bachelor's,P004,Africa Code Week,9/27/2025,Qualified,Interview Slots Full
APP02060,27,Female,Nairobi,KCSE,P008,Web Development Classes,9/1/2024,Applied,Incomplete Application
APP02061,18,Female,Mombasa,KCSE,P003,Code Hack,1/9/2025,Qualified,No Response
APP02062,20,Female,Nakuru,KCSE,P004,Africa Code Week,8/15/2024,Applied,Did Not Meet Requirements
APP02063,21,Female,Nairobi,KCSE,P002,Technovation,9/28/2024,Applied,Did Not Meet Requirements
APP02064,22,Female,Kilifi,Diploma,P006,Mombasa Girls in STEM,2/1/2024,Enrolled,
APP02065,18,Female,Nairobi,KCSE,P008,Web Development Classes,9/20/2024,Interviewed,Declined Offer
APP02066,25,Female,Taita Taveta,Certificate,P004,Africa Code Week,6/2/2024,Enrolled,
APP02067,19,Female,Kwale,KCSE,P001,STEM Cafe Kenya,8/24/2025,Qualified,Interview Slots Full
APP02068,23,Female,Mombasa,Certificate,P005,Django Girls,8/6/2025,Applied,Incomplete Application
APP02069,18,Female,Kisumu,KCSE,P004,Africa Code Week,9/22/2025,Qualified,No Response
APP02070,23,Female,Mombasa,Diploma,P003,Code Hack,1/30/2024,Interviewed,Low Interview Score
APP02071,23,Female,Nakuru,Certificate,P006,Mombasa Girls in STEM,4/21/2025,Qualified,Could Not Be Reached
APP02072,22,Female,Kwale,KCSE,P003,Code Hack,8/23/2025,Interviewed,Low Interview Score
APP02073,30,Female,Kisumu,Bachelor's,P004,Africa Code Week,8/16/2025,Qualified,Could Not Be Reached
APP02074,19,Female,Lamu,KCSE,P002,Technovation,7/25/2025,Applied,Did Not Meet Requirements
APP02075,20,Female,Mombasa,KCSE,P002,Technovation,6/19/2025,Qualified,Could Not Be Reached
APP02076,22,Female,Nairobi,KCSE,P003,Code Hack,8/29/2025,Applied,Incomplete Application
APP02077,20,Female,Kilifi,KCSE,P002,Technovation,9/8/2025,Applied,Incomplete Application
APP02078,20,Female,Kisumu,KCSE,P002,Technovation,1/25/2024,Applied,Did Not Meet Requirements
APP02079,26,Female,Mombasa,Certificate,P004,Africa Code Week,7/30/2025,Qualified,No Response
APP02080,27,Female,Kwale,Certificate,P002,Technovation,6/4/2024,Interviewed,Cohort Full
APP02081,34,Female,Mombasa,Diploma,P003,Code Hack,8/27/2025,Applied,Incomplete Application
APP02082,18,Male,Nairobi,KCSE,P008,Web Development Classes,2/5/2024,Applied,Gender Mismatch
APP02083,31,Female,Mombasa,Diploma,P002,Technovation,9/5/2024,Qualified,Could Not Be Reached
APP02084,29,Female,Tana River,Diploma,P004,Africa Code Week,2/20/2025,Applied,Incomplete Application
APP02085,29,Female,Mombasa,Bachelor's,P003,Code Hack,9/18/2024,Qualified,Could Not Be Reached
APP02086,19,Female,Taita Taveta,KCSE,P001,STEM Cafe Kenya,6/5/2025,Interviewed,Declined Offer
APP02087,22,Female,Lamu,KCSE,P006,Mombasa Girls in STEM,2/15/2025,Applied,Did Not Meet Requirements
APP02088,20,Male,Kilifi,KCSE,P001,STEM Cafe Kenya,6/3/2025,Applied,Gender Mismatch
APP02089,29,Female,Mombasa,Bachelor's,P004,Africa Code Week,6/10/2024,Applied,Did Not Meet Requirements
APP02090,26,Female,Tana River,Certificate,P004,Africa Code Week,1/25/2024,Enrolled,
APP02091,27,Female,Mombasa,Bachelor's,P005,Django Girls,8/2/2024,Qualified,No Response
APP02092,30,Female,Kilifi,Bachelor's,P003,Code Hack,9/5/2024,Enrolled,
APP02093,33,Female,Lamu,Bachelor's,P006,Mombasa Girls in STEM,9/12/2025,Qualified,Could Not Be Reached
APP02094,28,Male,Nakuru,Bachelor's,P002,Technovation,2/17/2025,Applied,Gender Mismatch
APP02095,33,Female,Tana River,Bachelor's,P001,STEM Cafe Kenya,8/17/2025,Qualified,No Response
APP02096,19,Female,Mombasa,KCSE,P006,Mombasa Girls in STEM,1/15/2025,Interviewed,Declined Offer
APP02097,25,Female,Kisumu,Certificate,P001,STEM Cafe Kenya,3/13/2024,Applied,Did Not Meet Requirements
APP02098,20,Female,Mombasa,KCSE,P007,Women Digital Skills,4/14/2025,Interviewed,Cohort Full
APP02099,34,Female,Nakuru,Master's,P003,Code Hack,3/29/2024,Enrolled,
APP02100,25,Female,Kisumu,KCSE,P002,Technovation,1/24/2025,Qualified,Could Not Be Reached
APP02101,34,Female,Mombasa,Diploma,P004,Africa Code Week,1/6/2025,Applied,Incomplete Application
APP02102,18,Female,Tana River,KCSE,P004,Africa Code Week,8/20/2024,Qualified,No Response
APP02103,25,Female,Nakuru,Bachelor's,P004,Africa Code Week,2/27/2024,Applied,Did Not Meet Requirements
APP02104,19,Female,Mombasa,KCSE,P003,Code Hack,3/5/2025,Applied,Incomplete Application
APP02105,21,Female,Kilifi,Certificate,P006,Mombasa Girls in STEM,9/27/2024,Applied,Did Not Meet Requirements
APP02106,21,Female,Nakuru,KCSE,P007,Women Digital Skills,2/12/2024,Applied,Incomplete Application
APP02107,27,Female,Kilifi,Certificate,P004,Africa Code Week,2/10/2024,Applied,Incomplete Application
APP02108,20,Female,Nairobi,KCSE,P005,Django Girls,1/31/2024,Enrolled,
APP02109,20,Female,Kilifi,KCSE,P004,Africa Code Week,9/5/2025,Enrolled,
APP02110,25,Male,Kisumu,KCSE,P006,Mombasa Girls in STEM,7/31/2024,Applied,Gender Mismatch
APP02111,20,Female,Tana River,KCSE,P002,Technovation,3/26/2024,Qualified,Could Not Be Reached
APP02112,20,Female,Kwale,KCSE,P005,Django Girls,6/19/2024,Qualified,No Response
APP02113,20,Female,Mombasa,KCSE,P004,Africa Code Week,9/29/2024,Qualified,No Response
APP02114,24,Female,Mombasa,Bachelor's,P004,Africa Code Week,7/9/2025,Qualified,Could Not Be Reached
APP02115,34,Female,Nakuru,Bachelor's,P003,Code Hack,6/21/2024,Enrolled,
APP02116,19,Female,Mombasa,KCSE,P003,Code Hack,4/15/2025,Qualified,Could Not Be Reached
APP02117,21,Female,Nairobi,KCSE,P002,Technovation,8/29/2024,Enrolled,
APP02118,26,Female,Kwale,Bachelor's,P004,Africa Code Week,1/5/2024,Qualified,Could Not Be Reached
APP02119,19,Female,Mombasa,KCSE,P003,Code Hack,8/15/2025,Interviewed,Declined Offer
APP02120,21,Female,Lamu,KCSE,P008,Web Development Classes,7/29/2024,Qualified,Could Not Be Reached
APP02121,28,Female,Nakuru,Diploma,P005,Django Girls,7/26/2024,Enrolled,
APP02122,20,Female,Kisumu,Certificate,P004,Africa Code Week,9/4/2024,Applied,Did Not Meet Requirements
APP02123,23,Female,Kisumu,Certificate,P004,Africa Code Week,8/1/2025,Applied,Did Not Meet Requirements
APP02124,23,Female,Kwale,Diploma,P003,Code Hack,4/7/2025,Interviewed,Declined Offer
APP02125,21,Female,Kwale,Diploma,P003,Code Hack,8/26/2025,Applied,Incomplete Application
APP02126,18,Female,Nairobi,KCSE,P008,Web Development Classes,6/9/2024,Enrolled,
APP02127,30,Female,Mombasa,Bachelor's,P006,Mombasa Girls in STEM,7/25/2025,Qualified,Interview Slots Full
APP02128,19,Female,Nairobi,Certificate,P003,Code Hack,6/5/2024,Interviewed,Low Interview Score
APP02129,21,Female,Mombasa,Diploma,P002,Technovation,7/26/2024,Applied,Incomplete Application
APP02130,27,Female,Kisumu,Certificate,P001,STEM Cafe Kenya,7/28/2025,Enrolled,
APP02131,18,Female,Kisumu,KCSE,P002,Technovation,9/11/2025,Applied,Did Not Meet Requirements
APP02132,20,Female,Mombasa,KCSE,P004,Africa Code Week,4/5/2024,Qualified,Interview Slots Full
APP02133,21,Female,Nairobi,Certificate,P007,Women Digital Skills,9/20/2025,Qualified,No Response
APP02134,25,Female,Mombasa,Diploma,P004,Africa Code Week,9/4/2024,Qualified,No Response
APP02135,21,Female,Mombasa,KCSE,P003,Code Hack,8/16/2025,Interviewed,Low Interview Score
APP02136,26,Male,Kilifi,Certificate,P002,Technovation,6/19/2024,Applied,Gender Mismatch
APP02137,25,Female,Mombasa,KCSE,P001,STEM Cafe Kenya,4/6/2025,Applied,Incomplete Application
APP02138,27,Female,Mombasa,Diploma,P004,Africa Code Week,2/18/2025,Qualified,No Response
APP02139,21,Female,Mombasa,KCSE,P008,Web Development Classes,1/28/2025,Interviewed,Declined Offer
APP02140,18,Female,Kwale,KCSE,P006,Mombasa Girls in STEM,7/27/2024,Interviewed,Low Interview Score
APP02141,18,Female,Nairobi,KCSE,P004,Africa Code Week,9/22/2024,Applied,Did Not Meet Requirements
APP02142,22,Female,Kwale,KCSE,P005,Django Girls,7/21/2025,Interviewed,Low Interview Score
APP02143,24,Female,Kisumu,Certificate,P004,Africa Code Week,4/5/2025,Qualified,Could Not Be Reached
APP02144,22,Female,Tana River,Diploma,P001,STEM Cafe Kenya,1/8/2024,Interviewed,Low Interview Score
APP02145,27,Female,Taita Taveta,Diploma,P001,STEM Cafe Kenya,9/26/2024,Interviewed,Cohort Full
APP02146,26,Female,Mombasa,Diploma,P005,Django Girls,9/24/2024,Qualified,Interview Slots Full
APP02147,29,Female,Taita Taveta,Bachelor's,P005,Django Girls,2/3/2025,Qualified,Could Not Be Reached
APP02148,18,Female,Kisumu,KCSE,P006,Mombasa Girls in STEM,9/5/2024,Enrolled,
APP02149,24,Female,Tana River,Certificate,P001,STEM Cafe Kenya,9/12/2025,Qualified,No Response
APP02150,27,Female,Nakuru,Certificate,P001,STEM Cafe Kenya,1/7/2024,Enrolled,
APP02151,18,Female,Mombasa,KCSE,P005,Django Girls,3/27/2025,Enrolled,
APP02152,21,Female,Mombasa,Diploma,P005,Django Girls,2/7/2024,Interviewed,Cohort Full
APP02153,32,Female,Kisumu,Master's,P001,STEM Cafe Kenya,3/30/2024,Qualified,Interview Slots Full
APP02154,22,Female,Kisumu,KCSE,P003,Code Hack,6/7/2024,Enrolled,
APP02155,21,Female,Nairobi,KCSE,P008,Web Development Classes,3/14/2025,Applied,Incomplete Application
APP02156,19,Female,Nakuru,Certificate,P001,STEM Cafe Kenya,9/23/2024,Enrolled,
APP02157,22,Female,Kisumu,KCSE,P004,Africa Code Week,6/5/2024,Interviewed,Cohort Full
APP02158,19,Female,Nakuru,Certificate,P001,STEM Cafe Kenya,8/7/2025,Applied,Incomplete Application
APP02159,26,Female,Nairobi,Bachelor's,P008,Web Development Classes,4/20/2024,Applied,Did Not Meet Requirements
APP02160,20,Female,Nairobi,KCSE,P003,Code Hack,9/26/2024,Interviewed,Cohort Full
APP02161,25,Female,Taita Taveta,Diploma,P006,Mombasa Girls in STEM,7/7/2025,Qualified,No Response
APP02162,19,Male,Kilifi,KCSE,P004,Africa Code Week,8/18/2024,Applied,Gender Mismatch
APP02163,19,Female,Kwale,Diploma,P002,Technovation,4/14/2024,Qualified,Interview Slots Full
APP02164,25,Female,Mombasa,Certificate,P006,Mombasa Girls in STEM,3/6/2025,Applied,Did Not Meet Requirements
APP02165,20,Female,Kwale,KCSE,P006,Mombasa Girls in STEM,9/7/2024,Applied,Incomplete Application
APP02166,22,Female,Mombasa,KCSE,P002,Technovation,8/12/2024,Applied,Did Not Meet Requirements
APP02167,34,Female,Kwale,Diploma,P006,Mombasa Girls in STEM,1/8/2025,Applied,Did Not Meet Requirements
APP02168,35,Female,Lamu,Bachelor's,P002,Technovation,4/14/2025,Applied,Incomplete Application
APP02169,24,Female,Kisumu,KCSE,P007,Women Digital Skills,2/11/2024,Qualified,Could Not Be Reached
APP02170,24,Female,Mombasa,Certificate,P004,Africa Code Week,2/28/2024,Applied,Incomplete Application
APP02171,22,Female,Kilifi,KCSE,P001,STEM Cafe Kenya,6/27/2024,Qualified,Could Not Be Reached
APP02172,18,Female,Taita Taveta,KCSE,P004,Africa Code Week,4/2/2025,Enrolled,
APP02173,25,Female,Kisumu,Certificate,P001,STEM Cafe Kenya,8/7/2025,Interviewed,Declined Offer
APP02174,33,Female,Mombasa,Diploma,P004,Africa Code Week,9/14/2024,Applied,Did Not Meet Requirements
APP02175,19,Female,Mombasa,KCSE,P006,Mombasa Girls in STEM,4/17/2024,Applied,Incomplete Application
APP02176,21,Female,Nakuru,KCSE,P003,Code Hack,6/21/2024,Applied,Did Not Meet Requirements
APP02177,21,Female,Nakuru,Diploma,P007,Women Digital Skills,8/10/2025,Applied,Did Not Meet Requirements
APP02178,22,Female,Tana River,Diploma,P004,Africa Code Week,7/5/2024,Applied,Incomplete Application
APP02179,20,Female,Tana River,KCSE,P002,Technovation,9/9/2024,Applied,Incomplete Application
APP02180,19,Male,Nakuru,KCSE,P002,Technovation,9/7/2025,Applied,Gender Mismatch
APP02181,20,Female,Taita Taveta,KCSE,P007,Women Digital Skills,3/26/2024,Interviewed,Declined Offer
APP02182,20,Female,Nairobi,KCSE,P006,Mombasa Girls in STEM,3/30/2025,Applied,Did Not Meet Requirements
APP02183,20,Female,Mombasa,KCSE,P007,Women Digital Skills,7/11/2024,Applied,Incomplete Application
APP02184,27,Female,Mombasa,Certificate,P001,STEM Cafe Kenya,1/1/2025,Qualified,No Response
APP02185,30,Female,Mombasa,Bachelor's,P001,STEM Cafe Kenya,7/4/2024,Interviewed,Low Interview Score
APP02186,31,Female,Lamu,Master's,P004,Africa Code Week,8/3/2024,Qualified,Interview Slots Full
APP02187,20,Female,Nairobi,KCSE,P004,Africa Code Week,7/6/2024,Applied,Incomplete Application
APP02188,19,Female,Kilifi,KCSE,P005,Django Girls,1/29/2025,Interviewed,Declined Offer
APP02189,21,Female,Kisumu,KCSE,P001,STEM Cafe Kenya,9/13/2025,Applied,Did Not Meet Requirements
APP02190,26,Female,Nairobi,Certificate,P002,Technovation,6/24/2025,Qualified,No Response
APP02191,26,Female,Kilifi,Diploma,P001,STEM Cafe Kenya,9/12/2024,Qualified,Interview Slots Full
APP02192,33,Female,Tana River,Master's,P004,Africa Code Week,1/10/2024,Qualified,No Response
APP02193,23,Female,Nairobi,Certificate,P001,STEM Cafe Kenya,9/19/2024,Applied,Incomplete Application
APP02194,20,Female,Lamu,Diploma,P004,Africa Code Week,2/8/2025,Qualified,No Response
APP02195,27,Female,Nairobi,Diploma,P002,Technovation,2/10/2024,Qualified,No Response
APP02196,21,Female,Nakuru,Certificate,P001,STEM Cafe Kenya,8/8/2025,Qualified,Interview Slots Full
APP02197,20,Female,Tana River,Certificate,P004,Africa Code Week,1/21/2025,Interviewed,Cohort Full
APP02198,18,Female,Nairobi,KCSE,P007,Women Digital Skills,7/30/2024,Interviewed,Cohort Full
APP02199,26,Female,Taita Taveta,Certificate,P005,Django Girls,7/31/2025,Qualified,Could Not Be Reached
APP02200,21,Female,Kisumu,KCSE,P001,STEM Cafe Kenya,2/11/2024,Enrolled,
APP02201,27,Female,Nakuru,Diploma,P002,Technovation,7/1/2025,Applied,Incomplete Application
APP02202,24,Female,Mombasa,KCSE,P003,Code Hack,2/14/2024,Enrolled,
APP02203,31,Female,Mombasa,Bachelor's,P004,Africa Code Week,6/16/2024,Applied,Did Not Meet Requirements
APP02204,23,Female,Nairobi,Diploma,P008,Web Development Classes,9/19/2025,Interviewed,Cohort Full
APP02205,29,Female,Nakuru,Master's,P003,Code Hack,2/2/2024,Enrolled,
APP02206,19,Female,Kilifi,KCSE,P008,Web Development Classes,6/28/2024,Applied,Incomplete Application
APP02207,33,Female,Kwale,Bachelor's,P002,Technovation,1/9/2024,Applied,Incomplete Application
APP02208,20,Female,Kisumu,KCSE,P002,Technovation,2/27/2025,Interviewed,Low Interview Score
APP02209,27,Female,Mombasa,Diploma,P002,Technovation,7/7/2025,Enrolled,
APP02210,23,Female,Kisumu,Bachelor's,P002,Technovation,8/28/2025,Qualified,No Response
APP02211,18,Female,Kwale,KCSE,P001,STEM Cafe Kenya,1/13/2024,Qualified,Interview Slots Full
APP02212,30,Female,Kwale,Bachelor's,P005,Django Girls,7/25/2025,Applied,Did Not Meet Requirements
APP02213,29,Female,Taita Taveta,Diploma,P008,Web Development Classes,8/2/2024,Interviewed,Declined Offer
APP02214,23,Female,Kisumu,Bachelor's,P003,Code Hack,1/3/2024,Interviewed,Cohort Full
APP02215,35,Female,Mombasa,Bachelor's,P002,Technovation,7/16/2025,Interviewed,Cohort Full
APP02216,22,Female,Kilifi,KCSE,P004,Africa Code Week,4/3/2024,Applied,Incomplete Application
APP02217,20,Female,Kisumu,Certificate,P002,Technovation,7/28/2025,Applied,Did Not Meet Requirements
APP02218,26,Female,Nairobi,Certificate,P004,Africa Code Week,2/6/2024,Qualified,Interview Slots Full
APP02219,26,Female,Taita Taveta,Bachelor's,P002,Technovation,1/28/2024,Qualified,Interview Slots Full
APP02220,28,Female,Tana River,Bachelor's,P001,STEM Cafe Kenya,7/17/2025,Enrolled,
APP02221,21,Female,Mombasa,Certificate,P005,Django Girls,2/13/2025,Qualified,No Response
APP02222,18,Female,Nairobi,Certificate,P002,Technovation,4/17/2025,Applied,Did Not Meet Requirements
APP02223,20,Female,Kilifi,KCSE,P008,Web Development Classes,4/15/2025,Qualified,No Response
APP02224,31,Female,Mombasa,Bachelor's,P001,STEM Cafe Kenya,1/12/2025,Enrolled,
APP02225,21,Female,Kilifi,KCSE,P006,Mombasa Girls in STEM,3/16/2024,Qualified,No Response
APP02226,23,Female,Lamu,Diploma,P003,Code Hack,7/3/2025,Interviewed,Cohort Full
APP02227,20,Female,Kwale,KCSE,P001,STEM Cafe Kenya,7/3/2024,Qualified,Interview Slots Full
APP02228,27,Male,Nairobi,Certificate,P003,Code Hack,2/13/2024,Applied,Gender Mismatch
APP02229,30,Female,Kwale,Diploma,P001,STEM Cafe Kenya,3/25/2025,Interviewed,Low Interview Score
APP02230,31,Female,Nakuru,Master's,P001,STEM Cafe Kenya,9/25/2024,Qualified,No Response
APP02231,26,Female,Mombasa,Bachelor's,P004,Africa Code Week,2/28/2025,Applied,Incomplete Application
APP02232,23,Female,Nakuru,Diploma,P001,STEM Cafe Kenya,6/2/2024,Applied,Did Not Meet Requirements
APP02233,19,Female,Tana River,KCSE,P002,Technovation,3/7/2025,Interviewed,Declined Offer
APP02234,25,Male,Nairobi,Certificate,P006,Mombasa Girls in STEM,4/2/2025,Applied,Gender Mismatch
APP02235,24,Female,Kwale,KCSE,P005,Django Girls,3/5/2025,Enrolled,
APP02236,19,Female,Nairobi,KCSE,P005,Django Girls,9/2/2025,Qualified,Interview Slots Full
APP02237,29,Female,Tana River,Master's,P004,Africa Code Week,4/11/2025,Applied,Incomplete Application
APP02238,20,Female,Mombasa,KCSE,P008,Web Development Classes,7/14/2025,Interviewed,Cohort Full
APP02239,21,Female,Nakuru,KCSE,P003,Code Hack,1/29/2025,Applied,Incomplete Application
APP02240,23,Female,Nakuru,Diploma,P005,Django Girls,7/30/2025,Interviewed,Low Interview Score
APP02241,27,Female,Kilifi,Diploma,P004,Africa Code Week,4/25/2024,Qualified,Could Not Be Reached
APP02242,25,Female,Kisumu,Certificate,P008,Web Development Classes,8/9/2025,Qualified,Interview Slots Full
APP02243,18,Female,Tana River,KCSE,P001,STEM Cafe Kenya,9/10/2025,Interviewed,Low Interview Score
APP02244,22,Female,Nakuru,Certificate,P002,Technovation,6/18/2024,Qualified,No Response
APP02245,27,Female,Lamu,Bachelor's,P008,Web Development Classes,6/20/2025,Applied,Did Not Meet Requirements
APP02246,23,Male,Nakuru,Diploma,P004,Africa Code Week,4/15/2024,Applied,Gender Mismatch
APP02247,32,Female,Kwale,Bachelor's,P004,Africa Code Week,9/24/2024,Applied,Incomplete Application
APP02248,33,Female,Nairobi,Bachelor's,P001,STEM Cafe Kenya,6/20/2024,Qualified,Interview Slots Full
APP02249,21,Female,Kisumu,Certificate,P002,Technovation,3/30/2025,Applied,Did Not Meet Requirements
APP02250,32,Female,Kisumu,Bachelor's,P001,STEM Cafe Kenya,7/6/2024,Applied,Incomplete Application
APP02251,23,Female,Mombasa,Diploma,P006,Mombasa Girls in STEM,2/9/2025,Interviewed,Cohort Full
APP02252,21,Female,Nairobi,KCSE,P001,STEM Cafe Kenya,2/23/2025,Enrolled,
APP02253,24,Female,Kisumu,Diploma,P004,Africa Code Week,3/10/2025,Qualified,Interview Slots Full
APP02254,27,Female,Taita Taveta,KCSE,P002,Technovation,6/20/2025,Qualified,Could Not Be Reached
APP02255,18,Female,Kilifi,KCSE,P004,Africa Code Week,4/5/2025,Qualified,No Response
APP02256,22,Female,Nairobi,Certificate,P008,Web Development Classes,3/25/2025,Interviewed,Low Interview Score
APP02257,20,Female,Mombasa,KCSE,P002,Technovation,6/19/2025,Applied,Did Not Meet Requirements
APP02258,23,Male,Nakuru,KCSE,P005,Django Girls,2/4/2025,Applied,Gender Mismatch
APP02259,33,Male,Nakuru,Bachelor's,P004,Africa Code Week,1/29/2025,Applied,Gender Mismatch
APP02260,20,Female,Taita Taveta,Certificate,P002,Technovation,9/28/2024,Qualified,No Response
APP02261,19,Female,Kilifi,Certificate,P006,Mombasa Girls in STEM,9/21/2025,Qualified,Interview Slots Full
APP02262,25,Female,Lamu,Diploma,P005,Django Girls,3/25/2025,Applied,Incomplete Application
APP02263,32,Female,Nairobi,Bachelor's,P005,Django Girls,1/27/2025,Qualified,Interview Slots Full
APP02264,29,Female,Tana River,Bachelor's,P004,Africa Code Week,2/26/2024,Enrolled,
APP02265,22,Female,Nairobi,KCSE,P004,Africa Code Week,6/30/2025,Qualified,Interview Slots Full
APP02266,26,Female,Kwale,Certificate,P006,Mombasa Girls in STEM,1/15/2024,Interviewed,Declined Offer
APP02267,25,Male,Nairobi,Certificate,P005,Django Girls,2/13/2024,Applied,Gender Mismatch
APP02268,22,Female,Nakuru,Certificate,P002,Technovation,8/31/2025,Interviewed,Cohort Full
APP02269,18,Female,Tana River,Diploma,P003,Code Hack,3/15/2024,Qualified,No Response
APP02270,25,Female,Nairobi,Diploma,P005,Django Girls,2/25/2024,Qualified,Interview Slots Full
APP02271,25,Female,Taita Taveta,KCSE,P002,Technovation,4/19/2024,Interviewed,Cohort Full
APP02272,18,Female,Mombasa,KCSE,P003,Code Hack,8/27/2025,Qualified,Could Not Be Reached
APP02273,24,Female,Kisumu,Certificate,P004,Africa Code Week,6/6/2025,Applied,Incomplete Application
APP02274,33,Female,Mombasa,Master's,P003,Code Hack,9/14/2024,Enrolled,
APP02275,35,Female,Mombasa,Bachelor's,P005,Django Girls,3/29/2024,Enrolled,
APP02276,21,Female,Kilifi,KCSE,P004,Africa Code Week,6/17/2025,Applied,Did Not Meet Requirements
APP02277,24,Female,Nakuru,Certificate,P001,STEM Cafe Kenya,2/17/2024,Qualified,Interview Slots Full
APP02278,23,Female,Nairobi,Certificate,P003,Code Hack,1/16/2024,Applied,Incomplete Application
APP02279,21,Female,Kwale,Certificate,P002,Technovation,2/27/2025,Qualified,No Response
APP02280,27,Male,Kwale,Certificate,P004,Africa Code Week,8/23/2024,Applied,Gender Mismatch
APP02281,31,Female,Kwale,Bachelor's,P008,Web Development Classes,8/27/2024,Enrolled,
APP02282,25,Female,Nakuru,Diploma,P005,Django Girls,2/7/2025,Applied,Incomplete Application
APP02283,24,Female,Mombasa,Bachelor's,P001,STEM Cafe Kenya,7/29/2024,Qualified,Could Not Be Reached
APP02284,24,Female,Kilifi,Bachelor's,P002,Technovation,9/9/2025,Applied,Did Not Meet Requirements
APP02285,26,Female,Nairobi,Diploma,P001,STEM Cafe Kenya,4/15/2024,Applied,Did Not Meet Requirements
APP02286,26,Female,Nairobi,Certificate,P002,Technovation,8/19/2024,Interviewed,Low Interview Score
APP02287,24,Female,Kisumu,Bachelor's,P001,STEM Cafe Kenya,3/18/2024,Applied,Incomplete Application
APP02288,19,Female,Kisumu,Diploma,P001,STEM Cafe Kenya,2/25/2025,Qualified,No Response
APP02289,31,Male,Kisumu,Bachelor's,P004,Africa Code Week,8/10/2024,Applied,Gender Mismatch
APP02290,24,Female,Taita Taveta,Certificate,P003,Code Hack,8/25/2025,Applied,Did Not Meet Requirements
APP02291,21,Female,Mombasa,KCSE,P001,STEM Cafe Kenya,8/19/2025,Applied,Incomplete Application
APP02292,23,Female,Kisumu,Diploma,P002,Technovation,7/9/2024,Interviewed,Cohort Full
APP02293,22,Female,Kilifi,Certificate,P006,Mombasa Girls in STEM,7/26/2024,Interviewed,Cohort Full
APP02294,24,Female,Nairobi,Certificate,P006,Mombasa Girls in STEM,6/21/2024,Applied,Incomplete Application
APP02295,26,Female,Nairobi,Diploma,P007,Women Digital Skills,7/7/2024,Interviewed,Declined Offer
APP02296,35,Female,Mombasa,Bachelor's,P004,Africa Code Week,3/19/2025,Enrolled,
APP02297,21,Female,Nakuru,Certificate,P003,Code Hack,4/7/2025,Qualified,Interview Slots Full
APP02298,30,Female,Kilifi,Diploma,P005,Django Girls,7/21/2025,Qualified,No Response
APP02299,26,Female,Tana River,KCSE,P005,Django Girls,7/23/2024,Qualified,Interview Slots Full
APP02300,23,Male,Kwale,Diploma,P008,Web Development Classes,2/15/2025,Applied,Gender Mismatch
APP02301,25,Male,Nairobi,Certificate,P004,Africa Code Week,3/28/2025,Applied,Gender Mismatch
APP02302,20,Female,Tana River,KCSE,P004,Africa Code Week,2/18/2025,Qualified,Interview Slots Full
APP02303,28,Female,Taita Taveta,Master's,P008,Web Development Classes,6/10/2024,Enrolled,
APP02304,35,Female,Nairobi,Bachelor's,P007,Women Digital Skills,3/6/2025,Qualified,Could Not Be Reached
APP02305,34,Female,Kwale,Master's,P001,STEM Cafe Kenya,1/30/2025,Qualified,Could Not Be Reached
APP02306,19,Female,Kwale,Certificate,P008,Web Development Classes,1/31/2025,Enrolled,
APP02307,22,Female,Taita Taveta,Diploma,P005,Django Girls,1/20/2025,Qualified,Could Not Be Reached
APP02308,20,Female,Nakuru,KCSE,P008,Web Development Classes,3/24/2024,Qualified,Could Not Be Reached
APP02309,19,Female,Nairobi,Diploma,P001,STEM Cafe Kenya,4/21/2025,Qualified,Interview Slots Full
APP02310,19,Female,Tana River,KCSE,P002,Technovation,8/11/2024,Qualified,Could Not Be Reached
APP02311,18,Male,Kwale,KCSE,P002,Technovation,1/18/2024,Applied,Gender Mismatch
APP02312,20,Female,Kisumu,Certificate,P002,Technovation,9/5/2025,Qualified,Interview Slots Full
APP02313,23,Female,Lamu,Certificate,P007,Women Digital Skills,9/9/2024,Qualified,Interview Slots Full
APP02314,18,Female,Tana River,Certificate,P002,Technovation,7/3/2025,Applied,Did Not Meet Requirements
APP02315,34,Female,Mombasa,Bachelor's,P004,Africa Code Week,6/1/2025,Qualified,Could Not Be Reached
APP02316,27,Female,Mombasa,KCSE,P001,STEM Cafe Kenya,4/29/2025,Qualified,Could Not Be Reached
APP02317,20,Female,Kisumu,KCSE,P004,Africa Code Week,4/13/2024,Enrolled,
APP02318,22,Female,Kwale,KCSE,P001,STEM Cafe Kenya,2/15/2024,Applied,Incomplete Application
APP02319,30,Female,Mombasa,Bachelor's,P001,STEM Cafe Kenya,1/24/2024,Applied,Incomplete Application
APP02320,29,Female,Nairobi,Bachelor's,P005,Django Girls,1/6/2024,Qualified,Could Not Be Reached
APP02321,31,Female,Lamu,Bachelor's,P004,Africa Code Week,9/28/2024,Applied,Incomplete Application
APP02322,20,Female,Nairobi,KCSE,P008,Web Development Classes,9/16/2025,Qualified,Could Not Be Reached
APP02323,27,Female,Nakuru,Diploma,P008,Web Development Classes,3/13/2025,Applied,Did Not Meet Requirements
APP02324,33,Female,Mombasa,Diploma,P007,Women Digital Skills,4/19/2025,Applied,Did Not Meet Requirements
APP02325,20,Female,Nakuru,Certificate,P001,STEM Cafe Kenya,8/29/2024,Interviewed,Low Interview Score
APP02326,20,Female,Nakuru,KCSE,P003,Code Hack,6/21/2024,Applied,Incomplete Application
APP02327,22,Female,Kwale,Diploma,P004,Africa Code Week,2/26/2025,Qualified,Could Not Be Reached
APP02328,29,Male,Kisumu,Bachelor's,P005,Django Girls,3/23/2025,Applied,Gender Mismatch
APP02329,22,Female,Kilifi,Certificate,P005,Django Girls,8/31/2025,Enrolled,
APP02330,24,Female,Tana River,Certificate,P004,Africa Code Week,9/24/2024,Applied,Did Not Meet Requirements
APP02331,21,Female,Mombasa,KCSE,P001,STEM Cafe Kenya,8/22/2025,Interviewed,Cohort Full
APP02332,19,Female,Nairobi,KCSE,P002,Technovation,4/19/2024,Interviewed,Cohort Full
APP02333,23,Female,Nakuru,KCSE,P002,Technovation,9/18/2025,Applied,Did Not Meet Requirements
APP02334,26,Female,Kilifi,Certificate,P008,Web Development Classes,2/28/2025,Qualified,No Response
APP02335,22,Female,Nairobi,KCSE,P004,Africa Code Week,8/15/2025,Enrolled,
APP02336,26,Female,Mombasa,KCSE,P001,STEM Cafe Kenya,9/27/2025,Qualified,Interview Slots Full
APP02337,28,Female,Nakuru,Bachelor's,P007,Women Digital Skills,8/9/2025,Enrolled,
APP02338,28,Female,Mombasa,Diploma,P001,STEM Cafe Kenya,3/17/2025,Qualified,Interview Slots Full
APP02339,35,Female,Nakuru,Diploma,P003,Code Hack,9/10/2025,Interviewed,Declined Offer
APP02340,22,Female,Mombasa,KCSE,P001,STEM Cafe Kenya,7/6/2025,Applied,Did Not Meet Requirements
APP02341,24,Female,Kisumu,Certificate,P002,Technovation,7/12/2024,Interviewed,Declined Offer
APP02342,26,Female,Kilifi,Certificate,P003,Code Hack,7/23/2024,Applied,Did Not Meet Requirements
APP02343,18,Female,Nakuru,Certificate,P002,Technovation,7/31/2025,Applied,Incomplete Application
APP02344,19,Female,Kisumu,KCSE,P004,Africa Code Week,1/5/2024,Interviewed,Low Interview Score
APP02345,24,Female,Kilifi,Certificate,P008,Web Development Classes,9/7/2025,Enrolled,
APP02346,27,Female,Nairobi,KCSE,P005,Django Girls,4/10/2024,Applied,Incomplete Application
APP02347,27,Female,Nairobi,KCSE,P002,Technovation,6/7/2025,Qualified,Could Not Be Reached
APP02348,23,Female,Kilifi,KCSE,P004,Africa Code Week,9/20/2024,Applied,Did Not Meet Requirements
APP02349,31,Female,Mombasa,Bachelor's,P004,Africa Code Week,1/16/2025,Qualified,No Response
APP02350,19,Female,Tana River,Diploma,P007,Women Digital Skills,2/4/2025,Applied,Incomplete Application
APP02351,19,Female,Taita Taveta,KCSE,P004,Africa Code Week,7/4/2024,Applied,Did Not Meet Requirements
APP02352,25,Female,Nairobi,Certificate,P005,Django Girls,4/28/2024,Qualified,No Response
APP02353,18,Female,Mombasa,Diploma,P002,Technovation,8/7/2024,Interviewed,Low Interview Score
APP02354,22,Female,Kwale,KCSE,P003,Code Hack,6/19/2025,Applied,Did Not Meet Requirements
APP02355,32,Female,Nairobi,Bachelor's,P004,Africa Code Week,4/14/2024,Applied,Incomplete Application
APP02356,25,Female,Nakuru,Certificate,P002,Technovation,7/13/2024,Enrolled,
APP02357,24,Female,Kilifi,Certificate,P001,STEM Cafe Kenya,4/16/2025,Qualified,Could Not Be Reached
APP02358,35,Male,Kisumu,Bachelor's,P001,STEM Cafe Kenya,2/28/2025,Applied,Gender Mismatch
APP02359,28,Female,Nairobi,Diploma,P003,Code Hack,9/29/2024,Applied,Did Not Meet Requirements
APP02360,18,Female,Nairobi,KCSE,P004,Africa Code Week,6/21/2025,Applied,Did Not Meet Requirements
APP02361,24,Female,Nakuru,Certificate,P001,STEM Cafe Kenya,4/14/2025,Qualified,Interview Slots Full
APP02362,28,Female,Mombasa,Bachelor's,P004,Africa Code Week,2/20/2024,Interviewed,Cohort Full
APP02363,22,Female,Kisumu,KCSE,P006,Mombasa Girls in STEM,8/25/2025,Applied,Did Not Meet Requirements
APP02364,23,Female,Kilifi,Certificate,P001,STEM Cafe Kenya,8/23/2024,Applied,Incomplete Application
APP02365,22,Female,Nairobi,KCSE,P003,Code Hack,9/10/2024,Interviewed,Cohort Full
APP02366,34,Female,Tana River,Bachelor's,P006,Mombasa Girls in STEM,2/26/2025,Interviewed,Cohort Full
APP02367,21,Female,Kwale,Certificate,P004,Africa Code Week,4/24/2025,Qualified,Interview Slots Full
APP02368,23,Female,Kilifi,Diploma,P001,STEM Cafe Kenya,3/8/2024,Interviewed,Declined Offer
APP02369,20,Female,Mombasa,Certificate,P003,Code Hack,6/27/2025,Qualified,Could Not Be Reached
APP02370,23,Female,Nakuru,Diploma,P001,STEM Cafe Kenya,8/30/2024,Enrolled,
APP02371,20,Female,Kwale,KCSE,P002,Technovation,2/6/2024,Applied,Incomplete Application
APP02372,22,Female,Tana River,KCSE,P005,Django Girls,3/12/2025,Applied,Incomplete Application
APP02373,21,Female,Nakuru,KCSE,P004,Africa Code Week,3/15/2024,Qualified,No Response
APP02374,29,Female,Nairobi,Bachelor's,P002,Technovation,4/5/2024,Applied,Did Not Meet Requirements
APP02375,22,Female,Mombasa,KCSE,P004,Africa Code Week,6/19/2024,Interviewed,Declined Offer
APP02376,30,Female,Kisumu,Bachelor's,P001,STEM Cafe Kenya,7/20/2025,Applied,Did Not Meet Requirements
APP02377,20,Male,Lamu,KCSE,P008,Web Development Classes,1/1/2024,Applied,Gender Mismatch
APP02378,31,Female,Nakuru,Bachelor's,P004,Africa Code Week,4/18/2025,Qualified,Could Not Be Reached
APP02379,21,Female,Mombasa,Certificate,P004,Africa Code Week,7/29/2025,Applied,Incomplete Application
APP02380,19,Female,Nakuru,Diploma,P005,Django Girls,6/23/2025,Qualified,Could Not Be Reached
APP02381,18,Female,Nakuru,KCSE,P001,STEM Cafe Kenya,2/20/2024,Applied,Did Not Meet Requirements
APP02382,22,Female,Nakuru,KCSE,P004,Africa Code Week,7/9/2024,Interviewed,Cohort Full
APP02383,31,Male,Kilifi,Bachelor's,P004,Africa Code Week,8/27/2024,Applied,Gender Mismatch
APP02384,24,Male,Lamu,Certificate,P002,Technovation,7/19/2025,Applied,Gender Mismatch
APP02385,22,Male,Nairobi,KCSE,P007,Women Digital Skills,7/24/2024,Applied,Gender Mismatch
APP02386,21,Female,Kilifi,Certificate,P006,Mombasa Girls in STEM,4/18/2024,Qualified,No Response
APP02387,27,Female,Mombasa,Diploma,P003,Code Hack,3/5/2024,Qualified,Could Not Be Reached
APP02388,22,Female,Taita Taveta,Certificate,P008,Web Development Classes,6/15/2024,Enrolled,
APP02389,26,Female,Mombasa,Diploma,P004,Africa Code Week,2/6/2024,Applied,Incomplete Application
APP02390,28,Female,Nairobi,Bachelor's,P004,Africa Code Week,2/16/2025,Applied,Incomplete Application
APP02391,19,Female,Mombasa,KCSE,P004,Africa Code Week,6/18/2024,Enrolled,
APP02392,27,Female,Kilifi,Certificate,P007,Women Digital Skills,8/8/2024,Enrolled,
APP02393,21,Female,Nairobi,KCSE,P003,Code Hack,3/29/2025,Enrolled,
APP02394,20,Male,Taita Taveta,KCSE,P008,Web Development Classes,3/14/2025,Applied,Gender Mismatch
APP02395,18,Female,Mombasa,Diploma,P004,Africa Code Week,1/5/2024,Qualified,No Response
APP02396,26,Female,Lamu,KCSE,P002,Technovation,7/30/2024,Qualified,Interview Slots Full
APP02397,35,Female,Taita Taveta,Bachelor's,P002,Technovation,7/3/2025,Interviewed,Cohort Full
APP02398,30,Female,Mombasa,Master's,P003,Code Hack,3/28/2025,Qualified,No Response
APP02399,18,Female,Tana River,KCSE,P001,STEM Cafe Kenya,9/2/2025,Interviewed,Low Interview Score
APP02400,23,Female,Lamu,Certificate,P001,STEM Cafe Kenya,3/2/2024,Interviewed,Cohort Full
APP02401,32,Female,Taita Taveta,Bachelor's,P001,STEM Cafe Kenya,1/19/2024,Enrolled,
APP02402,23,Female,Taita Taveta,Diploma,P002,Technovation,2/9/2025,Qualified,Could Not Be Reached
APP02403,22,Female,Kilifi,KCSE,P004,Africa Code Week,1/25/2025,Applied,Incomplete Application
APP02404,26,Female,Kilifi,Certificate,P002,Technovation,9/7/2025,Applied,Did Not Meet Requirements
APP02405,23,Male,Nairobi,Certificate,P004,Africa Code Week,1/9/2024,Applied,Gender Mismatch
APP02406,21,Female,Nakuru,KCSE,P005,Django Girls,8/20/2024,Interviewed,Declined Offer
APP02407,18,Female,Mombasa,Certificate,P008,Web Development Classes,6/8/2025,Qualified,Interview Slots Full
APP02408,20,Male,Nairobi,KCSE,P004,Africa Code Week,1/11/2024,Applied,Gender Mismatch
APP02409,21,Female,Taita Taveta,KCSE,P006,Mombasa Girls in STEM,9/28/2025,Qualified,No Response
APP02410,26,Female,Nairobi,Diploma,P004,Africa Code Week,4/10/2025,Applied,Incomplete Application
APP02411,19,Female,Lamu,KCSE,P007,Women Digital Skills,6/20/2024,Enrolled,
APP02412,20,Male,Nairobi,Certificate,P004,Africa Code Week,3/3/2024,Applied,Gender Mismatch
APP02413,25,Female,Nakuru,Diploma,P008,Web Development Classes,7/31/2024,Applied,Did Not Meet Requirements
APP02414,27,Male,Mombasa,Diploma,P002,Technovation,8/8/2024,Applied,Gender Mismatch
APP02415,18,Female,Taita Taveta,KCSE,P003,Code Hack,1/1/2024,Qualified,Interview Slots Full
APP02416,21,Female,Mombasa,KCSE,P001,STEM Cafe Kenya,8/15/2025,Qualified,Interview Slots Full
APP02417,30,Female,Kwale,Bachelor's,P002,Technovation,1/28/2025,Enrolled,
APP02418,23,Female,Taita Taveta,Certificate,P008,Web Development Classes,2/7/2024,Qualified,Interview Slots Full
APP02419,22,Female,Nairobi,Certificate,P007,Women Digital Skills,7/18/2025,Applied,Incomplete Application
APP02420,32,Male,Nairobi,Diploma,P006,Mombasa Girls in STEM,8/21/2025,Applied,Gender Mismatch
APP02421,19,Female,Kwale,KCSE,P001,STEM Cafe Kenya,1/31/2024,Applied,Did Not Meet Requirements
APP02422,18,Female,Kilifi,KCSE,P001,STEM Cafe Kenya,1/3/2025,Applied,Incomplete Application
APP02423,22,Female,Lamu,Certificate,P002,Technovation,4/25/2025,Qualified,No Response
APP02424,32,Female,Kisumu,Master's,P005,Django Girls,3/1/2024,Applied,Incomplete Application
APP02425,26,Female,Kilifi,Diploma,P004,Africa Code Week,3/30/2024,Enrolled,
APP02426,20,Female,Nairobi,KCSE,P005,Django Girls,3/23/2024,Applied,Incomplete Application
APP02427,21,Female,Lamu,KCSE,P007,Women Digital Skills,6/6/2024,Interviewed,Declined Offer
APP02428,22,Female,Nairobi,Diploma,P006,Mombasa Girls in STEM,3/16/2025,Qualified,No Response
APP02429,24,Female,Lamu,Certificate,P002,Technovation,8/21/2025,Qualified,No Response
APP02430,35,Female,Nakuru,Bachelor's,P002,Technovation,6/16/2025,Qualified,Could Not Be Reached
APP02431,19,Female,Lamu,Diploma,P008,Web Development Classes,8/2/2025,Qualified,Could Not Be Reached
APP02432,21,Female,Lamu,KCSE,P001,STEM Cafe Kenya,8/2/2024,Interviewed,Low Interview Score
APP02433,18,Female,Nairobi,Certificate,P001,STEM Cafe Kenya,2/15/2025,Qualified,Could Not Be Reached
APP02434,22,Male,Kisumu,KCSE,P002,Technovation,2/22/2025,Applied,Gender Mismatch
APP02435,26,Male,Nakuru,Certificate,P007,Women Digital Skills,4/15/2025,Applied,Gender Mismatch
APP02436,20,Female,Mombasa,KCSE,P002,Technovation,9/28/2025,Applied,Incomplete Application
APP02437,21,Female,Lamu,KCSE,P004,Africa Code Week,6/29/2025,Applied,Incomplete Application
APP02438,26,Female,Kwale,Diploma,P001,STEM Cafe Kenya,9/15/2025,Interviewed,Cohort Full
APP02439,20,Female,Mombasa,Certificate,P002,Technovation,7/29/2025,Enrolled,
APP02440,18,Female,Taita Taveta,KCSE,P005,Django Girls,4/17/2024,Applied,Did Not Meet Requirements
APP02441,21,Male,Lamu,KCSE,P004,Africa Code Week,6/23/2025,Applied,Gender Mismatch
APP02442,18,Female,Kisumu,KCSE,P006,Mombasa Girls in STEM,2/26/2025,Applied,Did Not Meet Requirements
APP02443,25,Male,Tana River,Certificate,P005,Django Girls,6/15/2024,Applied,Gender Mismatch
APP02444,22,Female,Kilifi,Diploma,P001,STEM Cafe Kenya,3/30/2025,Qualified,No Response
APP02445,22,Female,Nakuru,KCSE,P002,Technovation,2/4/2024,Applied,Incomplete Application
APP02446,25,Female,Mombasa,Diploma,P002,Technovation,8/13/2025,Enrolled,
APP02447,22,Female,Taita Taveta,Certificate,P002,Technovation,6/28/2024,Applied,Incomplete Application
APP02448,35,Female,Kilifi,Bachelor's,P006,Mombasa Girls in STEM,7/24/2025,Enrolled,
APP02449,23,Male,Mombasa,Diploma,P004,Africa Code Week,8/22/2025,Applied,Gender Mismatch
APP02450,24,Female,Nairobi,Certificate,P001,STEM Cafe Kenya,6/28/2025,Qualified,No Response
APP02451,23,Female,Kisumu,KCSE,P004,Africa Code Week,9/13/2024,Interviewed,Declined Offer
APP02452,23,Female,Nairobi,Certificate,P001,STEM Cafe Kenya,8/14/2025,Applied,Incomplete Application
APP02453,22,Female,Tana River,Certificate,P002,Technovation,6/18/2025,Applied,Incomplete Application
APP02454,31,Female,Nairobi,Bachelor's,P004,Africa Code Week,2/19/2025,Qualified,No Response
APP02455,31,Female,Taita Taveta,Bachelor's,P006,Mombasa Girls in STEM,7/14/2025,Applied,Incomplete Application
APP02456,22,Female,Nakuru,KCSE,P008,Web Development Classes,1/22/2024,Qualified,No Response
APP02457,26,Female,Nairobi,Certificate,P001,STEM Cafe Kenya,9/18/2025,Interviewed,Cohort Full
APP02458,30,Female,Kisumu,Bachelor's,P004,Africa Code Week,7/20/2025,Qualified,No Response
APP02459,23,Female,Nakuru,KCSE,P006,Mombasa Girls in STEM,9/25/2025,Interviewed,Cohort Full
APP02460,23,Female,Nakuru,Diploma,P008,Web Development Classes,6/16/2024,Applied,Did Not Meet Requirements
APP02461,20,Female,Kisumu,Certificate,P005,Django Girls,9/21/2024,Applied,Incomplete Application
APP02462,27,Female,Lamu,Certificate,P005,Django Girls,3/27/2024,Qualified,Could Not Be Reached
APP02463,29,Female,Nakuru,Bachelor's,P002,Technovation,6/25/2025,Applied,Incomplete Application
APP02464,29,Female,Nakuru,Bachelor's,P005,Django Girls,4/10/2025,Interviewed,Cohort Full
APP02465,22,Female,Nairobi,KCSE,P001,STEM Cafe Kenya,9/24/2025,Qualified,Interview Slots Full
APP02466,23,Male,Nakuru,Diploma,P004,Africa Code Week,1/16/2024,Applied,Gender Mismatch
APP02467,26,Female,Kisumu,Bachelor's,P001,STEM Cafe Kenya,2/28/2024,Enrolled,
APP02468,22,Female,Nairobi,KCSE,P007,Women Digital Skills,8/1/2025,Applied,Did Not Meet Requirements
APP02469,27,Female,Tana River,Certificate,P001,STEM Cafe Kenya,2/17/2025,Qualified,No Response
APP02470,20,Female,Mombasa,Certificate,P004,Africa Code Week,8/26/2025,Enrolled,
APP02471,24,Male,Kwale,Diploma,P002,Technovation,7/9/2025,Applied,Gender Mismatch
APP02472,23,Female,Taita Taveta,Certificate,P004,Africa Code Week,3/2/2024,Enrolled,
APP02473,30,Female,Nakuru,Bachelor's,P004,Africa Code Week,1/22/2025,Qualified,Interview Slots Full
APP02474,22,Female,Mombasa,KCSE,P003,Code Hack,3/18/2024,Interviewed,Low Interview Score
APP02475,31,Female,Nakuru,Bachelor's,P002,Technovation,9/1/2024,Qualified,No Response
APP02476,33,Female,Mombasa,Diploma,P003,Code Hack,3/4/2024,Applied,Did Not Meet Requirements
APP02477,25,Female,Mombasa,Diploma,P005,Django Girls,9/16/2025,Qualified,Could Not Be Reached
APP02478,22,Female,Nairobi,Certificate,P006,Mombasa Girls in STEM,6/22/2025,Interviewed,Cohort Full
APP02479,25,Female,Mombasa,Diploma,P001,STEM Cafe Kenya,8/4/2024,Applied,Incomplete Application
APP02480,34,Male,Kilifi,Master's,P003,Code Hack,6/25/2024,Applied,Gender Mismatch
APP02481,25,Female,Kwale,Certificate,P004,Africa Code Week,2/4/2024,Interviewed,Low Interview Score
APP02482,18,Female,Kilifi,KCSE,P001,STEM Cafe Kenya,4/11/2025,Qualified,Interview Slots Full
APP02483,18,Female,Nairobi,Certificate,P003,Code Hack,1/6/2025,Qualified,No Response
APP02484,27,Female,Mombasa,Diploma,P001,STEM Cafe Kenya,3/13/2024,Qualified,No Response
APP02485,19,Female,Nairobi,Certificate,P007,Women Digital Skills,8/23/2025,Enrolled,
APP02486,32,Male,Nakuru,Master's,P007,Women Digital Skills,7/7/2024,Applied,Gender Mismatch
APP02487,19,Female,Nakuru,KCSE,P001,STEM Cafe Kenya,7/28/2025,Applied,Did Not Meet Requirements
APP02488,24,Female,Nairobi,Diploma,P005,Django Girls,8/21/2025,Qualified,Interview Slots Full
APP02489,18,Female,Taita Taveta,KCSE,P008,Web Development Classes,4/14/2025,Qualified,No Response
APP02490,18,Female,Taita Taveta,KCSE,P007,Women Digital Skills,8/21/2025,Interviewed,Cohort Full
APP02491,20,Female,Kilifi,KCSE,P002,Technovation,7/31/2024,Applied,Incomplete Application
APP02492,27,Female,Tana River,Diploma,P002,Technovation,3/28/2025,Qualified,Interview Slots Full
APP02493,25,Female,Kisumu,KCSE,P005,Django Girls,6/2/2025,Interviewed,Low Interview Score
APP02494,23,Male,Mombasa,Diploma,P001,STEM Cafe Kenya,3/31/2024,Applied,Gender Mismatch
APP02495,25,Female,Kisumu,Diploma,P004,Africa Code Week,6/26/2025,Enrolled,
APP02496,23,Female,Mombasa,Diploma,P001,STEM Cafe Kenya,8/28/2025,Interviewed,Low Interview Score
APP02497,27,Female,Kisumu,Certificate,P003,Code Hack,6/24/2025,Enrolled,
APP02498,28,Female,Mombasa,Bachelor's,P002,Technovation,7/25/2024,Applied,Incomplete Application
APP02499,20,Female,Kisumu,KCSE,P001,STEM Cafe Kenya,3/26/2025,Qualified,No Response
APP02500,27,Female,Lamu,Diploma,P004,Africa Code Week,3/9/2025,Applied,Did Not Meet Requirements
APP02501,24,Female,Nakuru,Diploma,P003,Code Hack,9/30/2024,Applied,Did Not Meet Requirements
APP02502,20,Female,Nairobi,Certificate,P008,Web Development Classes,7/23/2025,Qualified,Could Not Be Reached
APP02503,20,Female,Kilifi,KCSE,P003,Code Hack,3/21/2024,Applied,Incomplete Application
APP02504,21,Female,Nakuru,KCSE,P001,STEM Cafe Kenya,6/12/2025,Interviewed,Declined Offer
APP02505,18,Female,Lamu,KCSE,P001,STEM Cafe Kenya,7/4/2024,Applied,Did Not Meet Requirements
APP02506,34,Female,Nairobi,Diploma,P002,Technovation,3/3/2025,Applied,Did Not Meet Requirements
APP02507,26,Male,Mombasa,Diploma,P008,Web Development Classes,2/16/2024,Applied,Gender Mismatch
APP02508,18,Female,Nakuru,KCSE,P005,Django Girls,3/25/2025,Applied,Did Not Meet Requirements
APP02509,32,Female,Kilifi,Bachelor's,P008,Web Development Classes,7/6/2025,Enrolled,
APP02510,22,Male,Kisumu,Certificate,P002,Technovation,1/4/2025,Applied,Gender Mismatch
APP02511,23,Male,Mombasa,Diploma,P008,Web Development Classes,2/21/2024,Applied,Gender Mismatch
APP02512,22,Female,Nakuru,Certificate,P004,Africa Code Week,3/1/2024,Applied,Did Not Meet Requirements
APP02513,21,Female,Kwale,KCSE,P008,Web Development Classes,8/15/2024,Qualified,No Response
APP02514,19,Female,Nairobi,KCSE,P004,Africa Code Week,7/16/2025,Qualified,Could Not Be Reached
APP02515,25,Female,Mombasa,KCSE,P001,STEM Cafe Kenya,6/14/2024,Applied,Did Not Meet Requirements
APP02516,27,Female,Kwale,Certificate,P007,Women Digital Skills,9/25/2024,Interviewed,Cohort Full
APP02517,34,Female,Mombasa,Bachelor's,P001,STEM Cafe Kenya,1/23/2025,Applied,Incomplete Application
APP02518,27,Female,Mombasa,Certificate,P008,Web Development Classes,9/6/2024,Enrolled,
APP02519,25,Female,Nairobi,Certificate,P001,STEM Cafe Kenya,3/26/2024,Applied,Incomplete Application
APP02520,27,Female,Nairobi,KCSE,P004,Africa Code Week,2/10/2025,Applied,Did Not Meet Requirements
APP02521,26,Female,Taita Taveta,Diploma,P001,STEM Cafe Kenya,8/4/2025,Enrolled,
APP02522,26,Female,Kisumu,KCSE,P003,Code Hack,3/22/2025,Enrolled,
APP02523,25,Male,Mombasa,KCSE,P003,Code Hack,4/30/2025,Applied,Gender Mismatch
APP02524,24,Female,Lamu,Certificate,P001,STEM Cafe Kenya,3/25/2025,Applied,Incomplete Application
APP02525,22,Female,Tana River,KCSE,P001,STEM Cafe Kenya,7/23/2024,Enrolled,
APP02526,21,Female,Mombasa,KCSE,P004,Africa Code Week,1/10/2024,Interviewed,Cohort Full
APP02527,19,Female,Kwale,KCSE,P004,Africa Code Week,4/20/2025,Applied,Did Not Meet Requirements
APP02528,18,Female,Nakuru,KCSE,P004,Africa Code Week,6/20/2024,Qualified,No Response
APP02529,27,Female,Kwale,Diploma,P001,STEM Cafe Kenya,4/4/2025,Qualified,No Response
APP02530,23,Male,Tana River,Diploma,P001,STEM Cafe Kenya,6/30/2025,Applied,Gender Mismatch
APP02531,23,Female,Kisumu,KCSE,P001,STEM Cafe Kenya,4/2/2024,Interviewed,Low Interview Score
APP02532,20,Female,Kilifi,KCSE,P005,Django Girls,9/20/2025,Enrolled,
APP02533,34,Female,Nakuru,Diploma,P004,Africa Code Week,7/18/2024,Applied,Incomplete Application
APP02534,20,Female,Nairobi,KCSE,P008,Web Development Classes,6/14/2025,Qualified,No Response
APP02535,20,Female,Lamu,KCSE,P007,Women Digital Skills,6/16/2025,Interviewed,Cohort Full
APP02536,19,Male,Nairobi,KCSE,P004,Africa Code Week,1/28/2024,Applied,Gender Mismatch
APP02537,32,Female,Nairobi,Bachelor's,P005,Django Girls,1/15/2025,Qualified,Interview Slots Full
APP02538,31,Female,Mombasa,Bachelor's,P004,Africa Code Week,7/16/2025,Interviewed,Low Interview Score
APP02539,22,Female,Kwale,KCSE,P001,STEM Cafe Kenya,3/2/2024,Interviewed,Low Interview Score
APP02540,20,Female,Kilifi,Certificate,P003,Code Hack,8/30/2024,Qualified,Could Not Be Reached
APP02541,27,Female,Lamu,KCSE,P008,Web Development Classes,2/17/2024,Qualified,Could Not Be Reached
APP02542,31,Female,Tana River,Bachelor's,P001,STEM Cafe Kenya,1/14/2024,Qualified,No Response
APP02543,30,Female,Nairobi,Bachelor's,P001,STEM Cafe Kenya,8/24/2024,Enrolled,
APP02544,29,Female,Nairobi,Bachelor's,P002,Technovation,2/10/2025,Applied,Incomplete Application
APP02545,33,Female,Taita Taveta,Bachelor's,P001,STEM Cafe Kenya,1/10/2025,Interviewed,Cohort Full
APP02546,20,Male,Nakuru,KCSE,P004,Africa Code Week,4/24/2024,Applied,Gender Mismatch
APP02547,18,Female,Kilifi,Certificate,P004,Africa Code Week,9/18/2024,Applied,Incomplete Application
APP02548,31,Female,Kwale,Bachelor's,P006,Mombasa Girls in STEM,8/20/2025,Applied,Incomplete Application
APP02549,26,Female,Nakuru,KCSE,P002,Technovation,1/26/2024,Qualified,No Response
APP02550,19,Female,Mombasa,Diploma,P005,Django Girls,3/12/2024,Interviewed,Cohort Full
APP02551,24,Female,Tana River,Certificate,P002,Technovation,1/28/2025,Enrolled,
APP02552,20,Male,Kilifi,KCSE,P006,Mombasa Girls in STEM,8/25/2024,Applied,Gender Mismatch
APP02553,18,Female,Nairobi,KCSE,P004,Africa Code Week,3/5/2024,Enrolled,
APP02554,18,Female,Kilifi,KCSE,P006,Mombasa Girls in STEM,2/27/2024,Applied,Did Not Meet Requirements
APP02555,34,Female,Kisumu,Bachelor's,P006,Mombasa Girls in STEM,9/27/2025,Qualified,No Response
APP02556,24,Female,Kwale,Certificate,P003,Code Hack,8/6/2025,Applied,Incomplete Application
APP02557,19,Female,Nairobi,KCSE,P004,Africa Code Week,4/22/2025,Applied,Did Not Meet Requirements
APP02558,31,Female,Tana River,Diploma,P001,STEM Cafe Kenya,2/19/2024,Qualified,Could Not Be Reached
APP02559,20,Female,Nairobi,KCSE,P007,Women Digital Skills,4/29/2024,Applied,Did Not Meet Requirements
APP02560,20,Female,Kwale,KCSE,P002,Technovation,3/16/2025,Applied,Did Not Meet Requirements
APP02561,19,Female,Nairobi,KCSE,P003,Code Hack,9/27/2024,Applied,Incomplete Application
APP02562,30,Female,Mombasa,Bachelor's,P003,Code Hack,2/21/2024,Interviewed,Cohort Full
APP02563,25,Female,Kwale,Certificate,P002,Technovation,6/6/2024,Qualified,No Response
APP02564,20,Female,Tana River,KCSE,P002,Technovation,4/8/2025,Applied,Did Not Meet Requirements
APP02565,31,Female,Lamu,Bachelor's,P007,Women Digital Skills,2/11/2024,Applied,Did Not Meet Requirements
APP02566,35,Female,Nairobi,Master's,P002,Technovation,9/27/2025,Qualified,No Response
APP02567,18,Female,Taita Taveta,KCSE,P005,Django Girls,2/15/2025,Applied,Did Not Meet Requirements
APP02568,32,Female,Kisumu,Bachelor's,P001,STEM Cafe Kenya,6/12/2024,Qualified,Could Not Be Reached
APP02569,33,Female,Taita Taveta,Bachelor's,P001,STEM Cafe Kenya,7/2/2024,Interviewed,Declined Offer
APP02570,27,Female,Nakuru,Diploma,P002,Technovation,9/27/2024,Applied,Incomplete Application
APP02571,20,Female,Lamu,KCSE,P004,Africa Code Week,3/29/2024,Applied,Incomplete Application
APP02572,18,Female,Kilifi,Diploma,P001,STEM Cafe Kenya,3/11/2024,Qualified,Could Not Be Reached
APP02573,23,Female,Kisumu,Diploma,P003,Code Hack,7/25/2025,Enrolled,
APP02574,27,Female,Kwale,Diploma,P001,STEM Cafe Kenya,9/18/2025,Interviewed,Low Interview Score
APP02575,19,Female,Taita Taveta,Certificate,P005,Django Girls,6/2/2025,Applied,Incomplete Application
APP02576,20,Female,Kilifi,KCSE,P001,STEM Cafe Kenya,8/2/2025,Qualified,Could Not Be Reached
APP02577,22,Female,Mombasa,Certificate,P008,Web Development Classes,1/7/2025,Enrolled,
APP02578,21,Female,Kwale,Certificate,P004,Africa Code Week,8/6/2024,Qualified,No Response
APP02579,26,Male,Kisumu,KCSE,P004,Africa Code Week,8/1/2025,Applied,Gender Mismatch
APP02580,35,Female,Kisumu,Diploma,P002,Technovation,3/21/2024,Enrolled,
APP02581,24,Female,Taita Taveta,Diploma,P001,STEM Cafe Kenya,4/20/2025,Applied,Did Not Meet Requirements
APP02582,26,Female,Taita Taveta,Bachelor's,P008,Web Development Classes,6/26/2024,Qualified,Interview Slots Full
APP02583,26,Female,Mombasa,Bachelor's,P005,Django Girls,7/14/2024,Enrolled,
APP02584,21,Male,Kilifi,KCSE,P001,STEM Cafe Kenya,7/22/2024,Applied,Gender Mismatch
APP02585,19,Female,Nakuru,KCSE,P002,Technovation,4/16/2024,Qualified,Interview Slots Full
APP02586,26,Female,Mombasa,Diploma,P005,Django Girls,7/12/2024,Interviewed,Low Interview Score
APP02587,23,Female,Kwale,Certificate,P008,Web Development Classes,1/10/2024,Interviewed,Cohort Full
APP02588,23,Female,Kisumu,Diploma,P002,Technovation,1/25/2024,Applied,Did Not Meet Requirements
APP02589,23,Female,Nairobi,KCSE,P001,STEM Cafe Kenya,1/11/2024,Interviewed,Declined Offer
APP02590,24,Female,Nakuru,Certificate,P003,Code Hack,3/31/2025,Applied,Did Not Meet Requirements
APP02591,23,Female,Mombasa,Diploma,P004,Africa Code Week,8/20/2025,Applied,Incomplete Application
APP02592,21,Female,Kisumu,KCSE,P001,STEM Cafe Kenya,8/28/2025,Qualified,Could Not Be Reached
APP02593,23,Female,Nairobi,Bachelor's,P001,STEM Cafe Kenya,1/9/2024,Qualified,Interview Slots Full
APP02594,20,Female,Nairobi,KCSE,P008,Web Development Classes,6/22/2024,Qualified,Could Not Be Reached
APP02595,33,Male,Kwale,Diploma,P003,Code Hack,1/4/2024,Applied,Gender Mismatch
APP02596,18,Female,Lamu,KCSE,P008,Web Development Classes,6/11/2025,Applied,Incomplete Application
APP02597,31,Female,Mombasa,Master's,P004,Africa Code Week,7/30/2024,Applied,Did Not Meet Requirements
APP02598,24,Female,Kilifi,Certificate,P007,Women Digital Skills,3/16/2024,Enrolled,
APP02599,19,Female,Mombasa,KCSE,P001,STEM Cafe Kenya,1/4/2025,Qualified,Interview Slots Full
APP02600,21,Female,Mombasa,Certificate,P007,Women Digital Skills,1/15/2024,Qualified,Could Not Be Reached
APP02601,22,Female,Nairobi,KCSE,P003,Code Hack,9/27/2024,Interviewed,Low Interview Score
APP02602,24,Female,Mombasa,Certificate,P006,Mombasa Girls in STEM,3/11/2024,Interviewed,Low Interview Score
APP02603,24,Female,Kisumu,Certificate,P002,Technovation,6/18/2024,Qualified,No Response
APP02604,25,Female,Kwale,Certificate,P002,Technovation,2/10/2025,Enrolled,
APP02605,21,Female,Nairobi,KCSE,P006,Mombasa Girls in STEM,4/11/2025,Qualified,No Response
APP02606,29,Female,Mombasa,Diploma,P002,Technovation,4/20/2024,Qualified,Interview Slots Full
APP02607,33,Female,Mombasa,Bachelor's,P002,Technovation,1/1/2024,Applied,Did Not Meet Requirements
APP02608,19,Female,Nakuru,Diploma,P003,Code Hack,3/3/2025,Enrolled,
APP02609,20,Female,Nairobi,Diploma,P005,Django Girls,9/25/2024,Qualified,Could Not Be Reached
APP02610,22,Female,Nakuru,KCSE,P005,Django Girls,2/19/2025,Applied,Incomplete Application
APP02611,23,Female,Taita Taveta,Diploma,P001,STEM Cafe Kenya,7/26/2024,Applied,Incomplete Application
APP02612,27,Female,Kilifi,Certificate,P004,Africa Code Week,1/23/2025,Applied,Incomplete Application
APP02613,20,Female,Kwale,Certificate,P001,STEM Cafe Kenya,6/14/2024,Qualified,Could Not Be Reached
APP02614,24,Female,Kilifi,Certificate,P006,Mombasa Girls in STEM,3/16/2024,Qualified,Could Not Be Reached
APP02615,18,Female,Mombasa,KCSE,P001,STEM Cafe Kenya,8/21/2024,Qualified,No Response
APP02616,21,Female,Kisumu,KCSE,P004,Africa Code Week,7/13/2025,Qualified,No Response
APP02617,34,Female,Mombasa,Bachelor's,P008,Web Development Classes,9/17/2025,Qualified,Interview Slots Full
APP02618,23,Female,Kisumu,KCSE,P004,Africa Code Week,2/20/2024,Applied,Incomplete Application
APP02619,21,Female,Kwale,KCSE,P004,Africa Code Week,7/13/2024,Applied,Did Not Meet Requirements
APP02620,19,Female,Mombasa,KCSE,P004,Africa Code Week,9/19/2025,Applied,Incomplete Application
APP02621,20,Female,Mombasa,KCSE,P008,Web Development Classes,1/28/2024,Qualified,Interview Slots Full
APP02622,23,Female,Tana River,Bachelor's,P008,Web Development Classes,4/26/2025,Applied,Incomplete Application
APP02623,21,Female,Mombasa,KCSE,P002,Technovation,2/13/2025,Interviewed,Cohort Full
APP02624,22,Female,Tana River,KCSE,P003,Code Hack,7/29/2024,Enrolled,
APP02625,22,Female,Mombasa,KCSE,P001,STEM Cafe Kenya,7/17/2024,Interviewed,Declined Offer
APP02626,23,Female,Mombasa,KCSE,P004,Africa Code Week,4/24/2024,Applied,Did Not Meet Requirements
APP02627,24,Female,Kilifi,KCSE,P002,Technovation,8/2/2024,Qualified,Interview Slots Full
APP02628,21,Female,Kilifi,KCSE,P002,Technovation,7/12/2024,Qualified,Could Not Be Reached
APP02629,31,Female,Kwale,Bachelor's,P003,Code Hack,1/24/2024,Interviewed,Cohort Full
APP02630,32,Female,Taita Taveta,Bachelor's,P001,STEM Cafe Kenya,7/23/2025,Applied,Did Not Meet Requirements
APP02631,27,Female,Mombasa,Certificate,P002,Technovation,2/9/2025,Enrolled,
APP02632,23,Female,Nakuru,Certificate,P004,Africa Code Week,2/21/2025,Applied,Did Not Meet Requirements
APP02633,22,Female,Kisumu,Certificate,P007,Women Digital Skills,7/27/2025,Applied,Did Not Meet Requirements
APP02634,22,Female,Nairobi,Certificate,P004,Africa Code Week,6/14/2024,Applied,Did Not Meet Requirements
APP02635,31,Female,Kilifi,Diploma,P001,STEM Cafe Kenya,2/15/2025,Enrolled,
APP02636,29,Female,Mombasa,Diploma,P004,Africa Code Week,3/3/2024,Qualified,Interview Slots Full
APP02637,27,Female,Kisumu,Certificate,P001,STEM Cafe Kenya,8/31/2024,Interviewed,Declined Offer
APP02638,19,Female,Tana River,Certificate,P004,Africa Code Week,6/8/2025,Applied,Did Not Meet Requirements
APP02639,21,Female,Kilifi,KCSE,P001,STEM Cafe Kenya,4/29/2025,Applied,Did Not Meet Requirements
APP02640,26,Female,Nairobi,Certificate,P002,Technovation,6/8/2025,Applied,Incomplete Application
APP02641,18,Female,Taita Taveta,KCSE,P008,Web Development Classes,9/11/2024,Applied,Incomplete Application
APP02642,25,Female,Kwale,Diploma,P001,STEM Cafe Kenya,3/9/2024,Enrolled,
APP02643,27,Female,Nairobi,Certificate,P008,Web Development Classes,6/18/2024,Interviewed,Low Interview Score
APP02644,18,Female,Nairobi,KCSE,P008,Web Development Classes,9/7/2025,Qualified,Interview Slots Full
APP02645,23,Female,Kwale,KCSE,P002,Technovation,9/7/2024,Interviewed,Low Interview Score
APP02646,22,Female,Kwale,KCSE,P004,Africa Code Week,2/6/2025,Interviewed,Declined Offer
APP02647,22,Female,Kisumu,Diploma,P008,Web Development Classes,7/30/2024,Applied,Incomplete Application
APP02648,22,Female,Nairobi,KCSE,P004,Africa Code Week,8/5/2025,Qualified,Could Not Be Reached
APP02649,24,Female,Lamu,Bachelor's,P001,STEM Cafe Kenya,6/14/2025,Qualified,No Response
APP02650,33,Female,Nairobi,Diploma,P003,Code Hack,8/3/2024,Enrolled,
APP02651,24,Female,Mombasa,Diploma,P005,Django Girls,2/20/2025,Applied,Did Not Meet Requirements
APP02652,20,Male,Mombasa,KCSE,P005,Django Girls,8/26/2025,Applied,Gender Mismatch
APP02653,25,Female,Nakuru,Certificate,P002,Technovation,1/23/2025,Qualified,Interview Slots Full
APP02654,21,Female,Tana River,KCSE,P002,Technovation,6/19/2024,Applied,Incomplete Application
APP02655,21,Female,Nakuru,KCSE,P003,Code Hack,3/20/2024,Interviewed,Declined Offer
APP02656,18,Female,Mombasa,Certificate,P004,Africa Code Week,2/9/2024,Enrolled,
APP02657,21,Female,Nairobi,KCSE,P003,Code Hack,1/28/2024,Qualified,No Response
APP02658,20,Female,Tana River,KCSE,P008,Web Development Classes,7/15/2024,Applied,Incomplete Application
APP02659,24,Female,Kilifi,Diploma,P006,Mombasa Girls in STEM,7/5/2025,Applied,Incomplete Application
APP02660,28,Female,Nairobi,Diploma,P008,Web Development Classes,9/21/2024,Applied,Did Not Meet Requirements
APP02661,21,Female,Tana River,KCSE,P004,Africa Code Week,7/26/2024,Interviewed,Cohort Full
APP02662,27,Male,Mombasa,Certificate,P004,Africa Code Week,2/26/2024,Applied,Gender Mismatch
APP02663,22,Female,Mombasa,Diploma,P007,Women Digital Skills,3/6/2024,Interviewed,Declined Offer
APP02664,30,Female,Nakuru,Bachelor's,P008,Web Development Classes,1/26/2025,Applied,Incomplete Application
APP02665,27,Female,Mombasa,Certificate,P002,Technovation,3/23/2025,Applied,Did Not Meet Requirements
APP02666,20,Female,Tana River,KCSE,P004,Africa Code Week,2/23/2024,Enrolled,
APP02667,27,Female,Nakuru,Certificate,P006,Mombasa Girls in STEM,8/10/2024,Qualified,Could Not Be Reached
APP02668,22,Female,Taita Taveta,KCSE,P004,Africa Code Week,7/29/2025,Enrolled,
APP02669,24,Female,Nairobi,Diploma,P007,Women Digital Skills,8/7/2024,Interviewed,Low Interview Score
APP02670,20,Female,Lamu,KCSE,P004,Africa Code Week,1/19/2025,Applied,Incomplete Application
APP02671,19,Male,Kwale,KCSE,P001,STEM Cafe Kenya,9/4/2025,Applied,Gender Mismatch
APP02672,18,Female,Nairobi,KCSE,P005,Django Girls,2/1/2025,Enrolled,
APP02673,32,Female,Mombasa,Bachelor's,P004,Africa Code Week,4/4/2025,Qualified,Interview Slots Full
APP02674,23,Female,Kwale,KCSE,P007,Women Digital Skills,3/4/2024,Applied,Incomplete Application
APP02675,21,Female,Lamu,KCSE,P007,Women Digital Skills,3/27/2025,Enrolled,
APP02676,18,Female,Kilifi,Diploma,P001,STEM Cafe Kenya,6/25/2025,Interviewed,Cohort Full
APP02677,24,Female,Nairobi,Certificate,P003,Code Hack,7/4/2024,Qualified,Could Not Be Reached
APP02678,20,Female,Kilifi,KCSE,P006,Mombasa Girls in STEM,2/20/2024,Qualified,Interview Slots Full
APP02679,30,Female,Kisumu,Bachelor's,P003,Code Hack,7/9/2024,Qualified,Interview Slots Full
APP02680,18,Female,Nairobi,KCSE,P007,Women Digital Skills,1/17/2025,Applied,Incomplete Application
APP02681,18,Female,Kisumu,KCSE,P003,Code Hack,8/31/2025,Applied,Incomplete Application
APP02682,21,Female,Kwale,KCSE,P006,Mombasa Girls in STEM,7/14/2025,Qualified,No Response
APP02683,25,Female,Mombasa,Bachelor's,P006,Mombasa Girls in STEM,9/14/2024,Applied,Did Not Meet Requirements
APP02684,18,Female,Nairobi,Certificate,P001,STEM Cafe Kenya,6/22/2025,Interviewed,Declined Offer
APP02685,24,Female,Kilifi,Diploma,P001,STEM Cafe Kenya,2/14/2025,Enrolled,
APP02686,21,Female,Taita Taveta,KCSE,P004,Africa Code Week,2/20/2024,Applied,Incomplete Application
APP02687,27,Female,Kisumu,Diploma,P002,Technovation,8/14/2025,Applied,Did Not Meet Requirements
APP02688,22,Female,Mombasa,KCSE,P008,Web Development Classes,3/19/2025,Qualified,No Response
APP02689,22,Female,Tana River,KCSE,P002,Technovation,6/1/2024,Enrolled,
APP02690,22,Female,Kisumu,Diploma,P005,Django Girls,4/30/2024,Applied,Incomplete Application
APP02691,21,Female,Kisumu,KCSE,P001,STEM Cafe Kenya,9/6/2025,Qualified,Interview Slots Full
APP02692,24,Female,Kisumu,KCSE,P004,Africa Code Week,9/12/2025,Interviewed,Cohort Full
APP02693,18,Male,Kwale,Certificate,P005,Django Girls,6/25/2024,Applied,Gender Mismatch
APP02694,30,Female,Kilifi,Bachelor's,P004,Africa Code Week,9/15/2024,Applied,Incomplete Application
APP02695,23,Female,Kwale,KCSE,P001,STEM Cafe Kenya,6/28/2024,Enrolled,
APP02696,18,Female,Kwale,KCSE,P003,Code Hack,8/4/2024,Enrolled,
APP02697,18,Female,Kwale,KCSE,P002,Technovation,2/17/2024,Enrolled,
APP02698,26,Female,Nairobi,Diploma,P004,Africa Code Week,3/20/2025,Enrolled,
APP02699,24,Female,Mombasa,Certificate,P001,STEM Cafe Kenya,1/27/2025,Qualified,No Response
APP02700,19,Female,Kilifi,KCSE,P001,STEM Cafe Kenya,4/27/2025,Qualified,Could Not Be Reached
APP02701,33,Female,Nairobi,Bachelor's,P001,STEM Cafe Kenya,2/18/2024,Qualified,Could Not Be Reached
APP02702,23,Female,Mombasa,Certificate,P008,Web Development Classes,1/29/2025,Applied,Did Not Meet Requirements
APP02703,34,Female,Lamu,Bachelor's,P008,Web Development Classes,6/1/2024,Qualified,No Response
APP02704,21,Female,Kilifi,KCSE,P002,Technovation,2/18/2025,Enrolled,
APP02705,33,Male,Lamu,Bachelor's,P007,Women Digital Skills,9/3/2024,Applied,Gender Mismatch
APP02706,20,Female,Kilifi,KCSE,P002,Technovation,9/8/2024,Qualified,Could Not Be Reached
APP02707,24,Female,Nakuru,Diploma,P004,Africa Code Week,8/24/2024,Qualified,Interview Slots Full
APP02708,19,Female,Kwale,KCSE,P004,Africa Code Week,6/28/2024,Qualified,No Response
APP02709,24,Female,Mombasa,Bachelor's,P005,Django Girls,4/13/2024,Qualified,No Response
APP02710,18,Female,Tana River,Diploma,P002,Technovation,9/28/2025,Qualified,Interview Slots Full
APP02711,32,Female,Mombasa,Master's,P004,Africa Code Week,3/19/2024,Enrolled,
APP02712,21,Female,Nakuru,KCSE,P005,Django Girls,4/21/2024,Applied,Incomplete Application
APP02713,31,Female,Mombasa,Bachelor's,P007,Women Digital Skills,1/16/2025,Applied,Incomplete Application
APP02714,23,Female,Kisumu,Diploma,P007,Women Digital Skills,7/31/2025,Applied,Incomplete Application
APP02715,23,Female,Kwale,Certificate,P004,Africa Code Week,1/30/2025,Interviewed,Cohort Full
APP02716,33,Female,Kwale,Diploma,P004,Africa Code Week,2/28/2024,Qualified,No Response
APP02717,19,Male,Kilifi,Diploma,P004,Africa Code Week,6/19/2024,Applied,Gender Mismatch
APP02718,18,Female,Kilifi,KCSE,P001,STEM Cafe Kenya,4/17/2024,Applied,Incomplete Application
APP02719,30,Female,Mombasa,Master's,P004,Africa Code Week,7/13/2025,Qualified,Interview Slots Full
APP02720,21,Female,Tana River,KCSE,P006,Mombasa Girls in STEM,7/2/2024,Qualified,No Response
APP02721,20,Male,Taita Taveta,KCSE,P004,Africa Code Week,4/10/2025,Applied,Gender Mismatch
APP02722,19,Female,Nairobi,KCSE,P007,Women Digital Skills,3/3/2024,Qualified,Interview Slots Full
APP02723,25,Female,Nairobi,Diploma,P007,Women Digital Skills,9/2/2025,Qualified,No Response
APP02724,34,Female,Mombasa,Bachelor's,P003,Code Hack,1/13/2025,Interviewed,Cohort Full
APP02725,26,Female,Mombasa,KCSE,P005,Django Girls,7/13/2024,Qualified,Could Not Be Reached
APP02726,21,Female,Nairobi,Certificate,P004,Africa Code Week,9/26/2024,Applied,Did Not Meet Requirements
APP02727,25,Female,Kisumu,Certificate,P004,Africa Code Week,8/7/2025,Interviewed,Low Interview Score
APP02728,31,Female,Kisumu,Diploma,P004,Africa Code Week,2/21/2025,Qualified,Could Not Be Reached
APP02729,24,Female,Nairobi,Certificate,P005,Django Girls,1/23/2024,Applied,Incomplete Application
APP02730,28,Female,Mombasa,Bachelor's,P008,Web Development Classes,3/16/2025,Applied,Did Not Meet Requirements
APP02731,29,Female,Nairobi,Bachelor's,P004,Africa Code Week,1/20/2024,Interviewed,Low Interview Score
APP02732,20,Female,Nairobi,KCSE,P004,Africa Code Week,4/17/2024,Applied,Did Not Meet Requirements
APP02733,25,Female,Kilifi,Diploma,P006,Mombasa Girls in STEM,9/15/2024,Applied,Incomplete Application
APP02734,19,Female,Tana River,KCSE,P006,Mombasa Girls in STEM,8/24/2025,Qualified,Interview Slots Full
APP02735,21,Female,Mombasa,KCSE,P002,Technovation,9/20/2024,Interviewed,Low Interview Score
APP02736,31,Female,Mombasa,Master's,P005,Django Girls,2/8/2024,Qualified,Interview Slots Full
APP02737,18,Female,Kisumu,KCSE,P008,Web Development Classes,9/23/2024,Interviewed,Declined Offer
APP02738,22,Female,Kisumu,Diploma,P007,Women Digital Skills,7/17/2024,Interviewed,Cohort Full
APP02739,20,Female,Lamu,KCSE,P004,Africa Code Week,2/18/2025,Enrolled,
APP02740,34,Female,Mombasa,Bachelor's,P001,STEM Cafe Kenya,8/21/2025,Enrolled,
APP02741,20,Male,Mombasa,KCSE,P005,Django Girls,3/22/2024,Applied,Gender Mismatch
APP02742,26,Female,Kilifi,Certificate,P003,Code Hack,1/30/2025,Applied,Did Not Meet Requirements
APP02743,22,Female,Mombasa,KCSE,P006,Mombasa Girls in STEM,8/18/2024,Interviewed,Cohort Full
APP02744,24,Female,Kisumu,Certificate,P001,STEM Cafe Kenya,2/20/2025,Enrolled,
APP02745,23,Female,Kwale,Certificate,P001,STEM Cafe Kenya,1/9/2025,Applied,Did Not Meet Requirements
APP02746,20,Female,Nairobi,Certificate,P004,Africa Code Week,6/14/2024,Qualified,Could Not Be Reached
APP02747,19,Female,Kisumu,KCSE,P004,Africa Code Week,3/25/2024,Interviewed,Low Interview Score
APP02748,28,Female,Kwale,Diploma,P003,Code Hack,1/5/2024,Applied,Incomplete Application
APP02749,22,Female,Kisumu,KCSE,P004,Africa Code Week,9/13/2025,Interviewed,Low Interview Score
APP02750,18,Female,Kilifi,KCSE,P007,Women Digital Skills,8/9/2025,Qualified,Could Not Be Reached
APP02751,22,Female,Nakuru,Diploma,P006,Mombasa Girls in STEM,1/22/2024,Qualified,No Response
APP02752,18,Female,Kisumu,KCSE,P002,Technovation,6/18/2024,Interviewed,Declined Offer
APP02753,19,Male,Kisumu,KCSE,P005,Django Girls,8/31/2025,Applied,Gender Mismatch
APP02754,23,Male,Taita Taveta,Certificate,P005,Django Girls,9/3/2025,Applied,Gender Mismatch
APP02755,25,Female,Nakuru,Certificate,P004,Africa Code Week,3/7/2025,Applied,Incomplete Application
APP02756,21,Female,Tana River,KCSE,P001,STEM Cafe Kenya,4/20/2025,Qualified,Interview Slots Full
APP02757,26,Female,Lamu,KCSE,P008,Web Development Classes,3/25/2024,Interviewed,Cohort Full
APP02758,19,Female,Kilifi,Certificate,P005,Django Girls,9/27/2024,Qualified,No Response
APP02759,29,Female,Kwale,Bachelor's,P005,Django Girls,4/24/2024,Enrolled,
APP02760,23,Female,Mombasa,Diploma,P001,STEM Cafe Kenya,3/31/2024,Qualified,No Response
APP02761,19,Female,Mombasa,Diploma,P004,Africa Code Week,7/13/2024,Applied,Incomplete Application
APP02762,22,Male,Nairobi,KCSE,P003,Code Hack,1/3/2025,Applied,Gender Mismatch
APP02763,22,Female,Nakuru,KCSE,P004,Africa Code Week,6/8/2025,Interviewed,Declined Offer
APP02764,26,Female,Kisumu,Bachelor's,P004,Africa Code Week,6/27/2024,Interviewed,Cohort Full
APP02765,22,Female,Nairobi,Diploma,P001,STEM Cafe Kenya,6/12/2025,Interviewed,Low Interview Score
APP02766,35,Female,Kilifi,Bachelor's,P005,Django Girls,8/13/2024,Applied,Incomplete Application
APP02767,25,Female,Mombasa,Diploma,P002,Technovation,1/25/2024,Applied,Incomplete Application
APP02768,19,Male,Nairobi,KCSE,P002,Technovation,8/22/2025,Applied,Gender Mismatch
APP02769,22,Male,Nakuru,KCSE,P004,Africa Code Week,9/13/2025,Applied,Gender Mismatch
APP02770,23,Female,Nairobi,Diploma,P004,Africa Code Week,8/14/2024,Applied,Did Not Meet Requirements
APP02771,19,Female,Mombasa,KCSE,P003,Code Hack,3/18/2025,Qualified,No Response
APP02772,22,Male,Kisumu,KCSE,P001,STEM Cafe Kenya,6/3/2024,Applied,Gender Mismatch
APP02773,21,Female,Kisumu,KCSE,P003,Code Hack,9/22/2024,Qualified,Interview Slots Full
APP02774,24,Female,Mombasa,Certificate,P002,Technovation,4/12/2025,Qualified,Could Not Be Reached
APP02775,27,Female,Mombasa,Certificate,P003,Code Hack,9/2/2025,Applied,Incomplete Application
APP02776,18,Female,Mombasa,Diploma,P005,Django Girls,6/9/2025,Enrolled,
APP02777,22,Female,Kilifi,Diploma,P004,Africa Code Week,2/27/2024,Qualified,Interview Slots Full
APP02778,26,Female,Nakuru,Diploma,P003,Code Hack,9/13/2024,Qualified,Interview Slots Full
APP02779,29,Female,Nakuru,Master's,P002,Technovation,2/12/2024,Enrolled,
APP02780,20,Female,Kisumu,KCSE,P001,STEM Cafe Kenya,9/26/2025,Applied,Incomplete Application
APP02781,20,Female,Nakuru,KCSE,P005,Django Girls,8/25/2024,Applied,Did Not Meet Requirements
APP02782,27,Female,Kisumu,Certificate,P004,Africa Code Week,4/27/2025,Interviewed,Cohort Full
APP02783,33,Female,Tana River,Bachelor's,P001,STEM Cafe Kenya,3/28/2025,Qualified,Interview Slots Full
APP02784,26,Female,Kisumu,Diploma,P002,Technovation,3/10/2025,Enrolled,
APP02785,20,Female,Kwale,KCSE,P005,Django Girls,3/2/2024,Interviewed,Declined Offer
APP02786,32,Female,Tana River,Diploma,P001,STEM Cafe Kenya,6/16/2025,Qualified,No Response
APP02787,26,Female,Nairobi,Certificate,P003,Code Hack,3/7/2025,Qualified,Could Not Be Reached
APP02788,19,Female,Kilifi,KCSE,P004,Africa Code Week,7/6/2024,Interviewed,Cohort Full
APP02789,27,Female,Nairobi,KCSE,P008,Web Development Classes,7/5/2024,Interviewed,Declined Offer
APP02790,22,Female,Nairobi,KCSE,P008,Web Development Classes,9/18/2024,Qualified,Could Not Be Reached
APP02791,28,Male,Taita Taveta,Diploma,P003,Code Hack,2/19/2024,Applied,Gender Mismatch
APP02792,27,Female,Nakuru,KCSE,P003,Code Hack,1/6/2024,Qualified,Interview Slots Full
APP02793,26,Female,Kilifi,Bachelor's,P001,STEM Cafe Kenya,3/5/2024,Qualified,No Response
APP02794,20,Female,Mombasa,KCSE,P004,Africa Code Week,9/20/2025,Enrolled,
APP02795,25,Female,Lamu,Diploma,P003,Code Hack,1/24/2025,Interviewed,Declined Offer
APP02796,19,Female,Nairobi,Certificate,P004,Africa Code Week,4/5/2024,Qualified,Interview Slots Full
APP02797,28,Female,Kwale,Bachelor's,P008,Web Development Classes,2/3/2025,Enrolled,
APP02798,18,Female,Nakuru,KCSE,P006,Mombasa Girls in STEM,6/24/2025,Applied,Incomplete Application
APP02799,23,Female,Lamu,Diploma,P004,Africa Code Week,6/10/2024,Qualified,Interview Slots Full
APP02800,25,Male,Nairobi,Certificate,P008,Web Development Classes,3/22/2025,Applied,Gender Mismatch
APP02801,27,Female,Kilifi,Bachelor's,P004,Africa Code Week,1/13/2024,Qualified,Could Not Be Reached
APP02802,25,Female,Nairobi,Diploma,P002,Technovation,3/10/2024,Applied,Incomplete Application
APP02803,20,Female,Taita Taveta,KCSE,P004,Africa Code Week,7/15/2024,Qualified,Interview Slots Full
APP02804,18,Female,Tana River,KCSE,P005,Django Girls,8/26/2024,Qualified,No Response
APP02805,33,Female,Mombasa,Diploma,P002,Technovation,6/12/2024,Applied,Incomplete Application
APP02806,25,Female,Kilifi,KCSE,P002,Technovation,8/15/2025,Applied,Incomplete Application
APP02807,18,Female,Mombasa,KCSE,P004,Africa Code Week,8/23/2025,Qualified,Interview Slots Full
APP02808,35,Female,Nairobi,Diploma,P004,Africa Code Week,6/9/2024,Applied,Incomplete Application
APP02809,21,Female,Tana River,KCSE,P002,Technovation,7/8/2025,Applied,Incomplete Application
APP02810,19,Female,Nairobi,KCSE,P007,Women Digital Skills,3/31/2024,Interviewed,Cohort Full
APP02811,21,Female,Kilifi,KCSE,P003,Code Hack,7/1/2025,Qualified,Interview Slots Full
APP02812,25,Female,Kilifi,Bachelor's,P005,Django Girls,4/12/2025,Qualified,Could Not Be Reached
APP02813,30,Female,Kisumu,Diploma,P004,Africa Code Week,9/17/2024,Interviewed,Cohort Full
APP02814,20,Female,Kilifi,Certificate,P005,Django Girls,8/31/2024,Interviewed,Low Interview Score
APP02815,22,Female,Nakuru,KCSE,P003,Code Hack,1/20/2024,Interviewed,Declined Offer
APP02816,23,Female,Kilifi,Diploma,P008,Web Development Classes,8/17/2025,Qualified,No Response
APP02817,20,Female,Lamu,KCSE,P001,STEM Cafe Kenya,9/29/2024,Applied,Did Not Meet Requirements
APP02818,19,Female,Kilifi,KCSE,P003,Code Hack,9/10/2024,Applied,Incomplete Application
APP02819,19,Female,Kisumu,Certificate,P001,STEM Cafe Kenya,2/28/2025,Enrolled,
APP02820,19,Female,Kilifi,KCSE,P002,Technovation,2/25/2024,Applied,Did Not Meet Requirements
APP02821,24,Female,Kisumu,Diploma,P007,Women Digital Skills,9/8/2024,Interviewed,Low Interview Score
APP02822,18,Female,Kilifi,KCSE,P007,Women Digital Skills,2/18/2025,Qualified,Interview Slots Full
APP02823,25,Female,Nairobi,Diploma,P007,Women Digital Skills,9/12/2025,Qualified,Could Not Be Reached
APP02824,24,Female,Nairobi,Diploma,P008,Web Development Classes,3/22/2024,Applied,Incomplete Application
APP02825,35,Female,Nairobi,Diploma,P002,Technovation,7/9/2024,Applied,Did Not Meet Requirements
APP02826,24,Female,Kisumu,KCSE,P004,Africa Code Week,7/22/2025,Applied,Incomplete Application
APP02827,27,Female,Nakuru,Certificate,P008,Web Development Classes,4/10/2024,Interviewed,Declined Offer
APP02828,29,Male,Kilifi,Diploma,P008,Web Development Classes,8/4/2025,Applied,Gender Mismatch
APP02829,27,Female,Mombasa,Diploma,P001,STEM Cafe Kenya,6/2/2024,Applied,Did Not Meet Requirements
APP02830,22,Female,Mombasa,Diploma,P007,Women Digital Skills,3/25/2024,Qualified,No Response
APP02831,25,Female,Tana River,Certificate,P006,Mombasa Girls in STEM,2/12/2025,Qualified,Could Not Be Reached
APP02832,22,Female,Lamu,KCSE,P008,Web Development Classes,6/17/2024,Applied,Did Not Meet Requirements
APP02833,26,Female,Kisumu,Diploma,P004,Africa Code Week,7/5/2024,Enrolled,
APP02834,18,Female,Nakuru,Certificate,P005,Django Girls,4/22/2025,Qualified,Could Not Be Reached
APP02835,26,Female,Lamu,Diploma,P004,Africa Code Week,1/29/2025,Qualified,Could Not Be Reached
APP02836,21,Female,Kisumu,Diploma,P006,Mombasa Girls in STEM,7/3/2025,Interviewed,Declined Offer
APP02837,20,Female,Mombasa,KCSE,P003,Code Hack,4/22/2025,Enrolled,
APP02838,32,Female,Lamu,Diploma,P005,Django Girls,6/13/2024,Qualified,No Response
APP02839,34,Female,Mombasa,Bachelor's,P001,STEM Cafe Kenya,4/19/2025,Applied,Incomplete Application
APP02840,20,Female,Mombasa,Certificate,P001,STEM Cafe Kenya,9/7/2024,Interviewed,Low Interview Score
APP02841,24,Female,Mombasa,Certificate,P004,Africa Code Week,6/22/2025,Qualified,Could Not Be Reached
APP02842,31,Female,Taita Taveta,Bachelor's,P004,Africa Code Week,7/24/2024,Applied,Did Not Meet Requirements
APP02843,20,Female,Kwale,KCSE,P004,Africa Code Week,1/20/2025,Enrolled,
APP02844,27,Female,Kwale,Certificate,P001,STEM Cafe Kenya,2/29/2024,Interviewed,Cohort Full
APP02845,19,Female,Taita Taveta,KCSE,P002,Technovation,6/23/2025,Applied,Incomplete Application
APP02846,22,Female,Kwale,KCSE,P003,Code Hack,4/21/2024,Qualified,Could Not Be Reached
APP02847,20,Female,Nairobi,KCSE,P001,STEM Cafe Kenya,7/23/2025,Applied,Incomplete Application
APP02848,33,Female,Kwale,Bachelor's,P006,Mombasa Girls in STEM,4/2/2024,Interviewed,Cohort Full
APP02849,23,Female,Kwale,Diploma,P003,Code Hack,4/30/2025,Qualified,No Response
APP02850,27,Female,Nairobi,Certificate,P003,Code Hack,4/8/2025,Interviewed,Cohort Full
APP02851,26,Female,Kwale,Certificate,P003,Code Hack,4/9/2025,Qualified,Interview Slots Full
APP02852,23,Female,Nairobi,Certificate,P006,Mombasa Girls in STEM,9/16/2025,Qualified,Interview Slots Full
APP02853,34,Female,Nairobi,Bachelor's,P001,STEM Cafe Kenya,4/17/2024,Applied,Incomplete Application
APP02854,19,Female,Kilifi,KCSE,P002,Technovation,6/26/2025,Interviewed,Declined Offer
APP02855,18,Female,Mombasa,KCSE,P007,Women Digital Skills,8/27/2025,Applied,Incomplete Application
APP02856,27,Female,Kwale,Diploma,P001,STEM Cafe Kenya,7/27/2025,Interviewed,Declined Offer
APP02857,23,Male,Kilifi,Diploma,P001,STEM Cafe Kenya,8/6/2024,Applied,Gender Mismatch
APP02858,34,Female,Nakuru,Diploma,P002,Technovation,4/24/2024,Enrolled,
APP02859,20,Male,Kilifi,KCSE,P005,Django Girls,6/26/2024,Applied,Gender Mismatch
APP02860,34,Male,Kisumu,Master's,P007,Women Digital Skills,3/5/2024,Applied,Gender Mismatch
APP02861,24,Female,Nairobi,Diploma,P005,Django Girls,2/5/2024,Qualified,Interview Slots Full
APP02862,25,Female,Kilifi,Certificate,P001,STEM Cafe Kenya,1/1/2024,Qualified,Could Not Be Reached
APP02863,22,Female,Nairobi,Diploma,P005,Django Girls,8/25/2024,Applied,Did Not Meet Requirements
APP02864,20,Female,Nairobi,Certificate,P003,Code Hack,4/8/2025,Interviewed,Low Interview Score
APP02865,21,Female,Nairobi,Diploma,P007,Women Digital Skills,9/20/2024,Interviewed,Cohort Full
APP02866,25,Female,Lamu,Certificate,P007,Women Digital Skills,4/4/2025,Qualified,Could Not Be Reached
APP02867,20,Female,Taita Taveta,KCSE,P004,Africa Code Week,3/25/2024,Enrolled,
APP02868,24,Female,Kwale,Diploma,P003,Code Hack,9/16/2025,Applied,Incomplete Application
APP02869,33,Male,Kwale,Master's,P004,Africa Code Week,6/9/2024,Applied,Gender Mismatch
APP02870,22,Male,Kwale,KCSE,P005,Django Girls,4/25/2024,Applied,Gender Mismatch
APP02871,21,Female,Kisumu,Certificate,P002,Technovation,8/3/2025,Applied,Incomplete Application
APP02872,22,Female,Lamu,KCSE,P002,Technovation,3/4/2024,Qualified,Could Not Be Reached
APP02873,23,Female,Kilifi,Diploma,P003,Code Hack,4/3/2024,Enrolled,
APP02874,19,Female,Kilifi,KCSE,P004,Africa Code Week,4/11/2024,Applied,Did Not Meet Requirements
APP02875,18,Female,Mombasa,KCSE,P006,Mombasa Girls in STEM,9/21/2025,Enrolled,
APP02876,21,Female,Mombasa,KCSE,P002,Technovation,2/15/2024,Enrolled,
APP02877,27,Female,Mombasa,Diploma,P002,Technovation,1/7/2025,Interviewed,Low Interview Score
APP02878,21,Female,Kisumu,Certificate,P004,Africa Code Week,9/11/2024,Applied,Incomplete Application
APP02879,27,Female,Nakuru,Diploma,P006,Mombasa Girls in STEM,7/5/2024,Applied,Incomplete Application
APP02880,23,Female,Kisumu,KCSE,P001,STEM Cafe Kenya,1/10/2025,Enrolled,
APP02881,23,Female,Lamu,KCSE,P005,Django Girls,3/29/2025,Applied,Incomplete Application
APP02882,24,Female,Nakuru,Diploma,P001,STEM Cafe Kenya,9/16/2024,Applied,Did Not Meet Requirements
APP02883,27,Female,Lamu,Certificate,P001,STEM Cafe Kenya,4/1/2024,Applied,Incomplete Application
APP02884,24,Female,Lamu,Bachelor's,P006,Mombasa Girls in STEM,4/23/2025,Interviewed,Declined Offer
APP02885,34,Female,Mombasa,Bachelor's,P006,Mombasa Girls in STEM,1/26/2024,Applied,Did Not Meet Requirements
APP02886,27,Female,Taita Taveta,Diploma,P001,STEM Cafe Kenya,1/7/2024,Interviewed,Declined Offer
APP02887,25,Female,Kisumu,Certificate,P003,Code Hack,9/15/2024,Applied,Incomplete Application
APP02888,20,Female,Nairobi,KCSE,P004,Africa Code Week,8/6/2025,Applied,Incomplete Application
APP02889,23,Male,Mombasa,Diploma,P003,Code Hack,1/5/2024,Applied,Gender Mismatch
APP02890,19,Female,Kwale,Certificate,P001,STEM Cafe Kenya,1/7/2024,Applied,Incomplete Application
APP02891,25,Female,Mombasa,KCSE,P006,Mombasa Girls in STEM,7/4/2025,Interviewed,Declined Offer
APP02892,26,Female,Kisumu,Certificate,P003,Code Hack,7/27/2025,Qualified,No Response
APP02893,23,Female,Lamu,KCSE,P001,STEM Cafe Kenya,6/10/2024,Interviewed,Cohort Full
APP02894,28,Female,Nairobi,Bachelor's,P004,Africa Code Week,8/17/2025,Qualified,Could Not Be Reached
APP02895,24,Male,Nairobi,Diploma,P005,Django Girls,9/13/2024,Applied,Gender Mismatch
APP02896,26,Female,Kilifi,KCSE,P002,Technovation,8/12/2024,Qualified,Interview Slots Full
APP02897,22,Female,Mombasa,KCSE,P007,Women Digital Skills,7/8/2025,Enrolled,
APP02898,24,Female,Mombasa,Certificate,P004,Africa Code Week,1/22/2025,Qualified,Interview Slots Full
APP02899,20,Female,Kisumu,KCSE,P008,Web Development Classes,4/26/2024,Enrolled,
APP02900,22,Female,Nakuru,KCSE,P004,Africa Code Week,8/25/2025,Applied,Did Not Meet Requirements
APP02901,35,Female,Tana River,Bachelor's,P001,STEM Cafe Kenya,8/28/2025,Interviewed,Declined Offer
APP02902,21,Female,Kilifi,KCSE,P004,Africa Code Week,4/1/2025,Applied,Incomplete Application
APP02903,29,Female,Mombasa,Bachelor's,P002,Technovation,6/8/2025,Interviewed,Cohort Full
APP02904,23,Female,Kilifi,Diploma,P002,Technovation,7/3/2024,Qualified,Could Not Be Reached
APP02905,27,Female,Lamu,Diploma,P002,Technovation,6/10/2024,Qualified,Could Not Be Reached
APP02906,18,Female,Nakuru,KCSE,P003,Code Hack,9/26/2025,Applied,Did Not Meet Requirements
APP02907,32,Female,Mombasa,Master's,P004,Africa Code Week,3/11/2024,Qualified,Could Not Be Reached
APP02908,19,Female,Nairobi,KCSE,P006,Mombasa Girls in STEM,4/23/2025,Qualified,Could Not Be Reached
APP02909,19,Female,Kwale,KCSE,P002,Technovation,4/13/2024,Enrolled,
APP02910,26,Female,Mombasa,Bachelor's,P004,Africa Code Week,9/13/2024,Qualified,Could Not Be Reached
APP02911,21,Female,Nairobi,Certificate,P001,STEM Cafe Kenya,1/23/2024,Applied,Did Not Meet Requirements
APP02912,19,Female,Nairobi,KCSE,P004,Africa Code Week,6/19/2024,Applied,Did Not Meet Requirements
APP02913,24,Female,Kwale,Diploma,P002,Technovation,6/27/2025,Qualified,No Response
APP02914,29,Female,Nakuru,Bachelor's,P003,Code Hack,1/18/2025,Enrolled,
APP02915,27,Female,Kilifi,Certificate,P008,Web Development Classes,3/27/2025,Qualified,No Response
APP02916,29,Female,Mombasa,Master's,P006,Mombasa Girls in STEM,8/28/2024,Qualified,Could Not Be Reached
APP02917,29,Male,Kilifi,Bachelor's,P004,Africa Code Week,9/19/2024,Applied,Gender Mismatch
APP02918,25,Female,Nairobi,Diploma,P002,Technovation,6/27/2024,Interviewed,Cohort Full
APP02919,22,Female,Kilifi,Certificate,P004,Africa Code Week,9/13/2024,Qualified,No Response
APP02920,22,Female,Kwale,KCSE,P003,Code Hack,2/16/2025,Interviewed,Cohort Full
APP02921,21,Female,Nakuru,KCSE,P008,Web Development Classes,2/12/2024,Interviewed,Low Interview Score
APP02922,19,Female,Kilifi,KCSE,P004,Africa Code Week,3/23/2025,Qualified,Interview Slots Full
APP02923,32,Female,Nakuru,Diploma,P008,Web Development Classes,9/22/2025,Enrolled,
APP02924,25,Female,Kilifi,Certificate,P005,Django Girls,8/4/2024,Qualified,Could Not Be Reached
APP02925,29,Female,Kwale,Bachelor's,P003,Code Hack,3/15/2024,Enrolled,
APP02926,19,Female,Kilifi,Diploma,P006,Mombasa Girls in STEM,4/29/2025,Applied,Incomplete Application
APP02927,20,Female,Lamu,KCSE,P001,STEM Cafe Kenya,9/4/2025,Enrolled,
APP02928,20,Female,Taita Taveta,KCSE,P008,Web Development Classes,4/12/2024,Interviewed,Declined Offer
APP02929,19,Female,Kisumu,KCSE,P005,Django Girls,9/28/2024,Applied,Did Not Meet Requirements
APP02930,19,Female,Nakuru,KCSE,P004,Africa Code Week,8/6/2025,Applied,Did Not Meet Requirements
APP02931,26,Female,Kilifi,Certificate,P002,Technovation,7/28/2025,Applied,Incomplete Application
APP02932,35,Female,Kwale,Master's,P004,Africa Code Week,6/26/2025,Qualified,No Response
APP02933,31,Female,Mombasa,Bachelor's,P008,Web Development Classes,3/4/2025,Interviewed,Cohort Full
APP02934,18,Female,Tana River,KCSE,P001,STEM Cafe Kenya,6/25/2025,Applied,Incomplete Application
APP02935,24,Female,Kwale,KCSE,P006,Mombasa Girls in STEM,4/7/2024,Qualified,Could Not Be Reached
APP02936,23,Female,Nakuru,Certificate,P008,Web Development Classes,6/10/2025,Enrolled,
APP02937,31,Female,Kilifi,Master's,P008,Web Development Classes,4/24/2025,Enrolled,
APP02938,24,Female,Kilifi,KCSE,P006,Mombasa Girls in STEM,3/8/2025,Qualified,Interview Slots Full
APP02939,19,Female,Lamu,Diploma,P003,Code Hack,9/27/2025,Enrolled,
APP02940,26,Female,Nairobi,Diploma,P003,Code Hack,4/2/2024,Qualified,No Response
APP02941,25,Female,Nairobi,Certificate,P007,Women Digital Skills,8/23/2025,Enrolled,
APP02942,21,Female,Nakuru,Certificate,P004,Africa Code Week,7/20/2025,Applied,Did Not Meet Requirements
APP02943,18,Female,Tana River,KCSE,P004,Africa Code Week,4/23/2024,Applied,Incomplete Application
APP02944,27,Female,Kisumu,KCSE,P005,Django Girls,6/21/2024,Applied,Did Not Meet Requirements
APP02945,31,Female,Mombasa,Bachelor's,P004,Africa Code Week,6/5/2025,Applied,Incomplete Application
APP02946,18,Female,Nakuru,KCSE,P002,Technovation,4/7/2024,Qualified,Interview Slots Full
APP02947,28,Female,Lamu,Diploma,P002,Technovation,4/14/2024,Applied,Did Not Meet Requirements
APP02948,25,Female,Nakuru,Certificate,P003,Code Hack,3/15/2025,Qualified,Interview Slots Full
APP02949,19,Male,Mombasa,Diploma,P003,Code Hack,7/20/2024,Applied,Gender Mismatch
APP02950,22,Female,Kisumu,KCSE,P004,Africa Code Week,2/1/2024,Applied,Did Not Meet Requirements
APP02951,21,Female,Mombasa,KCSE,P001,STEM Cafe Kenya,4/2/2024,Applied,Incomplete Application
APP02952,35,Male,Kilifi,Bachelor's,P002,Technovation,8/31/2024,Applied,Gender Mismatch
APP02953,22,Female,Lamu,Certificate,P004,Africa Code Week,2/10/2024,Enrolled,
APP02954,27,Female,Mombasa,Diploma,P002,Technovation,9/1/2024,Applied,Incomplete Application
APP02955,33,Female,Nairobi,Diploma,P008,Web Development Classes,3/27/2025,Qualified,No Response
APP02956,24,Female,Nakuru,KCSE,P003,Code Hack,1/16/2025,Qualified,No Response
APP02957,25,Female,Lamu,KCSE,P005,Django Girls,6/25/2025,Qualified,Could Not Be Reached
APP02958,26,Female,Mombasa,Diploma,P002,Technovation,8/5/2025,Interviewed,Low Interview Score
APP02959,25,Female,Kwale,Diploma,P004,Africa Code Week,8/31/2024,Applied,Did Not Meet Requirements
APP02960,26,Male,Taita Taveta,Certificate,P004,Africa Code Week,9/7/2024,Applied,Gender Mismatch
APP02961,20,Female,Lamu,Certificate,P008,Web Development Classes,1/1/2024,Applied,Did Not Meet Requirements
APP02962,30,Female,Tana River,Diploma,P002,Technovation,4/10/2025,Qualified,Could Not Be Reached
APP02963,23,Male,Mombasa,Diploma,P006,Mombasa Girls in STEM,2/25/2024,Applied,Gender Mismatch
APP02964,21,Female,Nakuru,KCSE,P004,Africa Code Week,3/12/2025,Applied,Incomplete Application
APP02965,24,Male,Nakuru,Certificate,P002,Technovation,6/29/2025,Applied,Gender Mismatch
APP02966,18,Female,Kisumu,KCSE,P005,Django Girls,3/27/2024,Applied,Incomplete Application
APP02967,20,Female,Lamu,KCSE,P003,Code Hack,9/15/2025,Interviewed,Declined Offer
APP02968,21,Female,Kilifi,Certificate,P001,STEM Cafe Kenya,3/6/2024,Enrolled,
APP02969,32,Female,Nairobi,Bachelor's,P001,STEM Cafe Kenya,3/25/2024,Interviewed,Declined Offer
APP02970,22,Female,Kisumu,KCSE,P004,Africa Code Week,4/12/2024,Interviewed,Cohort Full
APP02971,22,Female,Mombasa,KCSE,P003,Code Hack,7/26/2025,Applied,Incomplete Application
APP02972,26,Female,Mombasa,Certificate,P008,Web Development Classes,8/27/2024,Applied,Did Not Meet Requirements
APP02973,30,Female,Mombasa,Bachelor's,P003,Code Hack,6/13/2024,Applied,Incomplete Application
APP02974,26,Female,Kwale,Diploma,P006,Mombasa Girls in STEM,1/5/2025,Applied,Incomplete Application
APP02975,22,Female,Taita Taveta,KCSE,P004,Africa Code Week,8/29/2025,Applied,Incomplete Application
APP02976,25,Female,Nairobi,Diploma,P002,Technovation,7/8/2024,Enrolled,
APP02977,22,Female,Tana River,KCSE,P002,Technovation,2/7/2024,Interviewed,Declined Offer
APP02978,19,Female,Kisumu,KCSE,P002,Technovation,9/22/2025,Qualified,Interview Slots Full
APP02979,35,Female,Mombasa,Diploma,P006,Mombasa Girls in STEM,2/20/2024,Applied,Incomplete Application
APP02980,25,Female,Mombasa,Certificate,P008,Web Development Classes,1/4/2024,Qualified,Interview Slots Full
APP02981,20,Female,Nairobi,Certificate,P005,Django Girls,4/28/2025,Qualified,Interview Slots Full
APP02982,23,Male,Nairobi,Bachelor's,P002,Technovation,7/3/2025,Applied,Gender Mismatch
APP02983,35,Female,Kwale,Master's,P004,Africa Code Week,4/29/2024,Qualified,Could Not Be Reached
APP02984,26,Female,Nairobi,Diploma,P001,STEM Cafe Kenya,8/24/2025,Interviewed,Cohort Full
APP02985,21,Female,Kwale,KCSE,P008,Web Development Classes,9/25/2025,Enrolled,
APP02986,30,Female,Kilifi,Diploma,P005,Django Girls,6/22/2024,Applied,Did Not Meet Requirements
APP02987,28,Female,Kisumu,Master's,P001,STEM Cafe Kenya,6/12/2025,Interviewed,Declined Offer
APP02988,31,Female,Kwale,Diploma,P007,Women Digital Skills,7/21/2025,Applied,Did Not Meet Requirements
APP02989,22,Female,Mombasa,KCSE,P004,Africa Code Week,8/10/2024,Interviewed,Cohort Full
APP02990,21,Female,Kwale,Diploma,P004,Africa Code Week,3/14/2024,Applied,Did Not Meet Requirements
APP02991,28,Female,Kisumu,Master's,P008,Web Development Classes,9/15/2024,Applied,Incomplete Application
APP02992,25,Female,Nairobi,Diploma,P003,Code Hack,3/4/2024,Applied,Incomplete Application
APP02993,26,Female,Kilifi,Certificate,P003,Code Hack,1/25/2024,Qualified,Could Not Be Reached
APP02994,20,Female,Kilifi,KCSE,P003,Code Hack,7/23/2024,Applied,Did Not Meet Requirements
APP02995,21,Female,Lamu,KCSE,P002,Technovation,6/30/2024,Enrolled,
APP02996,25,Female,Mombasa,Certificate,P002,Technovation,7/4/2024,Applied,Incomplete Application
APP02997,20,Female,Lamu,KCSE,P005,Django Girls,6/25/2024,Qualified,Interview Slots Full
APP02998,20,Female,Kwale,Certificate,P001,STEM Cafe Kenya,2/2/2024,Applied,Incomplete Application
APP02999,34,Female,Kilifi,Diploma,P002,Technovation,3/30/2025,Applied,Incomplete Application
APP03000,18,Female,Taita Taveta,KCSE,P008,Web Development Classes,2/8/2025,Applied,Incomplete Application
APP03001,20,Female,Kisumu,Diploma,P007,Women Digital Skills,3/17/2024,Enrolled,
APP03002,27,Female,Mombasa,Diploma,P005,Django Girls,4/30/2025,Interviewed,Low Interview Score
APP03003,31,Female,Mombasa,Bachelor's,P003,Code Hack,8/22/2024,Applied,Did Not Meet Requirements
APP03004,23,Male,Nairobi,Certificate,P003,Code Hack,4/4/2025,Applied,Gender Mismatch
APP03005,24,Female,Kwale,Diploma,P001,STEM Cafe Kenya,3/22/2024,Qualified,Could Not Be Reached
APP03006,19,Male,Lamu,KCSE,P005,Django Girls,4/19/2024,Applied,Gender Mismatch
APP03007,20,Female,Mombasa,Diploma,P004,Africa Code Week,1/8/2025,Interviewed,Cohort Full
APP03008,33,Male,Lamu,Bachelor's,P005,Django Girls,9/21/2024,Applied,Gender Mismatch
APP03009,23,Female,Mombasa,Bachelor's,P008,Web Development Classes,7/1/2024,Applied,Did Not Meet Requirements
APP03010,32,Female,Mombasa,Bachelor's,P001,STEM Cafe Kenya,4/21/2025,Enrolled,
APP03011,21,Female,Kilifi,KCSE,P002,Technovation,1/10/2025,Applied,Incomplete Application
APP03012,22,Female,Mombasa,Diploma,P001,STEM Cafe Kenya,9/4/2024,Qualified,No Response
APP03013,24,Female,Nakuru,Certificate,P002,Technovation,2/16/2025,Applied,Incomplete Application
APP03014,18,Male,Nakuru,KCSE,P006,Mombasa Girls in STEM,4/4/2025,Applied,Gender Mismatch
APP03015,22,Female,Nakuru,KCSE,P005,Django Girls,2/3/2024,Qualified,Could Not Be Reached
APP03016,20,Female,Mombasa,KCSE,P001,STEM Cafe Kenya,3/16/2024,Applied,Did Not Meet Requirements
APP03017,18,Female,Mombasa,KCSE,P001,STEM Cafe Kenya,1/20/2025,Qualified,Interview Slots Full
APP03018,20,Female,Nairobi,KCSE,P003,Code Hack,4/12/2025,Qualified,No Response
APP03019,19,Female,Nairobi,KCSE,P008,Web Development Classes,6/7/2025,Qualified,No Response
APP03020,21,Female,Nakuru,Certificate,P002,Technovation,1/3/2025,Qualified,Could Not Be Reached
APP03021,33,Female,Mombasa,Bachelor's,P004,Africa Code Week,6/9/2024,Applied,Did Not Meet Requirements
APP03022,31,Female,Nakuru,Bachelor's,P001,STEM Cafe Kenya,8/18/2024,Applied,Incomplete Application
APP03023,20,Female,Kisumu,Certificate,P002,Technovation,9/22/2025,Applied,Did Not Meet Requirements
APP03024,30,Female,Nairobi,Bachelor's,P008,Web Development Classes,8/19/2024,Qualified,Could Not Be Reached
APP03025,18,Female,Nairobi,KCSE,P003,Code Hack,2/17/2025,Qualified,Interview Slots Full
APP03026,21,Female,Lamu,Diploma,P001,STEM Cafe Kenya,9/11/2025,Applied,Incomplete Application
APP03027,20,Male,Tana River,KCSE,P003,Code Hack,9/24/2024,Applied,Gender Mismatch
APP03028,25,Female,Kisumu,Bachelor's,P005,Django Girls,6/4/2025,Qualified,Interview Slots Full
APP03029,33,Female,Mombasa,Bachelor's,P001,STEM Cafe Kenya,8/25/2024,Applied,Incomplete Application
APP03030,20,Female,Kwale,Certificate,P002,Technovation,4/17/2025,Qualified,Could Not Be Reached
APP03031,26,Female,Kilifi,KCSE,P004,Africa Code Week,6/7/2025,Qualified,No Response
APP03032,20,Female,Taita Taveta,Certificate,P001,STEM Cafe Kenya,9/30/2024,Qualified,No Response
APP03033,27,Female,Kisumu,Certificate,P001,STEM Cafe Kenya,7/31/2024,Applied,Incomplete Application
APP03034,35,Male,Kisumu,Diploma,P001,STEM Cafe Kenya,4/18/2025,Applied,Gender Mismatch
APP03035,26,Female,Kilifi,KCSE,P001,STEM Cafe Kenya,8/4/2024,Qualified,Interview Slots Full
APP03036,22,Male,Mombasa,KCSE,P003,Code Hack,4/10/2025,Applied,Gender Mismatch
APP03037,32,Female,Tana River,Bachelor's,P004,Africa Code Week,2/28/2025,Applied,Incomplete Application
APP03038,22,Female,Nairobi,KCSE,P003,Code Hack,6/18/2024,Qualified,No Response
APP03039,33,Female,Kilifi,Bachelor's,P002,Technovation,3/26/2025,Applied,Did Not Meet Requirements
APP03040,35,Female,Nakuru,Bachelor's,P008,Web Development Classes,4/8/2025,Qualified,Could Not Be Reached
APP03041,19,Male,Nakuru,KCSE,P005,Django Girls,8/28/2024,Applied,Gender Mismatch
APP03042,26,Female,Lamu,KCSE,P005,Django Girls,6/20/2025,Interviewed,Low Interview Score
APP03043,28,Male,Kwale,Master's,P001,STEM Cafe Kenya,4/11/2024,Applied,Gender Mismatch
APP03044,25,Female,Mombasa,Certificate,P004,Africa Code Week,4/20/2024,Applied,Did Not Meet Requirements
APP03045,27,Female,Mombasa,Bachelor's,P001,STEM Cafe Kenya,3/26/2025,Interviewed,Declined Offer
APP03046,33,Female,Mombasa,Master's,P001,STEM Cafe Kenya,9/14/2024,Interviewed,Low Interview Score
APP03047,24,Female,Tana River,Diploma,P002,Technovation,4/17/2025,Applied,Did Not Meet Requirements
APP03048,35,Male,Kilifi,Bachelor's,P002,Technovation,6/3/2025,Applied,Gender Mismatch
APP03049,33,Female,Mombasa,Bachelor's,P005,Django Girls,3/23/2025,Applied,Incomplete Application
APP03050,26,Female,Nakuru,Diploma,P004,Africa Code Week,7/22/2025,Applied,Did Not Meet Requirements
APP03051,18,Female,Mombasa,KCSE,P008,Web Development Classes,1/3/2024,Applied,Incomplete Application
APP03052,20,Female,Kisumu,KCSE,P008,Web Development Classes,7/17/2024,Enrolled,
APP03053,21,Female,Kilifi,KCSE,P004,Africa Code Week,6/8/2024,Qualified,Interview Slots Full
APP03054,34,Female,Nairobi,Diploma,P001,STEM Cafe Kenya,6/8/2024,Qualified,No Response
APP03055,18,Female,Mombasa,Certificate,P002,Technovation,9/18/2025,Qualified,Interview Slots Full
APP03056,18,Female,Kisumu,Certificate,P004,Africa Code Week,3/13/2024,Qualified,Interview Slots Full
APP03057,22,Female,Mombasa,KCSE,P005,Django Girls,8/15/2025,Enrolled,
APP03058,23,Female,Kwale,Diploma,P005,Django Girls,3/22/2024,Interviewed,Cohort Full
APP03059,20,Female,Kilifi,KCSE,P005,Django Girls,2/3/2024,Applied,Incomplete Application
APP03060,19,Female,Nakuru,KCSE,P001,STEM Cafe Kenya,3/7/2025,Interviewed,Cohort Full
APP03061,22,Male,Kisumu,KCSE,P004,Africa Code Week,3/16/2025,Applied,Gender Mismatch
APP03062,22,Female,Nairobi,KCSE,P007,Women Digital Skills,7/27/2024,Enrolled,
APP03063,21,Female,Nairobi,KCSE,P005,Django Girls,8/3/2024,Applied,Incomplete Application
APP03064,27,Male,Mombasa,KCSE,P008,Web Development Classes,9/8/2025,Applied,Gender Mismatch
APP03065,26,Female,Nairobi,Certificate,P002,Technovation,6/5/2024,Interviewed,Declined Offer
APP03066,21,Female,Nairobi,Certificate,P001,STEM Cafe Kenya,9/9/2024,Applied,Incomplete Application
APP03067,26,Female,Taita Taveta,Diploma,P001,STEM Cafe Kenya,1/13/2025,Applied,Did Not Meet Requirements
APP03068,25,Female,Lamu,Certificate,P001,STEM Cafe Kenya,8/18/2025,Enrolled,
APP03069,26,Female,Nakuru,Diploma,P003,Code Hack,2/12/2024,Enrolled,
APP03070,18,Female,Nairobi,KCSE,P008,Web Development Classes,6/17/2024,Enrolled,
APP03071,35,Female,Kwale,Bachelor's,P002,Technovation,1/10/2024,Qualified,No Response
APP03072,26,Female,Kilifi,KCSE,P006,Mombasa Girls in STEM,8/31/2024,Applied,Did Not Meet Requirements
APP03073,24,Female,Taita Taveta,Certificate,P002,Technovation,8/24/2025,Applied,Did Not Meet Requirements
APP03074,22,Female,Nakuru,KCSE,P003,Code Hack,9/10/2024,Qualified,No Response
APP03075,30,Female,Nakuru,Diploma,P001,STEM Cafe Kenya,7/8/2024,Applied,Incomplete Application
APP03076,26,Female,Nairobi,Certificate,P006,Mombasa Girls in STEM,7/22/2025,Qualified,Could Not Be Reached
APP03077,18,Female,Kilifi,KCSE,P003,Code Hack,1/29/2025,Qualified,Could Not Be Reached
APP03078,27,Male,Nakuru,Certificate,P007,Women Digital Skills,6/29/2025,Applied,Gender Mismatch
APP03079,30,Female,Lamu,Diploma,P001,STEM Cafe Kenya,4/6/2025,Applied,Did Not Meet Requirements
APP03080,22,Female,Kisumu,KCSE,P001,STEM Cafe Kenya,3/10/2025,Interviewed,Declined Offer
APP03081,28,Female,Mombasa,Master's,P003,Code Hack,1/16/2024,Applied,Did Not Meet Requirements
APP03082,19,Female,Kilifi,KCSE,P008,Web Development Classes,4/18/2024,Applied,Incomplete Application
APP03083,26,Female,Mombasa,Certificate,P006,Mombasa Girls in STEM,2/17/2024,Interviewed,Declined Offer
APP03084,28,Female,Mombasa,Diploma,P002,Technovation,8/26/2025,Interviewed,Cohort Full
APP03085,27,Female,Nairobi,Bachelor's,P006,Mombasa Girls in STEM,4/30/2025,Applied,Did Not Meet Requirements
APP03086,25,Female,Nakuru,Diploma,P004,Africa Code Week,4/16/2025,Enrolled,
APP03087,21,Female,Nairobi,Diploma,P002,Technovation,7/9/2025,Enrolled,
APP03088,19,Female,Kilifi,Certificate,P004,Africa Code Week,2/12/2024,Applied,Did Not Meet Requirements
APP03089,34,Male,Lamu,Bachelor's,P002,Technovation,7/15/2024,Applied,Gender Mismatch
APP03090,29,Female,Lamu,Diploma,P006,Mombasa Girls in STEM,2/5/2025,Applied,Did Not Meet Requirements
APP03091,25,Female,Kisumu,Certificate,P004,Africa Code Week,6/30/2025,Qualified,Could Not Be Reached
APP03092,24,Female,Nairobi,Diploma,P005,Django Girls,8/17/2024,Enrolled,
APP03093,25,Female,Mombasa,Diploma,P007,Women Digital Skills,8/24/2024,Interviewed,Cohort Full
APP03094,20,Female,Kisumu,Certificate,P004,Africa Code Week,6/4/2025,Applied,Did Not Meet Requirements
APP03095,21,Female,Kwale,KCSE,P006,Mombasa Girls in STEM,2/17/2024,Interviewed,Low Interview Score
APP03096,25,Male,Kilifi,Diploma,P006,Mombasa Girls in STEM,8/4/2024,Applied,Gender Mismatch
APP03097,26,Male,Nairobi,KCSE,P003,Code Hack,7/19/2024,Applied,Gender Mismatch
APP03098,21,Female,Nairobi,KCSE,P001,STEM Cafe Kenya,8/3/2024,Qualified,Could Not Be Reached
APP03099,20,Female,Taita Taveta,KCSE,P004,Africa Code Week,9/25/2025,Enrolled,
APP03100,22,Female,Nakuru,KCSE,P002,Technovation,8/10/2024,Applied,Did Not Meet Requirements
APP03101,22,Female,Taita Taveta,Diploma,P001,STEM Cafe Kenya,7/8/2025,Applied,Did Not Meet Requirements
APP03102,25,Female,Mombasa,Diploma,P001,STEM Cafe Kenya,9/3/2025,Qualified,No Response
APP03103,21,Female,Nairobi,Diploma,P003,Code Hack,4/6/2025,Interviewed,Low Interview Score
APP03104,19,Female,Tana River,KCSE,P008,Web Development Classes,7/3/2025,Qualified,Interview Slots Full
APP03105,27,Female,Kilifi,Certificate,P007,Women Digital Skills,2/7/2025,Qualified,No Response
APP03106,35,Female,Kwale,Bachelor's,P002,Technovation,3/28/2025,Qualified,Interview Slots Full
APP03107,29,Female,Mombasa,Master's,P006,Mombasa Girls in STEM,7/15/2024,Applied,Did Not Meet Requirements
APP03108,20,Female,Kisumu,KCSE,P005,Django Girls,6/7/2024,Enrolled,
APP03109,21,Female,Lamu,KCSE,P004,Africa Code Week,7/11/2024,Qualified,No Response
APP03110,20,Female,Mombasa,KCSE,P003,Code Hack,6/27/2024,Qualified,Interview Slots Full
APP03111,24,Female,Mombasa,Bachelor's,P004,Africa Code Week,2/18/2024,Interviewed,Low Interview Score
APP03112,19,Male,Kisumu,KCSE,P002,Technovation,4/8/2025,Applied,Gender Mismatch
APP03113,27,Female,Kilifi,Diploma,P001,STEM Cafe Kenya,2/8/2024,Qualified,Interview Slots Full
APP03114,18,Female,Tana River,Diploma,P001,STEM Cafe Kenya,4/17/2025,Enrolled,
APP03115,19,Female,Kilifi,KCSE,P001,STEM Cafe Kenya,9/13/2025,Applied,Incomplete Application
APP03116,19,Female,Mombasa,KCSE,P002,Technovation,4/21/2025,Applied,Incomplete Application
APP03117,31,Female,Nairobi,Bachelor's,P008,Web Development Classes,9/10/2024,Enrolled,
APP03118,20,Female,Tana River,KCSE,P004,Africa Code Week,2/18/2024,Qualified,Interview Slots Full
APP03119,19,Female,Nakuru,KCSE,P003,Code Hack,2/29/2024,Interviewed,Low Interview Score
APP03120,25,Female,Kisumu,Diploma,P002,Technovation,3/5/2024,Applied,Did Not Meet Requirements
APP03121,33,Female,Nakuru,Diploma,P006,Mombasa Girls in STEM,3/15/2024,Applied,Incomplete Application
APP03122,24,Female,Nairobi,Diploma,P005,Django Girls,1/19/2024,Enrolled,
APP03123,20,Female,Mombasa,KCSE,P004,Africa Code Week,3/12/2025,Applied,Did Not Meet Requirements
APP03124,28,Female,Nairobi,Master's,P007,Women Digital Skills,2/16/2025,Qualified,No Response
APP03125,18,Female,Taita Taveta,KCSE,P001,STEM Cafe Kenya,8/16/2024,Qualified,No Response
APP03126,20,Female,Nairobi,KCSE,P008,Web Development Classes,2/2/2024,Applied,Incomplete Application
APP03127,33,Female,Taita Taveta,Bachelor's,P005,Django Girls,3/22/2024,Enrolled,
APP03128,21,Female,Nakuru,KCSE,P002,Technovation,6/15/2025,Applied,Incomplete Application
APP03129,25,Female,Nakuru,Diploma,P002,Technovation,3/6/2025,Qualified,Could Not Be Reached
APP03130,27,Female,Kilifi,Diploma,P001,STEM Cafe Kenya,9/23/2024,Applied,Did Not Meet Requirements
APP03131,18,Female,Nakuru,KCSE,P004,Africa Code Week,4/12/2024,Qualified,No Response
APP03132,22,Male,Kisumu,KCSE,P007,Women Digital Skills,9/13/2025,Applied,Gender Mismatch
APP03133,24,Female,Kilifi,Certificate,P002,Technovation,4/21/2025,Qualified,Could Not Be Reached
APP03134,21,Female,Kisumu,Diploma,P004,Africa Code Week,6/11/2024,Qualified,No Response
APP03135,20,Female,Nairobi,KCSE,P006,Mombasa Girls in STEM,4/27/2024,Applied,Incomplete Application
APP03136,29,Female,Kisumu,Master's,P001,STEM Cafe Kenya,3/11/2025,Qualified,Interview Slots Full
APP03137,20,Female,Taita Taveta,KCSE,P004,Africa Code Week,3/21/2025,Enrolled,
APP03138,27,Female,Mombasa,Diploma,P001,STEM Cafe Kenya,3/20/2025,Applied,Incomplete Application
APP03139,18,Female,Nairobi,KCSE,P005,Django Girls,6/21/2025,Enrolled,
APP03140,18,Male,Kwale,KCSE,P008,Web Development Classes,3/27/2025,Applied,Gender Mismatch
APP03141,24,Female,Taita Taveta,Diploma,P003,Code Hack,2/2/2025,Applied,Did Not Meet Requirements
APP03142,31,Female,Nairobi,Bachelor's,P007,Women Digital Skills,8/2/2024,Applied,Incomplete Application
APP03143,21,Female,Nakuru,KCSE,P005,Django Girls,3/5/2025,Applied,Did Not Meet Requirements
APP03144,34,Female,Mombasa,Bachelor's,P008,Web Development Classes,9/21/2025,Enrolled,
APP03145,25,Female,Mombasa,Certificate,P005,Django Girls,6/8/2024,Applied,Incomplete Application
APP03146,28,Female,Kisumu,Bachelor's,P004,Africa Code Week,3/15/2024,Applied,Incomplete Application
APP03147,27,Female,Mombasa,Certificate,P001,STEM Cafe Kenya,8/31/2025,Enrolled,
APP03148,27,Female,Nairobi,Diploma,P004,Africa Code Week,4/17/2025,Interviewed,Cohort Full
APP03149,26,Female,Taita Taveta,KCSE,P008,Web Development Classes,1/27/2024,Applied,Incomplete Application
APP03150,19,Female,Mombasa,Certificate,P003,Code Hack,6/11/2025,Applied,Did Not Meet Requirements
APP03151,18,Female,Nakuru,KCSE,P006,Mombasa Girls in STEM,7/21/2024,Applied,Did Not Meet Requirements
APP03152,20,Female,Nairobi,Diploma,P002,Technovation,4/4/2024,Applied,Incomplete Application
APP03153,22,Female,Lamu,Diploma,P008,Web Development Classes,1/17/2024,Qualified,No Response
APP03154,18,Female,Tana River,KCSE,P002,Technovation,3/21/2024,Applied,Did Not Meet Requirements
APP03155,23,Male,Nakuru,Certificate,P006,Mombasa Girls in STEM,7/19/2025,Applied,Gender Mismatch
APP03156,34,Female,Nairobi,Diploma,P002,Technovation,7/20/2025,Qualified,Interview Slots Full
APP03157,25,Female,Tana River,KCSE,P003,Code Hack,6/7/2025,Applied,Incomplete Application
APP03158,26,Female,Nakuru,Diploma,P004,Africa Code Week,2/5/2024,Applied,Did Not Meet Requirements
APP03159,20,Female,Kwale,Diploma,P005,Django Girls,3/2/2025,Enrolled,
APP03160,21,Female,Mombasa,Certificate,P006,Mombasa Girls in STEM,4/9/2025,Interviewed,Cohort Full
APP03161,27,Female,Taita Taveta,Certificate,P001,STEM Cafe Kenya,7/29/2025,Applied,Incomplete Application
APP03162,22,Female,Kilifi,KCSE,P003,Code Hack,3/18/2024,Enrolled,
APP03163,19,Female,Taita Taveta,Certificate,P008,Web Development Classes,8/2/2025,Qualified,No Response
APP03164,20,Female,Nairobi,KCSE,P004,Africa Code Week,3/14/2025,Qualified,No Response
APP03165,33,Female,Tana River,Master's,P001,STEM Cafe Kenya,1/1/2024,Applied,Incomplete Application
APP03166,29,Female,Tana River,Master's,P007,Women Digital Skills,9/3/2024,Qualified,Could Not Be Reached
APP03167,22,Female,Nairobi,KCSE,P002,Technovation,3/12/2024,Qualified,No Response
APP03168,22,Female,Nakuru,KCSE,P008,Web Development Classes,2/10/2024,Qualified,Interview Slots Full
APP03169,31,Female,Nairobi,Bachelor's,P004,Africa Code Week,3/7/2024,Applied,Did Not Meet Requirements
APP03170,20,Female,Tana River,KCSE,P003,Code Hack,7/3/2024,Interviewed,Low Interview Score
APP03171,24,Female,Kwale,KCSE,P008,Web Development Classes,7/27/2024,Qualified,Interview Slots Full
APP03172,30,Female,Mombasa,Bachelor's,P004,Africa Code Week,9/15/2024,Applied,Incomplete Application
APP03173,27,Female,Kwale,Certificate,P003,Code Hack,6/22/2025,Qualified,Interview Slots Full
APP03174,20,Female,Mombasa,KCSE,P004,Africa Code Week,1/6/2024,Enrolled,
APP03175,18,Female,Lamu,Certificate,P002,Technovation,7/10/2024,Applied,Did Not Meet Requirements
APP03176,22,Female,Kwale,KCSE,P004,Africa Code Week,1/23/2024,Qualified,Interview Slots Full
APP03177,24,Female,Lamu,Diploma,P007,Women Digital Skills,8/16/2025,Applied,Did Not Meet Requirements
APP03178,35,Female,Mombasa,Bachelor's,P003,Code Hack,6/29/2025,Enrolled,
APP03179,24,Female,Kwale,Diploma,P004,Africa Code Week,6/3/2025,Enrolled,
APP03180,20,Female,Nairobi,KCSE,P007,Women Digital Skills,9/19/2025,Interviewed,Cohort Full
APP03181,35,Female,Mombasa,Bachelor's,P005,Django Girls,4/29/2024,Qualified,No Response
APP03182,25,Female,Kilifi,Certificate,P003,Code Hack,8/9/2024,Enrolled,
APP03183,22,Female,Mombasa,KCSE,P004,Africa Code Week,9/29/2025,Qualified,Could Not Be Reached
APP03184,18,Female,Nakuru,KCSE,P002,Technovation,7/28/2025,Enrolled,
APP03185,32,Male,Taita Taveta,Diploma,P002,Technovation,4/5/2025,Applied,Gender Mismatch
APP03186,18,Female,Lamu,KCSE,P003,Code Hack,3/13/2025,Applied,Did Not Meet Requirements
APP03187,18,Female,Nairobi,Certificate,P007,Women Digital Skills,9/23/2025,Enrolled,
APP03188,26,Female,Mombasa,KCSE,P007,Women Digital Skills,2/15/2025,Qualified,Could Not Be Reached
APP03189,19,Female,Kisumu,Certificate,P004,Africa Code Week,4/8/2025,Qualified,Interview Slots Full
APP03190,19,Female,Kilifi,Certificate,P006,Mombasa Girls in STEM,6/28/2025,Applied,Did Not Meet Requirements
APP03191,19,Female,Kisumu,Certificate,P007,Women Digital Skills,1/6/2024,Qualified,Could Not Be Reached
APP03192,18,Female,Kwale,KCSE,P002,Technovation,7/4/2025,Applied,Did Not Meet Requirements
APP03193,21,Female,Kilifi,KCSE,P004,Africa Code Week,8/6/2025,Interviewed,Cohort Full
APP03194,19,Female,Nairobi,KCSE,P008,Web Development Classes,3/27/2024,Qualified,Could Not Be Reached
APP03195,25,Female,Nairobi,Diploma,P003,Code Hack,8/18/2024,Qualified,Interview Slots Full
APP03196,27,Female,Kilifi,Diploma,P005,Django Girls,1/22/2024,Applied,Incomplete Application
APP03197,27,Female,Kwale,KCSE,P008,Web Development Classes,3/8/2024,Qualified,Interview Slots Full
APP03198,19,Female,Tana River,KCSE,P002,Technovation,4/8/2024,Applied,Did Not Meet Requirements
APP03199,18,Female,Kwale,Diploma,P005,Django Girls,4/19/2024,Applied,Did Not Meet Requirements
APP03200,32,Female,Kisumu,Bachelor's,P002,Technovation,4/5/2025,Enrolled,
APP03201,24,Female,Kisumu,Certificate,P001,STEM Cafe Kenya,6/19/2024,Interviewed,Declined Offer
APP03202,22,Female,Kilifi,KCSE,P001,STEM Cafe Kenya,3/30/2024,Qualified,Interview Slots Full
APP03203,30,Female,Taita Taveta,Bachelor's,P002,Technovation,4/25/2024,Qualified,Interview Slots Full
APP03204,22,Female,Lamu,KCSE,P004,Africa Code Week,4/29/2024,Enrolled,
APP03205,24,Female,Nakuru,Diploma,P002,Technovation,1/25/2024,Qualified,No Response
APP03206,28,Female,Mombasa,Bachelor's,P005,Django Girls,6/1/2024,Qualified,Interview Slots Full
APP03207,20,Male,Nakuru,KCSE,P007,Women Digital Skills,4/18/2024,Applied,Gender Mismatch
APP03208,26,Female,Kwale,Certificate,P001,STEM Cafe Kenya,6/23/2025,Enrolled,
APP03209,22,Female,Nakuru,KCSE,P002,Technovation,3/13/2024,Qualified,Interview Slots Full
APP03210,26,Female,Kisumu,Diploma,P001,STEM Cafe Kenya,8/20/2024,Applied,Incomplete Application
APP03211,32,Male,Taita Taveta,Bachelor's,P001,STEM Cafe Kenya,2/9/2024,Applied,Gender Mismatch
APP03212,35,Female,Nairobi,Diploma,P004,Africa Code Week,3/14/2025,Enrolled,
APP03213,30,Female,Kilifi,Master's,P005,Django Girls,2/5/2025,Qualified,No Response
APP03214,18,Female,Nairobi,Certificate,P003,Code Hack,2/4/2024,Applied,Incomplete Application
APP03215,27,Female,Nakuru,Diploma,P005,Django Girls,4/30/2025,Interviewed,Declined Offer
APP03216,31,Female,Mombasa,Bachelor's,P008,Web Development Classes,4/2/2025,Enrolled,
APP03217,21,Female,Mombasa,KCSE,P004,Africa Code Week,9/14/2025,Enrolled,
APP03218,19,Female,Kisumu,Diploma,P002,Technovation,2/12/2024,Applied,Did Not Meet Requirements
APP03219,23,Female,Mombasa,Diploma,P004,Africa Code Week,8/15/2025,Qualified,Could Not Be Reached
APP03220,19,Female,Mombasa,KCSE,P005,Django Girls,4/19/2024,Applied,Did Not Meet Requirements
APP03221,20,Male,Tana River,KCSE,P002,Technovation,3/8/2025,Applied,Gender Mismatch
APP03222,29,Female,Kilifi,Bachelor's,P001,STEM Cafe Kenya,9/10/2025,Interviewed,Declined Offer
APP03223,33,Male,Kwale,Diploma,P001,STEM Cafe Kenya,4/20/2024,Applied,Gender Mismatch
APP03224,32,Female,Kwale,Diploma,P008,Web Development Classes,7/31/2025,Qualified,Interview Slots Full
APP03225,34,Male,Lamu,Master's,P003,Code Hack,3/27/2024,Applied,Gender Mismatch
APP03226,21,Female,Kilifi,KCSE,P005,Django Girls,9/6/2025,Enrolled,
APP03227,27,Female,Mombasa,Bachelor's,P008,Web Development Classes,6/3/2024,Qualified,No Response
APP03228,23,Female,Taita Taveta,Diploma,P003,Code Hack,2/11/2024,Applied,Incomplete Application
APP03229,21,Female,Kwale,KCSE,P002,Technovation,1/16/2025,Enrolled,
APP03230,26,Female,Kisumu,Diploma,P008,Web Development Classes,9/27/2025,Applied,Incomplete Application
APP03231,18,Female,Kisumu,KCSE,P001,STEM Cafe Kenya,2/7/2025,Applied,Incomplete Application
APP03232,21,Female,Taita Taveta,KCSE,P003,Code Hack,3/7/2024,Qualified,Interview Slots Full
APP03233,19,Male,Nairobi,KCSE,P004,Africa Code Week,6/1/2024,Applied,Gender Mismatch
APP03234,26,Female,Mombasa,Diploma,P005,Django Girls,1/6/2025,Interviewed,Low Interview Score
APP03235,18,Female,Nairobi,KCSE,P002,Technovation,3/2/2024,Enrolled,
APP03236,20,Female,Mombasa,KCSE,P001,STEM Cafe Kenya,1/7/2024,Enrolled,
APP03237,19,Female,Nairobi,KCSE,P001,STEM Cafe Kenya,4/17/2025,Enrolled,
APP03238,20,Female,Mombasa,KCSE,P008,Web Development Classes,4/27/2025,Applied,Did Not Meet Requirements
APP03239,24,Female,Nakuru,Certificate,P004,Africa Code Week,7/24/2024,Qualified,Interview Slots Full
APP03240,20,Female,Lamu,KCSE,P001,STEM Cafe Kenya,6/3/2024,Qualified,No Response
APP03241,19,Female,Nakuru,KCSE,P004,Africa Code Week,9/29/2025,Applied,Did Not Meet Requirements
APP03242,24,Female,Nakuru,Diploma,P004,Africa Code Week,1/12/2025,Qualified,Could Not Be Reached
APP03243,29,Female,Tana River,Diploma,P002,Technovation,3/7/2025,Applied,Incomplete Application
APP03244,29,Female,Mombasa,Bachelor's,P001,STEM Cafe Kenya,6/25/2024,Interviewed,Low Interview Score
APP03245,27,Female,Nairobi,KCSE,P002,Technovation,7/23/2025,Enrolled,
APP03246,19,Female,Lamu,KCSE,P001,STEM Cafe Kenya,6/20/2024,Interviewed,Cohort Full
APP03247,28,Female,Mombasa,Master's,P005,Django Girls,4/7/2024,Qualified,Could Not Be Reached
APP03248,35,Female,Mombasa,Diploma,P001,STEM Cafe Kenya,1/11/2024,Qualified,Could Not Be Reached
APP03249,18,Female,Tana River,Certificate,P004,Africa Code Week,9/25/2025,Applied,Did Not Meet Requirements
APP03250,20,Female,Nakuru,KCSE,P002,Technovation,8/11/2025,Enrolled,
APP03251,26,Female,Kilifi,KCSE,P001,STEM Cafe Kenya,1/9/2025,Qualified,No Response
APP03252,21,Female,Nairobi,Certificate,P004,Africa Code Week,7/7/2024,Qualified,No Response
APP03253,20,Female,Nakuru,Diploma,P003,Code Hack,1/21/2024,Applied,Did Not Meet Requirements
APP03254,27,Female,Mombasa,Certificate,P008,Web Development Classes,6/2/2024,Qualified,Interview Slots Full
APP03255,23,Female,Mombasa,Certificate,P001,STEM Cafe Kenya,6/22/2024,Interviewed,Declined Offer
APP03256,20,Female,Nairobi,Certificate,P001,STEM Cafe Kenya,1/24/2024,Qualified,No Response
APP03257,27,Female,Nairobi,Diploma,P002,Technovation,9/22/2024,Qualified,Interview Slots Full
APP03258,21,Female,Kwale,KCSE,P004,Africa Code Week,8/13/2025,Interviewed,Low Interview Score
APP03259,20,Male,Nairobi,Certificate,P007,Women Digital Skills,4/9/2025,Applied,Gender Mismatch
APP03260,22,Female,Nakuru,KCSE,P001,STEM Cafe Kenya,9/6/2024,Qualified,No Response
APP03261,24,Female,Kilifi,Diploma,P001,STEM Cafe Kenya,8/2/2025,Applied,Did Not Meet Requirements
APP03262,22,Male,Kwale,KCSE,P008,Web Development Classes,7/22/2024,Applied,Gender Mismatch
APP03263,20,Female,Mombasa,KCSE,P002,Technovation,3/24/2024,Applied,Incomplete Application
APP03264,22,Male,Kisumu,Diploma,P007,Women Digital Skills,9/27/2024,Applied,Gender Mismatch
APP03265,21,Female,Kwale,KCSE,P006,Mombasa Girls in STEM,9/17/2025,Enrolled,
APP03266,18,Male,Mombasa,KCSE,P002,Technovation,2/9/2024,Applied,Gender Mismatch
APP03267,35,Female,Kilifi,Bachelor's,P004,Africa Code Week,9/26/2025,Applied,Incomplete Application
APP03268,19,Female,Nairobi,Certificate,P002,Technovation,1/18/2025,Enrolled,
APP03269,24,Female,Nairobi,Certificate,P004,Africa Code Week,6/6/2024,Enrolled,
APP03270,27,Male,Nakuru,KCSE,P006,Mombasa Girls in STEM,1/7/2024,Applied,Gender Mismatch
APP03271,35,Female,Nairobi,Bachelor's,P001,STEM Cafe Kenya,7/9/2024,Applied,Did Not Meet Requirements
APP03272,18,Female,Nakuru,Certificate,P006,Mombasa Girls in STEM,6/23/2024,Interviewed,Cohort Full
APP03273,33,Female,Taita Taveta,Diploma,P008,Web Development Classes,9/30/2024,Enrolled,
APP03274,19,Female,Lamu,KCSE,P008,Web Development Classes,4/25/2025,Qualified,Could Not Be Reached
APP03275,29,Male,Nakuru,Bachelor's,P004,Africa Code Week,7/25/2024,Applied,Gender Mismatch
APP03276,22,Female,Kwale,Certificate,P004,Africa Code Week,2/6/2025,Enrolled,
APP03277,25,Female,Lamu,KCSE,P005,Django Girls,8/3/2025,Applied,Did Not Meet Requirements
APP03278,19,Female,Nairobi,KCSE,P004,Africa Code Week,7/2/2024,Applied,Did Not Meet Requirements
APP03279,18,Female,Kisumu,KCSE,P003,Code Hack,3/28/2025,Enrolled,
APP03280,31,Female,Tana River,Bachelor's,P008,Web Development Classes,3/18/2024,Applied,Incomplete Application
APP03281,30,Female,Nairobi,Bachelor's,P004,Africa Code Week,8/15/2024,Applied,Incomplete Application
APP03282,20,Female,Kilifi,KCSE,P001,STEM Cafe Kenya,8/25/2025,Interviewed,Low Interview Score
APP03283,22,Female,Nairobi,Diploma,P002,Technovation,2/21/2025,Applied,Did Not Meet Requirements
APP03284,27,Female,Kwale,Diploma,P003,Code Hack,8/4/2024,Applied,Incomplete Application
APP03285,35,Female,Nairobi,Bachelor's,P008,Web Development Classes,9/28/2024,Applied,Did Not Meet Requirements
APP03286,18,Female,Kwale,Certificate,P003,Code Hack,7/21/2024,Applied,Did Not Meet Requirements
APP03287,19,Female,Mombasa,KCSE,P005,Django Girls,1/27/2025,Enrolled,
APP03288,34,Male,Nakuru,Bachelor's,P004,Africa Code Week,9/23/2025,Applied,Gender Mismatch
APP03289,23,Female,Kilifi,Bachelor's,P008,Web Development Classes,6/11/2024,Applied,Incomplete Application
APP03290,20,Female,Nairobi,Certificate,P008,Web Development Classes,9/12/2024,Qualified,Interview Slots Full
APP03291,24,Male,Kwale,Certificate,P003,Code Hack,3/19/2025,Applied,Gender Mismatch
APP03292,30,Female,Kilifi,Master's,P001,STEM Cafe Kenya,9/14/2024,Qualified,Interview Slots Full
APP03293,23,Female,Nakuru,KCSE,P008,Web Development Classes,8/20/2024,Qualified,No Response
APP03294,22,Male,Nakuru,KCSE,P004,Africa Code Week,7/8/2025,Applied,Gender Mismatch
APP03295,25,Female,Nairobi,Bachelor's,P008,Web Development Classes,1/21/2025,Qualified,Interview Slots Full
APP03296,32,Female,Kisumu,Bachelor's,P006,Mombasa Girls in STEM,4/30/2025,Qualified,No Response
APP03297,27,Female,Mombasa,Certificate,P004,Africa Code Week,7/20/2024,Interviewed,Declined Offer
APP03298,24,Male,Nairobi,Diploma,P005,Django Girls,8/24/2025,Applied,Gender Mismatch
APP03299,19,Female,Nakuru,KCSE,P001,STEM Cafe Kenya,1/5/2025,Qualified,Interview Slots Full
APP03300,18,Female,Nairobi,KCSE,P004,Africa Code Week,4/21/2025,Qualified,No Response
APP03301,18,Female,Kwale,Diploma,P004,Africa Code Week,7/22/2024,Applied,Incomplete Application
APP03302,21,Female,Nakuru,KCSE,P006,Mombasa Girls in STEM,1/26/2024,Qualified,Could Not Be Reached
APP03303,26,Female,Mombasa,Diploma,P002,Technovation,3/26/2024,Qualified,Could Not Be Reached
APP03304,25,Female,Kisumu,KCSE,P002,Technovation,4/18/2025,Qualified,Interview Slots Full
APP03305,19,Female,Mombasa,KCSE,P006,Mombasa Girls in STEM,4/26/2024,Interviewed,Low Interview Score
APP03306,18,Female,Nairobi,KCSE,P001,STEM Cafe Kenya,6/17/2025,Qualified,Interview Slots Full
APP03307,28,Female,Taita Taveta,Bachelor's,P002,Technovation,6/30/2024,Qualified,Could Not Be Reached
APP03308,35,Male,Kisumu,Diploma,P007,Women Digital Skills,6/23/2025,Applied,Gender Mismatch
APP03309,25,Female,Kwale,Diploma,P004,Africa Code Week,4/13/2024,Qualified,Could Not Be Reached
APP03310,25,Female,Kisumu,KCSE,P008,Web Development Classes,9/13/2024,Enrolled,
APP03311,25,Female,Nairobi,Certificate,P004,Africa Code Week,1/4/2025,Qualified,Interview Slots Full
APP03312,18,Female,Mombasa,KCSE,P004,Africa Code Week,6/3/2025,Enrolled,
APP03313,19,Female,Taita Taveta,KCSE,P001,STEM Cafe Kenya,3/4/2024,Qualified,No Response
APP03314,18,Male,Kisumu,KCSE,P004,Africa Code Week,9/13/2025,Applied,Gender Mismatch
APP03315,27,Male,Kilifi,KCSE,P004,Africa Code Week,1/28/2025,Applied,Gender Mismatch
APP03316,35,Female,Kwale,Master's,P003,Code Hack,9/14/2025,Interviewed,Declined Offer
APP03317,32,Female,Lamu,Bachelor's,P001,STEM Cafe Kenya,7/13/2024,Interviewed,Declined Offer
APP03318,24,Female,Kilifi,Certificate,P008,Web Development Classes,9/26/2025,Qualified,Could Not Be Reached
APP03319,31,Female,Mombasa,Bachelor's,P004,Africa Code Week,8/24/2025,Enrolled,
APP03320,35,Female,Nairobi,Bachelor's,P004,Africa Code Week,2/23/2024,Enrolled,
APP03321,23,Female,Tana River,KCSE,P006,Mombasa Girls in STEM,7/27/2024,Interviewed,Low Interview Score
APP03322,25,Female,Nakuru,Certificate,P003,Code Hack,8/25/2024,Applied,Incomplete Application
APP03323,19,Female,Kwale,KCSE,P004,Africa Code Week,3/1/2024,Applied,Did Not Meet Requirements
APP03324,23,Female,Mombasa,Certificate,P004,Africa Code Week,8/3/2024,Applied,Incomplete Application
APP03325,28,Female,Kisumu,Master's,P005,Django Girls,9/19/2025,Interviewed,Low Interview Score
APP03326,22,Female,Kilifi,KCSE,P001,STEM Cafe Kenya,7/31/2025,Qualified,Could Not Be Reached
APP03327,24,Male,Kilifi,Diploma,P001,STEM Cafe Kenya,4/30/2024,Applied,Gender Mismatch
APP03328,30,Female,Kilifi,Bachelor's,P003,Code Hack,7/17/2024,Qualified,No Response
APP03329,20,Female,Nairobi,Certificate,P003,Code Hack,3/30/2024,Qualified,Could Not Be Reached
APP03330,35,Female,Taita Taveta,Diploma,P003,Code Hack,8/4/2025,Applied,Incomplete Application
APP03331,25,Female,Kilifi,Certificate,P004,Africa Code Week,1/9/2024,Applied,Incomplete Application
APP03332,29,Female,Kisumu,Bachelor's,P008,Web Development Classes,6/10/2024,Applied,Incomplete Application
APP03333,19,Female,Nairobi,KCSE,P008,Web Development Classes,4/5/2024,Qualified,Interview Slots Full
APP03334,25,Female,Kilifi,Diploma,P005,Django Girls,2/8/2025,Enrolled,
APP03335,35,Female,Mombasa,Bachelor's,P005,Django Girls,3/14/2025,Applied,Did Not Meet Requirements
APP03336,27,Female,Kwale,Diploma,P006,Mombasa Girls in STEM,6/13/2024,Enrolled,
APP03337,20,Female,Taita Taveta,Diploma,P005,Django Girls,4/24/2025,Applied,Incomplete Application
APP03338,19,Female,Nairobi,KCSE,P008,Web Development Classes,1/16/2025,Qualified,No Response
APP03339,27,Female,Nairobi,KCSE,P008,Web Development Classes,7/1/2025,Interviewed,Cohort Full
APP03340,30,Female,Kisumu,Bachelor's,P001,STEM Cafe Kenya,3/25/2024,Applied,Did Not Meet Requirements
APP03341,24,Female,Kwale,Diploma,P001,STEM Cafe Kenya,6/25/2025,Interviewed,Low Interview Score
APP03342,22,Female,Nakuru,KCSE,P001,STEM Cafe Kenya,9/16/2025,Qualified,Could Not Be Reached
APP03343,29,Female,Kilifi,Diploma,P002,Technovation,3/8/2025,Applied,Did Not Meet Requirements
APP03344,22,Female,Kilifi,KCSE,P005,Django Girls,2/20/2025,Qualified,Could Not Be Reached
APP03345,25,Female,Nairobi,KCSE,P006,Mombasa Girls in STEM,2/22/2024,Applied,Incomplete Application
APP03346,27,Female,Taita Taveta,Diploma,P001,STEM Cafe Kenya,4/23/2024,Enrolled,
APP03347,19,Male,Kwale,KCSE,P002,Technovation,6/7/2025,Applied,Gender Mismatch
APP03348,19,Female,Mombasa,KCSE,P001,STEM Cafe Kenya,2/24/2024,Qualified,Could Not Be Reached
APP03349,20,Female,Mombasa,KCSE,P004,Africa Code Week,9/2/2025,Interviewed,Cohort Full
APP03350,35,Female,Mombasa,Master's,P006,Mombasa Girls in STEM,8/20/2024,Qualified,No Response
APP03351,26,Female,Kwale,Certificate,P006,Mombasa Girls in STEM,6/5/2024,Qualified,Interview Slots Full
APP03352,19,Female,Nairobi,KCSE,P004,Africa Code Week,9/5/2024,Applied,Did Not Meet Requirements
APP03353,35,Female,Nairobi,Bachelor's,P007,Women Digital Skills,2/4/2025,Applied,Did Not Meet Requirements
APP03354,26,Female,Kilifi,KCSE,P004,Africa Code Week,3/16/2024,Enrolled,
APP03355,22,Female,Tana River,KCSE,P002,Technovation,9/18/2025,Qualified,Could Not Be Reached
APP03356,28,Female,Mombasa,Bachelor's,P004,Africa Code Week,6/3/2024,Qualified,Could Not Be Reached
APP03357,27,Female,Mombasa,Diploma,P004,Africa Code Week,4/12/2025,Interviewed,Cohort Full
APP03358,33,Female,Nairobi,Diploma,P001,STEM Cafe Kenya,1/22/2025,Applied,Did Not Meet Requirements
APP03359,28,Female,Kwale,Master's,P004,Africa Code Week,9/4/2025,Applied,Incomplete Application
APP03360,22,Female,Kilifi,KCSE,P002,Technovation,1/17/2024,Interviewed,Declined Offer
APP03361,18,Female,Kilifi,Certificate,P004,Africa Code Week,4/4/2025,Qualified,Interview Slots Full
APP03362,18,Female,Nakuru,KCSE,P001,STEM Cafe Kenya,7/11/2024,Enrolled,
APP03363,25,Female,Mombasa,KCSE,P004,Africa Code Week,9/11/2025,Applied,Did Not Meet Requirements
APP03364,27,Female,Mombasa,Diploma,P005,Django Girls,9/4/2024,Enrolled,
APP03365,19,Female,Kilifi,KCSE,P004,Africa Code Week,9/8/2025,Applied,Did Not Meet Requirements
APP03366,29,Female,Nairobi,Bachelor's,P003,Code Hack,9/3/2025,Interviewed,Cohort Full
APP03367,19,Female,Kwale,KCSE,P003,Code Hack,3/3/2024,Applied,Did Not Meet Requirements
APP03368,29,Female,Mombasa,Bachelor's,P007,Women Digital Skills,3/22/2024,Enrolled,
APP03369,25,Female,Kisumu,Diploma,P008,Web Development Classes,7/23/2024,Applied,Incomplete Application
APP03370,24,Male,Nairobi,Certificate,P004,Africa Code Week,2/28/2025,Applied,Gender Mismatch
APP03371,19,Female,Nairobi,KCSE,P008,Web Development Classes,8/11/2025,Enrolled,
APP03372,21,Female,Kwale,Certificate,P008,Web Development Classes,7/21/2024,Qualified,No Response
APP03373,19,Female,Nakuru,Certificate,P005,Django Girls,4/15/2025,Enrolled,
APP03374,25,Female,Mombasa,KCSE,P004,Africa Code Week,3/6/2025,Qualified,Interview Slots Full
APP03375,23,Female,Nairobi,Certificate,P005,Django Girls,8/1/2024,Qualified,Interview Slots Full
APP03376,21,Male,Kwale,Certificate,P002,Technovation,1/4/2025,Applied,Gender Mismatch
APP03377,24,Male,Kilifi,Certificate,P002,Technovation,8/15/2024,Applied,Gender Mismatch
APP03378,33,Female,Kwale,Master's,P008,Web Development Classes,2/23/2024,Qualified,Could Not Be Reached
APP03379,22,Female,Lamu,KCSE,P003,Code Hack,6/27/2024,Interviewed,Declined Offer
APP03380,26,Female,Tana River,Certificate,P001,STEM Cafe Kenya,3/1/2024,Qualified,Could Not Be Reached
APP03381,22,Female,Nairobi,KCSE,P001,STEM Cafe Kenya,4/5/2024,Interviewed,Declined Offer
APP03382,20,Female,Nairobi,KCSE,P001,STEM Cafe Kenya,7/7/2025,Enrolled,
APP03383,19,Female,Nairobi,Certificate,P004,Africa Code Week,4/18/2025,Applied,Incomplete Application
APP03384,20,Female,Tana River,KCSE,P004,Africa Code Week,2/5/2024,Qualified,Interview Slots Full
APP03385,26,Female,Nairobi,Certificate,P002,Technovation,6/11/2024,Applied,Incomplete Application
APP03386,27,Female,Nakuru,Certificate,P002,Technovation,6/19/2025,Applied,Incomplete Application
APP03387,24,Female,Mombasa,Certificate,P001,STEM Cafe Kenya,1/13/2024,Enrolled,
APP03388,35,Female,Kilifi,Master's,P006,Mombasa Girls in STEM,9/28/2024,Applied,Incomplete Application
APP03389,26,Female,Tana River,KCSE,P004,Africa Code Week,7/18/2025,Interviewed,Declined Offer
APP03390,34,Female,Kilifi,Master's,P006,Mombasa Girls in STEM,2/5/2024,Applied,Did Not Meet Requirements
APP03391,33,Female,Kisumu,Bachelor's,P003,Code Hack,4/6/2024,Enrolled,
APP03392,26,Female,Nakuru,Certificate,P001,STEM Cafe Kenya,1/28/2025,Applied,Did Not Meet Requirements
APP03393,23,Female,Nairobi,Certificate,P004,Africa Code Week,2/16/2025,Applied,Did Not Meet Requirements
APP03394,32,Male,Nakuru,Bachelor's,P002,Technovation,3/5/2024,Applied,Gender Mismatch
APP03395,26,Female,Mombasa,Bachelor's,P008,Web Development Classes,3/20/2025,Qualified,No Response
APP03396,19,Female,Lamu,KCSE,P001,STEM Cafe Kenya,4/18/2025,Qualified,Interview Slots Full
APP03397,23,Female,Kisumu,Certificate,P003,Code Hack,7/20/2025,Qualified,Could Not Be Reached
APP03398,30,Female,Kisumu,Bachelor's,P002,Technovation,8/5/2025,Applied,Incomplete Application
APP03399,23,Female,Mombasa,Certificate,P001,STEM Cafe Kenya,4/23/2025,Enrolled,
APP03400,22,Female,Lamu,KCSE,P008,Web Development Classes,3/25/2025,Qualified,Could Not Be Reached
APP03401,26,Female,Nakuru,Diploma,P004,Africa Code Week,2/4/2024,Qualified,Interview Slots Full
APP03402,21,Female,Kwale,KCSE,P006,Mombasa Girls in STEM,4/1/2025,Applied,Did Not Meet Requirements
APP03403,25,Male,Kisumu,Certificate,P005,Django Girls,2/11/2025,Applied,Gender Mismatch
APP03404,26,Male,Nakuru,Bachelor's,P006,Mombasa Girls in STEM,3/8/2024,Applied,Gender Mismatch
APP03405,27,Female,Nairobi,Certificate,P004,Africa Code Week,3/17/2025,Applied,Incomplete Application
APP03406,24,Female,Nakuru,KCSE,P004,Africa Code Week,8/18/2025,Qualified,No Response
APP03407,26,Female,Nairobi,Bachelor's,P004,Africa Code Week,8/4/2025,Qualified,Could Not Be Reached
APP03408,26,Female,Nairobi,Diploma,P001,STEM Cafe Kenya,8/14/2024,Qualified,No Response
APP03409,34,Female,Taita Taveta,Bachelor's,P004,Africa Code Week,2/5/2024,Applied,Did Not Meet Requirements
APP03410,31,Female,Lamu,Master's,P004,Africa Code Week,4/3/2025,Qualified,No Response
APP03411,32,Female,Mombasa,Bachelor's,P001,STEM Cafe Kenya,3/30/2024,Enrolled,
APP03412,26,Female,Mombasa,Diploma,P001,STEM Cafe Kenya,8/22/2024,Qualified,No Response
APP03413,20,Female,Nairobi,KCSE,P003,Code Hack,7/20/2024,Qualified,No Response
APP03414,25,Female,Kilifi,Certificate,P001,STEM Cafe Kenya,3/24/2024,Applied,Did Not Meet Requirements
APP03415,26,Female,Mombasa,Diploma,P003,Code Hack,7/16/2024,Qualified,No Response
APP03416,25,Female,Mombasa,Diploma,P005,Django Girls,6/19/2025,Enrolled,
APP03417,30,Female,Nairobi,Bachelor's,P005,Django Girls,6/19/2024,Applied,Incomplete Application
APP03418,26,Female,Taita Taveta,Certificate,P002,Technovation,6/25/2024,Qualified,No Response
APP03419,20,Male,Nairobi,KCSE,P006,Mombasa Girls in STEM,2/5/2025,Applied,Gender Mismatch
APP03420,27,Female,Kwale,Diploma,P004,Africa Code Week,4/11/2024,Enrolled,
APP03421,20,Female,Mombasa,KCSE,P005,Django Girls,6/16/2024,Applied,Incomplete Application
APP03422,21,Female,Kilifi,KCSE,P001,STEM Cafe Kenya,1/4/2024,Applied,Did Not Meet Requirements
APP03423,20,Female,Taita Taveta,Certificate,P002,Technovation,8/27/2024,Qualified,Could Not Be Reached
APP03424,26,Female,Tana River,Diploma,P004,Africa Code Week,8/10/2024,Qualified,No Response
APP03425,25,Female,Nairobi,Certificate,P006,Mombasa Girls in STEM,3/10/2025,Qualified,Could Not Be Reached
APP03426,31,Female,Mombasa,Bachelor's,P002,Technovation,4/13/2025,Enrolled,
APP03427,25,Female,Nakuru,Certificate,P005,Django Girls,6/18/2025,Enrolled,
APP03428,24,Female,Mombasa,Certificate,P004,Africa Code Week,1/4/2025,Interviewed,Low Interview Score
APP03429,24,Female,Kwale,KCSE,P007,Women Digital Skills,4/24/2024,Applied,Did Not Meet Requirements
APP03430,18,Female,Tana River,KCSE,P004,Africa Code Week,1/14/2025,Qualified,Could Not Be Reached
APP03431,20,Female,Kwale,Diploma,P008,Web Development Classes,9/7/2025,Applied,Did Not Meet Requirements
APP03432,31,Female,Mombasa,Bachelor's,P006,Mombasa Girls in STEM,2/2/2025,Enrolled,
APP03433,25,Female,Mombasa,Certificate,P001,STEM Cafe Kenya,6/6/2025,Qualified,Could Not Be Reached
APP03434,18,Female,Mombasa,Certificate,P003,Code Hack,2/4/2024,Enrolled,
APP03435,21,Female,Tana River,Certificate,P001,STEM Cafe Kenya,3/25/2024,Qualified,Could Not Be Reached
APP03436,18,Female,Nairobi,KCSE,P005,Django Girls,4/19/2024,Qualified,Interview Slots Full
APP03437,25,Female,Kisumu,KCSE,P003,Code Hack,6/29/2024,Qualified,Could Not Be Reached
APP03438,26,Female,Nairobi,KCSE,P003,Code Hack,2/25/2024,Qualified,No Response
APP03439,33,Female,Mombasa,Bachelor's,P006,Mombasa Girls in STEM,4/5/2024,Applied,Did Not Meet Requirements
APP03440,19,Female,Lamu,KCSE,P001,STEM Cafe Kenya,1/30/2025,Qualified,Interview Slots Full
APP03441,31,Female,Lamu,Bachelor's,P005,Django Girls,1/11/2024,Enrolled,
APP03442,18,Female,Taita Taveta,KCSE,P004,Africa Code Week,7/28/2024,Qualified,No Response
APP03443,24,Female,Lamu,Certificate,P004,Africa Code Week,3/7/2025,Interviewed,Low Interview Score
APP03444,23,Female,Lamu,KCSE,P008,Web Development Classes,4/20/2025,Applied,Did Not Meet Requirements
APP03445,20,Female,Nairobi,KCSE,P008,Web Development Classes,1/19/2025,Applied,Did Not Meet Requirements
APP03446,22,Female,Nairobi,Certificate,P007,Women Digital Skills,3/22/2024,Qualified,No Response
APP03447,22,Female,Kisumu,KCSE,P004,Africa Code Week,9/10/2024,Qualified,Could Not Be Reached
APP03448,30,Female,Mombasa,Bachelor's,P002,Technovation,9/17/2024,Applied,Incomplete Application
APP03449,25,Male,Kilifi,Bachelor's,P006,Mombasa Girls in STEM,7/16/2025,Applied,Gender Mismatch
APP03450,34,Female,Tana River,Diploma,P006,Mombasa Girls in STEM,8/4/2024,Enrolled,
APP03451,23,Female,Mombasa,Certificate,P002,Technovation,8/14/2024,Qualified,Could Not Be Reached
APP03452,33,Female,Kwale,Master's,P008,Web Development Classes,8/29/2024,Qualified,No Response
APP03453,26,Female,Kisumu,KCSE,P001,STEM Cafe Kenya,6/22/2025,Applied,Did Not Meet Requirements
APP03454,20,Female,Kilifi,Diploma,P001,STEM Cafe Kenya,6/26/2025,Applied,Incomplete Application
APP03455,19,Female,Mombasa,KCSE,P005,Django Girls,2/21/2025,Qualified,Could Not Be Reached
APP03456,25,Female,Taita Taveta,Diploma,P005,Django Girls,4/13/2025,Applied,Incomplete Application
APP03457,32,Female,Mombasa,Diploma,P006,Mombasa Girls in STEM,9/13/2024,Applied,Did Not Meet Requirements
APP03458,23,Female,Kilifi,KCSE,P004,Africa Code Week,8/10/2025,Applied,Incomplete Application
APP03459,19,Female,Nakuru,KCSE,P003,Code Hack,9/8/2024,Applied,Incomplete Application
APP03460,19,Female,Kisumu,KCSE,P004,Africa Code Week,8/13/2024,Qualified,No Response
APP03461,19,Female,Nairobi,KCSE,P004,Africa Code Week,7/19/2024,Interviewed,Declined Offer
APP03462,24,Female,Taita Taveta,Certificate,P004,Africa Code Week,1/22/2024,Applied,Incomplete Application
APP03463,20,Female,Nairobi,Certificate,P008,Web Development Classes,9/27/2024,Qualified,Could Not Be Reached
APP03464,29,Female,Taita Taveta,Diploma,P008,Web Development Classes,6/26/2025,Interviewed,Cohort Full
APP03465,23,Female,Kilifi,Bachelor's,P004,Africa Code Week,7/29/2024,Interviewed,Declined Offer
APP03466,25,Female,Kilifi,Diploma,P007,Women Digital Skills,4/7/2024,Enrolled,
APP03467,31,Female,Mombasa,Bachelor's,P004,Africa Code Week,9/21/2024,Qualified,Interview Slots Full
APP03468,25,Female,Taita Taveta,Diploma,P001,STEM Cafe Kenya,3/13/2024,Applied,Did Not Meet Requirements
APP03469,20,Female,Nairobi,KCSE,P001,STEM Cafe Kenya,4/26/2024,Applied,Did Not Meet Requirements
APP03470,22,Female,Kilifi,Certificate,P001,STEM Cafe Kenya,9/5/2025,Applied,Incomplete Application
APP03471,24,Female,Kilifi,Certificate,P006,Mombasa Girls in STEM,8/30/2025,Interviewed,Low Interview Score
APP03472,18,Female,Mombasa,KCSE,P005,Django Girls,7/25/2025,Applied,Did Not Meet Requirements
APP03473,20,Male,Mombasa,Diploma,P003,Code Hack,1/10/2025,Applied,Gender Mismatch
APP03474,26,Female,Nairobi,Diploma,P004,Africa Code Week,3/3/2024,Qualified,Could Not Be Reached
APP03475,25,Female,Kwale,Bachelor's,P005,Django Girls,1/3/2025,Qualified,Could Not Be Reached
APP03476,30,Female,Taita Taveta,Bachelor's,P002,Technovation,8/4/2024,Enrolled,
APP03477,21,Female,Mombasa,KCSE,P001,STEM Cafe Kenya,6/23/2025,Qualified,Interview Slots Full
APP03478,26,Female,Lamu,Certificate,P007,Women Digital Skills,7/29/2025,Interviewed,Low Interview Score
APP03479,34,Female,Taita Taveta,Bachelor's,P004,Africa Code Week,9/24/2025,Applied,Did Not Meet Requirements
APP03480,28,Female,Tana River,Bachelor's,P004,Africa Code Week,3/25/2024,Applied,Did Not Meet Requirements
APP03481,22,Male,Nakuru,KCSE,P004,Africa Code Week,7/8/2025,Applied,Gender Mismatch
APP03482,30,Female,Tana River,Diploma,P004,Africa Code Week,6/17/2025,Applied,Incomplete Application
APP03483,25,Male,Kisumu,Diploma,P001,STEM Cafe Kenya,6/5/2025,Applied,Gender Mismatch
APP03484,23,Female,Mombasa,Diploma,P004,Africa Code Week,2/27/2025,Qualified,Interview Slots Full
APP03485,21,Female,Nairobi,KCSE,P003,Code Hack,1/30/2024,Enrolled,
APP03486,24,Female,Nairobi,Diploma,P001,STEM Cafe Kenya,1/11/2024,Qualified,Interview Slots Full
APP03487,20,Female,Mombasa,KCSE,P004,Africa Code Week,1/20/2024,Qualified,Interview Slots Full
APP03488,20,Male,Kwale,KCSE,P006,Mombasa Girls in STEM,1/26/2025,Applied,Gender Mismatch
APP03489,21,Female,Lamu,KCSE,P001,STEM Cafe Kenya,7/19/2024,Interviewed,Low Interview Score
APP03490,18,Female,Nakuru,KCSE,P002,Technovation,6/23/2025,Enrolled,
APP03491,22,Female,Nairobi,KCSE,P001,STEM Cafe Kenya,2/13/2024,Qualified,Could Not Be Reached
APP03492,29,Female,Nairobi,Diploma,P001,STEM Cafe Kenya,4/10/2025,Applied,Incomplete Application
APP03493,25,Female,Kisumu,Certificate,P004,Africa Code Week,7/3/2025,Enrolled,
APP03494,31,Male,Kwale,Diploma,P001,STEM Cafe Kenya,6/20/2025,Applied,Gender Mismatch
APP03495,24,Female,Nairobi,Certificate,P002,Technovation,1/7/2025,Interviewed,Low Interview Score
APP03496,34,Female,Kisumu,Diploma,P003,Code Hack,6/14/2025,Qualified,No Response
APP03497,19,Female,Mombasa,Certificate,P002,Technovation,7/26/2025,Applied,Did Not Meet Requirements
APP03498,22,Female,Taita Taveta,KCSE,P004,Africa Code Week,6/3/2024,Applied,Incomplete Application
APP03499,26,Female,Nakuru,KCSE,P003,Code Hack,9/4/2025,Enrolled,
APP03500,20,Female,Taita Taveta,KCSE,P004,Africa Code Week,7/24/2025,Enrolled,
APP03501,22,Female,Kilifi,Diploma,P005,Django Girls,1/18/2024,Qualified,Interview Slots Full
APP03502,20,Female,Mombasa,KCSE,P003,Code Hack,4/26/2025,Interviewed,Cohort Full
APP03503,20,Male,Mombasa,KCSE,P003,Code Hack,9/9/2024,Applied,Gender Mismatch
APP03504,23,Female,Nakuru,Certificate,P001,STEM Cafe Kenya,4/14/2024,Enrolled,
APP03505,34,Female,Kwale,Bachelor's,P004,Africa Code Week,3/16/2024,Qualified,Could Not Be Reached
APP03506,25,Female,Mombasa,Diploma,P003,Code Hack,2/26/2024,Qualified,Could Not Be Reached
APP03507,18,Female,Nakuru,Diploma,P001,STEM Cafe Kenya,7/31/2024,Applied,Incomplete Application
APP03508,32,Female,Kisumu,Bachelor's,P003,Code Hack,7/8/2024,Applied,Did Not Meet Requirements
APP03509,24,Female,Kwale,Certificate,P006,Mombasa Girls in STEM,2/15/2024,Qualified,Could Not Be Reached
APP03510,20,Female,Nairobi,KCSE,P001,STEM Cafe Kenya,3/7/2025,Qualified,No Response
APP03511,27,Female,Kwale,KCSE,P008,Web Development Classes,8/13/2024,Interviewed,Declined Offer
APP03512,30,Female,Lamu,Diploma,P008,Web Development Classes,3/9/2024,Applied,Incomplete Application
APP03513,21,Female,Kilifi,KCSE,P002,Technovation,3/26/2024,Interviewed,Cohort Full
APP03514,21,Male,Mombasa,KCSE,P003,Code Hack,7/22/2025,Applied,Gender Mismatch
APP03515,19,Female,Mombasa,Diploma,P005,Django Girls,1/1/2024,Qualified,No Response
APP03516,30,Female,Kwale,Bachelor's,P002,Technovation,6/14/2024,Qualified,Could Not Be Reached
APP03517,20,Female,Nairobi,Certificate,P005,Django Girls,9/18/2025,Qualified,No Response
APP03518,24,Female,Lamu,Bachelor's,P001,STEM Cafe Kenya,1/9/2024,Interviewed,Declined Offer
APP03519,22,Female,Kwale,Certificate,P006,Mombasa Girls in STEM,8/16/2025,Qualified,No Response
APP03520,23,Female,Tana River,KCSE,P007,Women Digital Skills,6/13/2024,Qualified,No Response
APP03521,19,Female,Mombasa,KCSE,P008,Web Development Classes,7/26/2025,Qualified,No Response
APP03522,21,Female,Taita Taveta,KCSE,P004,Africa Code Week,9/4/2025,Applied,Did Not Meet Requirements
APP03523,26,Female,Kisumu,Diploma,P006,Mombasa Girls in STEM,1/24/2025,Applied,Did Not Meet Requirements
APP03524,21,Female,Kilifi,KCSE,P004,Africa Code Week,9/16/2025,Applied,Incomplete Application
APP03525,21,Female,Nakuru,KCSE,P004,Africa Code Week,2/2/2025,Interviewed,Cohort Full
APP03526,27,Female,Nairobi,Bachelor's,P003,Code Hack,7/31/2025,Applied,Did Not Meet Requirements
APP03527,24,Female,Mombasa,KCSE,P001,STEM Cafe Kenya,9/16/2025,Enrolled,
APP03528,18,Female,Kisumu,Certificate,P002,Technovation,9/26/2024,Qualified,Could Not Be Reached
APP03529,24,Female,Kisumu,Certificate,P005,Django Girls,7/22/2025,Interviewed,Declined Offer
APP03530,19,Male,Nakuru,Certificate,P004,Africa Code Week,1/24/2024,Applied,Gender Mismatch
APP03531,34,Female,Kwale,Bachelor's,P004,Africa Code Week,4/22/2025,Applied,Did Not Meet Requirements
APP03532,19,Female,Kilifi,KCSE,P004,Africa Code Week,2/11/2024,Applied,Incomplete Application
APP03533,28,Female,Kisumu,Bachelor's,P004,Africa Code Week,4/8/2024,Applied,Did Not Meet Requirements
APP03534,22,Male,Kilifi,Diploma,P001,STEM Cafe Kenya,4/14/2024,Applied,Gender Mismatch
APP03535,20,Female,Nakuru,KCSE,P003,Code Hack,4/6/2025,Applied,Did Not Meet Requirements
APP03536,22,Female,Mombasa,KCSE,P002,Technovation,2/19/2024,Qualified,No Response
APP03537,34,Female,Kilifi,Diploma,P005,Django Girls,9/10/2024,Applied,Did Not Meet Requirements
APP03538,21,Female,Mombasa,KCSE,P003,Code Hack,8/19/2025,Enrolled,
APP03539,23,Male,Mombasa,Diploma,P004,Africa Code Week,9/14/2025,Applied,Gender Mismatch
APP03540,34,Female,Kisumu,Diploma,P002,Technovation,7/18/2025,Interviewed,Low Interview Score
APP03541,22,Female,Kilifi,Certificate,P002,Technovation,8/17/2025,Interviewed,Declined Offer
APP03542,25,Female,Kilifi,Bachelor's,P004,Africa Code Week,4/19/2024,Qualified,No Response
APP03543,20,Male,Lamu,KCSE,P005,Django Girls,9/3/2024,Applied,Gender Mismatch
APP03544,33,Female,Lamu,Bachelor's,P001,STEM Cafe Kenya,1/11/2025,Qualified,No Response
APP03545,30,Female,Kilifi,Diploma,P005,Django Girls,4/9/2025,Enrolled,
APP03546,25,Male,Mombasa,Diploma,P008,Web Development Classes,1/14/2025,Applied,Gender Mismatch
APP03547,21,Female,Mombasa,KCSE,P008,Web Development Classes,4/17/2025,Enrolled,
APP03548,31,Female,Kilifi,Bachelor's,P002,Technovation,3/27/2025,Applied,Did Not Meet Requirements
APP03549,33,Female,Kisumu,Bachelor's,P007,Women Digital Skills,2/6/2024,Applied,Did Not Meet Requirements
APP03550,33,Female,Kilifi,Bachelor's,P005,Django Girls,4/8/2025,Qualified,No Response
APP03551,22,Female,Kilifi,KCSE,P003,Code Hack,6/2/2025,Qualified,No Response
APP03552,19,Female,Kilifi,KCSE,P003,Code Hack,9/21/2025,Applied,Incomplete Application
APP03553,22,Female,Mombasa,KCSE,P002,Technovation,8/16/2025,Qualified,No Response
APP03554,28,Female,Kwale,Diploma,P004,Africa Code Week,4/1/2024,Interviewed,Cohort Full
APP03555,27,Female,Mombasa,Diploma,P002,Technovation,4/5/2024,Applied,Did Not Meet Requirements
APP03556,30,Female,Mombasa,Diploma,P005,Django Girls,2/27/2025,Enrolled,
APP03557,28,Female,Lamu,Bachelor's,P005,Django Girls,1/23/2025,Qualified,Interview Slots Full
APP03558,19,Female,Lamu,Diploma,P002,Technovation,1/10/2024,Applied,Did Not Meet Requirements
APP03559,19,Female,Mombasa,KCSE,P002,Technovation,7/11/2024,Applied,Incomplete Application
APP03560,23,Female,Lamu,Certificate,P004,Africa Code Week,6/28/2025,Enrolled,
APP03561,18,Female,Mombasa,Certificate,P004,Africa Code Week,4/26/2024,Enrolled,
APP03562,31,Female,Tana River,Master's,P001,STEM Cafe Kenya,2/21/2024,Qualified,Could Not Be Reached
APP03563,24,Female,Mombasa,KCSE,P004,Africa Code Week,6/21/2025,Interviewed,Low Interview Score
APP03564,22,Male,Nairobi,KCSE,P001,STEM Cafe Kenya,2/16/2025,Applied,Gender Mismatch
APP03565,24,Female,Kisumu,KCSE,P003,Code Hack,7/15/2024,Interviewed,Declined Offer
APP03566,24,Female,Mombasa,Bachelor's,P001,STEM Cafe Kenya,8/9/2024,Interviewed,Low Interview Score
APP03567,33,Female,Mombasa,Bachelor's,P003,Code Hack,1/20/2024,Applied,Incomplete Application
APP03568,20,Female,Kilifi,Certificate,P006,Mombasa Girls in STEM,9/6/2025,Enrolled,
APP03569,25,Female,Nakuru,Diploma,P003,Code Hack,2/4/2025,Qualified,No Response
APP03570,34,Female,Kilifi,Bachelor's,P006,Mombasa Girls in STEM,3/11/2025,Applied,Did Not Meet Requirements
APP03571,18,Female,Mombasa,KCSE,P002,Technovation,4/1/2024,Enrolled,
APP03572,19,Female,Mombasa,KCSE,P008,Web Development Classes,8/10/2025,Applied,Did Not Meet Requirements
APP03573,26,Female,Mombasa,Diploma,P005,Django Girls,6/14/2024,Qualified,No Response
APP03574,29,Female,Mombasa,Bachelor's,P001,STEM Cafe Kenya,6/16/2024,Qualified,Could Not Be Reached
APP03575,26,Female,Kisumu,Diploma,P004,Africa Code Week,8/12/2024,Qualified,Could Not Be Reached
APP03576,22,Male,Kilifi,Certificate,P001,STEM Cafe Kenya,1/28/2025,Applied,Gender Mismatch
APP03577,20,Female,Kilifi,KCSE,P002,Technovation,3/12/2025,Applied,Incomplete Application
APP03578,22,Female,Taita Taveta,Diploma,P002,Technovation,3/29/2025,Enrolled,
APP03579,18,Female,Kilifi,Certificate,P002,Technovation,1/3/2024,Qualified,Could Not Be Reached
APP03580,18,Female,Nakuru,KCSE,P003,Code Hack,1/3/2024,Applied,Incomplete Application
APP03581,22,Female,Kisumu,KCSE,P008,Web Development Classes,3/17/2024,Applied,Did Not Meet Requirements
APP03582,33,Female,Kisumu,Bachelor's,P004,Africa Code Week,6/9/2025,Qualified,Could Not Be Reached
APP03583,25,Female,Kilifi,Certificate,P002,Technovation,2/22/2025,Interviewed,Declined Offer
APP03584,28,Female,Mombasa,Master's,P007,Women Digital Skills,3/27/2025,Qualified,Could Not Be Reached
APP03585,21,Female,Mombasa,KCSE,P002,Technovation,4/26/2024,Applied,Did Not Meet Requirements
APP03586,20,Female,Mombasa,Diploma,P001,STEM Cafe Kenya,1/1/2024,Enrolled,
APP03587,19,Female,Mombasa,KCSE,P005,Django Girls,6/14/2024,Interviewed,Cohort Full
APP03588,19,Female,Lamu,Certificate,P001,STEM Cafe Kenya,9/14/2025,Applied,Incomplete Application
APP03589,34,Female,Mombasa,Bachelor's,P003,Code Hack,4/5/2025,Qualified,Could Not Be Reached
APP03590,19,Female,Kisumu,KCSE,P005,Django Girls,4/1/2025,Qualified,No Response
APP03591,31,Female,Mombasa,Bachelor's,P003,Code Hack,9/26/2025,Qualified,No Response
APP03592,29,Female,Kisumu,Master's,P004,Africa Code Week,4/12/2025,Interviewed,Low Interview Score
APP03593,22,Female,Kisumu,KCSE,P002,Technovation,3/6/2025,Applied,Incomplete Application
APP03594,20,Female,Nairobi,Certificate,P003,Code Hack,7/5/2024,Enrolled,
APP03595,25,Female,Mombasa,Diploma,P004,Africa Code Week,3/13/2024,Qualified,Could Not Be Reached
APP03596,20,Female,Kwale,KCSE,P003,Code Hack,2/1/2024,Interviewed,Declined Offer
APP03597,21,Female,Kisumu,KCSE,P001,STEM Cafe Kenya,3/14/2025,Applied,Incomplete Application
APP03598,34,Female,Nakuru,Diploma,P007,Women Digital Skills,6/9/2024,Enrolled,
APP03599,30,Female,Kisumu,Bachelor's,P004,Africa Code Week,8/5/2024,Applied,Did Not Meet Requirements
APP03600,24,Male,Kilifi,Certificate,P005,Django Girls,6/24/2024,Applied,Gender Mismatch
APP03601,21,Female,Lamu,Certificate,P001,STEM Cafe Kenya,1/16/2025,Interviewed,Cohort Full
APP03602,23,Female,Taita Taveta,Diploma,P001,STEM Cafe Kenya,8/15/2024,Qualified,Could Not Be Reached
APP03603,19,Male,Kwale,Certificate,P002,Technovation,2/20/2025,Applied,Gender Mismatch
APP03604,33,Female,Nakuru,Bachelor's,P004,Africa Code Week,3/28/2025,Enrolled,
APP03605,22,Female,Mombasa,KCSE,P006,Mombasa Girls in STEM,1/29/2024,Applied,Incomplete Application
APP03606,34,Female,Mombasa,Bachelor's,P003,Code Hack,4/4/2025,Applied,Did Not Meet Requirements
APP03607,31,Female,Taita Taveta,Bachelor's,P002,Technovation,4/29/2024,Qualified,Interview Slots Full
APP03608,25,Female,Kilifi,Certificate,P002,Technovation,2/28/2025,Interviewed,Cohort Full
APP03609,20,Female,Nakuru,Certificate,P004,Africa Code Week,2/2/2025,Applied,Did Not Meet Requirements
APP03610,27,Female,Nakuru,Diploma,P006,Mombasa Girls in STEM,2/26/2025,Applied,Incomplete Application
APP03611,27,Female,Nairobi,Certificate,P001,STEM Cafe Kenya,6/19/2024,Applied,Did Not Meet Requirements
APP03612,21,Female,Lamu,KCSE,P004,Africa Code Week,3/24/2024,Qualified,No Response
APP03613,19,Female,Mombasa,KCSE,P004,Africa Code Week,6/26/2024,Qualified,No Response
APP03614,26,Female,Mombasa,Diploma,P008,Web Development Classes,8/26/2025,Qualified,Could Not Be Reached
APP03615,22,Female,Nairobi,KCSE,P006,Mombasa Girls in STEM,6/14/2025,Enrolled,
APP03616,24,Female,Kisumu,Certificate,P008,Web Development Classes,4/15/2025,Applied,Did Not Meet Requirements
APP03617,29,Female,Nairobi,Bachelor's,P004,Africa Code Week,8/14/2024,Qualified,Could Not Be Reached
APP03618,19,Female,Nairobi,KCSE,P001,STEM Cafe Kenya,2/5/2025,Qualified,Interview Slots Full
APP03619,23,Female,Taita Taveta,Bachelor's,P001,STEM Cafe Kenya,9/9/2025,Applied,Did Not Meet Requirements
APP03620,26,Female,Lamu,Diploma,P004,Africa Code Week,3/21/2025,Enrolled,
APP03621,26,Female,Nakuru,Certificate,P001,STEM Cafe Kenya,9/16/2024,Applied,Did Not Meet Requirements
APP03622,26,Female,Kilifi,KCSE,P008,Web Development Classes,1/31/2024,Qualified,No Response
APP03623,18,Female,Nairobi,KCSE,P001,STEM Cafe Kenya,4/8/2024,Qualified,Interview Slots Full
APP03624,19,Female,Kilifi,Certificate,P003,Code Hack,6/24/2024,Qualified,No Response
APP03625,18,Female,Kisumu,Diploma,P001,STEM Cafe Kenya,8/26/2025,Qualified,No Response
APP03626,30,Female,Lamu,Diploma,P001,STEM Cafe Kenya,6/23/2025,Applied,Did Not Meet Requirements
APP03627,28,Female,Nakuru,Diploma,P004,Africa Code Week,8/5/2025,Interviewed,Low Interview Score
APP03628,30,Female,Kwale,Diploma,P002,Technovation,8/18/2024,Applied,Incomplete Application
APP03629,18,Female,Kilifi,Diploma,P004,Africa Code Week,1/21/2025,Applied,Incomplete Application
APP03630,26,Female,Tana River,Certificate,P004,Africa Code Week,8/18/2024,Applied,Did Not Meet Requirements
APP03631,19,Female,Mombasa,Certificate,P004,Africa Code Week,7/26/2025,Enrolled,
APP03632,35,Female,Kilifi,Diploma,P004,Africa Code Week,8/16/2024,Interviewed,Cohort Full
APP03633,29,Female,Kisumu,Diploma,P007,Women Digital Skills,3/29/2024,Applied,Incomplete Application
APP03634,29,Female,Tana River,Bachelor's,P004,Africa Code Week,1/6/2025,Applied,Incomplete Application
APP03635,19,Female,Tana River,KCSE,P001,STEM Cafe Kenya,1/14/2024,Qualified,Could Not Be Reached
APP03636,20,Female,Tana River,KCSE,P006,Mombasa Girls in STEM,1/29/2025,Applied,Incomplete Application
APP03637,24,Female,Nakuru,KCSE,P002,Technovation,7/9/2024,Applied,Did Not Meet Requirements
APP03638,26,Female,Taita Taveta,Certificate,P002,Technovation,9/18/2025,Qualified,No Response
APP03639,25,Female,Kwale,KCSE,P002,Technovation,9/16/2024,Enrolled,
APP03640,21,Female,Mombasa,KCSE,P001,STEM Cafe Kenya,8/3/2024,Qualified,No Response
APP03641,32,Female,Nairobi,Diploma,P005,Django Girls,2/28/2024,Enrolled,
APP03642,24,Female,Taita Taveta,Certificate,P002,Technovation,6/28/2025,Qualified,Could Not Be Reached
APP03643,18,Female,Nakuru,KCSE,P002,Technovation,8/10/2025,Qualified,No Response
APP03644,18,Female,Kwale,Certificate,P001,STEM Cafe Kenya,3/4/2025,Applied,Did Not Meet Requirements
APP03645,24,Male,Tana River,Certificate,P003,Code Hack,8/16/2025,Applied,Gender Mismatch
APP03646,31,Female,Nakuru,Bachelor's,P001,STEM Cafe Kenya,3/4/2024,Enrolled,
APP03647,19,Female,Nairobi,Certificate,P001,STEM Cafe Kenya,1/15/2024,Interviewed,Declined Offer
APP03648,20,Female,Kisumu,KCSE,P004,Africa Code Week,6/24/2024,Qualified,Could Not Be Reached
APP03649,26,Female,Nairobi,Certificate,P008,Web Development Classes,4/1/2025,Applied,Did Not Meet Requirements
APP03650,30,Female,Nakuru,Diploma,P001,STEM Cafe Kenya,3/19/2025,Applied,Did Not Meet Requirements
APP03651,18,Female,Kwale,Diploma,P008,Web Development Classes,2/13/2024,Applied,Incomplete Application
APP03652,27,Female,Kisumu,Diploma,P006,Mombasa Girls in STEM,1/3/2024,Interviewed,Cohort Full
APP03653,19,Female,Kwale,KCSE,P001,STEM Cafe Kenya,4/1/2025,Qualified,Could Not Be Reached
APP03654,31,Male,Kwale,Bachelor's,P005,Django Girls,6/15/2025,Applied,Gender Mismatch
APP03655,27,Female,Kwale,KCSE,P008,Web Development Classes,6/21/2025,Qualified,No Response
APP03656,18,Female,Kwale,KCSE,P004,Africa Code Week,4/18/2025,Qualified,No Response
APP03657,28,Female,Nakuru,Diploma,P008,Web Development Classes,1/5/2024,Qualified,Could Not Be Reached
APP03658,22,Female,Lamu,KCSE,P003,Code Hack,4/1/2025,Applied,Incomplete Application
APP03659,21,Female,Kisumu,Certificate,P004,Africa Code Week,1/31/2025,Interviewed,Declined Offer
APP03660,21,Female,Kwale,KCSE,P004,Africa Code Week,7/2/2025,Qualified,Could Not Be Reached
APP03661,19,Female,Nakuru,KCSE,P007,Women Digital Skills,7/7/2025,Qualified,Could Not Be Reached
APP03662,24,Male,Kisumu,Diploma,P003,Code Hack,9/27/2025,Applied,Gender Mismatch
APP03663,24,Female,Nairobi,KCSE,P002,Technovation,1/23/2024,Applied,Did Not Meet Requirements
APP03664,26,Female,Nakuru,KCSE,P005,Django Girls,1/10/2024,Enrolled,
APP03665,31,Female,Mombasa,Master's,P002,Technovation,3/11/2025,Enrolled,
APP03666,24,Male,Kisumu,Certificate,P002,Technovation,3/19/2024,Applied,Gender Mismatch
APP03667,20,Female,Kilifi,Certificate,P001,STEM Cafe Kenya,3/26/2025,Interviewed,Low Interview Score
APP03668,33,Female,Mombasa,Bachelor's,P004,Africa Code Week,1/21/2025,Applied,Incomplete Application
APP03669,18,Female,Lamu,KCSE,P001,STEM Cafe Kenya,3/26/2024,Interviewed,Declined Offer
APP03670,19,Female,Kisumu,Certificate,P006,Mombasa Girls in STEM,3/1/2025,Qualified,Could Not Be Reached
APP03671,25,Female,Kilifi,Certificate,P007,Women Digital Skills,8/16/2025,Qualified,Could Not Be Reached
APP03672,24,Female,Taita Taveta,KCSE,P004,Africa Code Week,8/19/2024,Interviewed,Low Interview Score
APP03673,19,Female,Nakuru,Certificate,P005,Django Girls,7/20/2024,Qualified,Interview Slots Full
APP03674,18,Female,Nairobi,KCSE,P004,Africa Code Week,7/5/2024,Qualified,No Response
APP03675,35,Female,Nairobi,Bachelor's,P004,Africa Code Week,8/15/2025,Enrolled,
APP03676,18,Female,Nakuru,Certificate,P002,Technovation,1/8/2025,Qualified,Could Not Be Reached
APP03677,26,Female,Nairobi,Bachelor's,P003,Code Hack,1/13/2025,Applied,Did Not Meet Requirements
APP03678,23,Female,Kilifi,Certificate,P001,STEM Cafe Kenya,3/2/2024,Qualified,Interview Slots Full
APP03679,20,Female,Kisumu,Certificate,P003,Code Hack,6/9/2025,Applied,Did Not Meet Requirements
APP03680,18,Female,Kilifi,KCSE,P005,Django Girls,6/25/2024,Interviewed,Declined Offer
APP03681,19,Female,Kilifi,KCSE,P001,STEM Cafe Kenya,1/31/2024,Applied,Incomplete Application
APP03682,20,Female,Kwale,KCSE,P003,Code Hack,9/18/2024,Qualified,Could Not Be Reached
APP03683,21,Female,Lamu,Certificate,P001,STEM Cafe Kenya,6/5/2024,Enrolled,
APP03684,19,Female,Nakuru,KCSE,P003,Code Hack,1/26/2024,Interviewed,Low Interview Score
APP03685,19,Female,Kisumu,KCSE,P001,STEM Cafe Kenya,8/11/2024,Applied,Did Not Meet Requirements
APP03686,26,Female,Kilifi,KCSE,P001,STEM Cafe Kenya,4/14/2025,Qualified,No Response
APP03687,19,Male,Nairobi,Certificate,P002,Technovation,6/9/2025,Applied,Gender Mismatch
APP03688,25,Female,Kwale,Diploma,P001,STEM Cafe Kenya,2/13/2025,Applied,Did Not Meet Requirements
APP03689,20,Female,Kwale,Certificate,P002,Technovation,9/23/2024,Enrolled,
APP03690,21,Female,Lamu,KCSE,P002,Technovation,9/17/2025,Applied,Did Not Meet Requirements
APP03691,26,Female,Nakuru,Diploma,P004,Africa Code Week,4/24/2024,Applied,Did Not Meet Requirements
APP03692,25,Male,Lamu,Diploma,P002,Technovation,7/20/2024,Applied,Gender Mismatch
APP03693,22,Female,Tana River,KCSE,P006,Mombasa Girls in STEM,1/11/2024,Applied,Incomplete Application
APP03694,21,Female,Kwale,KCSE,P003,Code Hack,2/21/2025,Applied,Did Not Meet Requirements
APP03695,26,Female,Mombasa,Diploma,P003,Code Hack,9/17/2025,Qualified,Could Not Be Reached
APP03696,19,Male,Kisumu,Certificate,P001,STEM Cafe Kenya,1/28/2025,Applied,Gender Mismatch
APP03697,23,Male,Tana River,Certificate,P008,Web Development Classes,6/23/2024,Applied,Gender Mismatch
APP03698,19,Male,Kisumu,KCSE,P002,Technovation,8/31/2025,Applied,Gender Mismatch
APP03699,26,Female,Mombasa,KCSE,P008,Web Development Classes,2/21/2025,Interviewed,Declined Offer
APP03700,29,Female,Mombasa,Diploma,P004,Africa Code Week,2/9/2024,Interviewed,Cohort Full
APP03701,19,Male,Kisumu,KCSE,P004,Africa Code Week,8/31/2024,Applied,Gender Mismatch
APP03702,35,Male,Nakuru,Bachelor's,P008,Web Development Classes,8/16/2024,Applied,Gender Mismatch
APP03703,26,Female,Nakuru,Certificate,P002,Technovation,7/9/2025,Qualified,Could Not Be Reached
APP03704,22,Female,Nairobi,KCSE,P005,Django Girls,9/13/2024,Interviewed,Declined Offer
APP03705,22,Female,Kilifi,KCSE,P001,STEM Cafe Kenya,2/10/2025,Qualified,No Response
APP03706,33,Female,Nairobi,Bachelor's,P005,Django Girls,4/10/2025,Applied,Incomplete Application
APP03707,32,Female,Mombasa,Bachelor's,P008,Web Development Classes,8/15/2025,Enrolled,
APP03708,27,Female,Mombasa,Diploma,P006,Mombasa Girls in STEM,1/14/2024,Qualified,Could Not Be Reached
APP03709,18,Female,Mombasa,KCSE,P005,Django Girls,9/9/2024,Enrolled,
APP03710,28,Female,Kisumu,Bachelor's,P002,Technovation,8/27/2025,Applied,Did Not Meet Requirements
APP03711,25,Female,Nakuru,Diploma,P002,Technovation,6/20/2025,Qualified,Interview Slots Full
APP03712,24,Female,Kilifi,KCSE,P001,STEM Cafe Kenya,7/22/2024,Qualified,Interview Slots Full
APP03713,22,Male,Nairobi,KCSE,P003,Code Hack,8/11/2025,Applied,Gender Mismatch
APP03714,27,Female,Tana River,Diploma,P001,STEM Cafe Kenya,7/24/2025,Enrolled,
APP03715,22,Female,Lamu,KCSE,P001,STEM Cafe Kenya,8/6/2024,Interviewed,Declined Offer
APP03716,18,Female,Kilifi,KCSE,P004,Africa Code Week,4/26/2025,Interviewed,Declined Offer
APP03717,20,Female,Nairobi,Diploma,P001,STEM Cafe Kenya,9/24/2025,Applied,Incomplete Application
APP03718,19,Female,Nairobi,KCSE,P005,Django Girls,8/30/2025,Interviewed,Low Interview Score
APP03719,34,Female,Mombasa,Master's,P006,Mombasa Girls in STEM,1/27/2025,Qualified,Could Not Be Reached
APP03720,20,Female,Lamu,KCSE,P002,Technovation,2/15/2025,Applied,Incomplete Application
APP03721,20,Female,Mombasa,Certificate,P005,Django Girls,6/27/2024,Enrolled,
APP03722,24,Female,Nakuru,Diploma,P002,Technovation,3/15/2025,Applied,Did Not Meet Requirements
APP03723,24,Female,Mombasa,Certificate,P005,Django Girls,4/4/2025,Applied,Did Not Meet Requirements
APP03724,25,Male,Kisumu,Certificate,P006,Mombasa Girls in STEM,7/28/2025,Applied,Gender Mismatch
APP03725,26,Female,Nairobi,Diploma,P003,Code Hack,6/21/2024,Enrolled,
APP03726,19,Female,Lamu,Diploma,P004,Africa Code Week,1/10/2024,Interviewed,Cohort Full
APP03727,25,Female,Kwale,Certificate,P001,STEM Cafe Kenya,3/22/2025,Qualified,No Response
APP03728,19,Female,Mombasa,KCSE,P002,Technovation,3/18/2024,Qualified,No Response
APP03729,20,Female,Kwale,KCSE,P002,Technovation,8/27/2025,Applied,Incomplete Application
APP03730,33,Female,Mombasa,Diploma,P002,Technovation,1/24/2024,Enrolled,
APP03731,35,Female,Kwale,Bachelor's,P001,STEM Cafe Kenya,4/22/2025,Applied,Did Not Meet Requirements
APP03732,21,Female,Kwale,KCSE,P002,Technovation,7/18/2024,Qualified,No Response
APP03733,25,Female,Mombasa,Diploma,P002,Technovation,8/25/2025,Applied,Incomplete Application
APP03734,24,Female,Kilifi,Certificate,P004,Africa Code Week,7/24/2025,Applied,Did Not Meet Requirements
APP03735,23,Female,Nairobi,Diploma,P005,Django Girls,6/26/2024,Qualified,No Response
APP03736,35,Female,Mombasa,Bachelor's,P008,Web Development Classes,7/26/2024,Qualified,Interview Slots Full
APP03737,26,Female,Kwale,Diploma,P004,Africa Code Week,1/9/2024,Qualified,Could Not Be Reached
APP03738,25,Female,Nairobi,Certificate,P002,Technovation,2/5/2025,Qualified,Could Not Be Reached
APP03739,20,Female,Nakuru,KCSE,P008,Web Development Classes,2/2/2024,Qualified,No Response
APP03740,27,Female,Nairobi,Certificate,P004,Africa Code Week,8/5/2024,Enrolled,
APP03741,25,Female,Kilifi,Bachelor's,P003,Code Hack,4/8/2024,Interviewed,Low Interview Score
APP03742,20,Female,Lamu,KCSE,P002,Technovation,7/28/2025,Applied,Did Not Meet Requirements
APP03743,22,Female,Kisumu,KCSE,P001,STEM Cafe Kenya,7/5/2025,Applied,Incomplete Application
APP03744,27,Female,Taita Taveta,Certificate,P006,Mombasa Girls in STEM,1/5/2024,Qualified,Interview Slots Full
APP03745,25,Female,Kisumu,Certificate,P004,Africa Code Week,9/20/2025,Enrolled,
APP03746,28,Female,Nairobi,Master's,P001,STEM Cafe Kenya,2/24/2025,Qualified,No Response
APP03747,21,Male,Mombasa,KCSE,P002,Technovation,6/29/2024,Applied,Gender Mismatch
APP03748,18,Female,Kilifi,Diploma,P003,Code Hack,6/17/2025,Applied,Incomplete Application
APP03749,25,Female,Taita Taveta,KCSE,P008,Web Development Classes,4/24/2025,Enrolled,
APP03750,34,Female,Mombasa,Bachelor's,P008,Web Development Classes,3/23/2024,Enrolled,
APP03751,22,Female,Nairobi,Diploma,P004,Africa Code Week,3/17/2025,Qualified,Interview Slots Full
APP03752,22,Female,Tana River,KCSE,P006,Mombasa Girls in STEM,7/12/2024,Qualified,No Response
APP03753,23,Female,Mombasa,Certificate,P008,Web Development Classes,7/31/2025,Applied,Did Not Meet Requirements
APP03754,22,Female,Nakuru,KCSE,P004,Africa Code Week,2/2/2024,Qualified,Interview Slots Full
APP03755,33,Male,Nairobi,Bachelor's,P006,Mombasa Girls in STEM,3/20/2024,Applied,Gender Mismatch
APP03756,28,Female,Kisumu,Diploma,P001,STEM Cafe Kenya,6/3/2025,Applied,Did Not Meet Requirements
APP03757,34,Female,Kilifi,Bachelor's,P001,STEM Cafe Kenya,8/4/2024,Qualified,Interview Slots Full
APP03758,21,Female,Nairobi,Diploma,P001,STEM Cafe Kenya,4/12/2025,Qualified,Interview Slots Full
APP03759,18,Female,Tana River,KCSE,P007,Women Digital Skills,8/23/2025,Applied,Incomplete Application
APP03760,22,Female,Kwale,KCSE,P008,Web Development Classes,9/24/2025,Interviewed,Low Interview Score
APP03761,26,Female,Kilifi,KCSE,P001,STEM Cafe Kenya,8/27/2024,Qualified,Interview Slots Full
APP03762,29,Female,Taita Taveta,Master's,P008,Web Development Classes,6/20/2025,Enrolled,
APP03763,27,Female,Nairobi,Certificate,P003,Code Hack,6/22/2025,Interviewed,Declined Offer
APP03764,26,Female,Nairobi,Certificate,P002,Technovation,6/19/2024,Qualified,Could Not Be Reached
APP03765,18,Female,Kisumu,KCSE,P008,Web Development Classes,4/2/2025,Interviewed,Cohort Full
APP03766,29,Female,Mombasa,Bachelor's,P008,Web Development Classes,4/13/2025,Applied,Incomplete Application
APP03767,27,Female,Nakuru,Diploma,P004,Africa Code Week,8/12/2025,Qualified,Could Not Be Reached
APP03768,24,Male,Mombasa,Certificate,P004,Africa Code Week,4/2/2025,Applied,Gender Mismatch
APP03769,27,Female,Taita Taveta,Certificate,P001,STEM Cafe Kenya,2/6/2024,Enrolled,
APP03770,18,Female,Kisumu,Certificate,P001,STEM Cafe Kenya,1/31/2025,Qualified,No Response
APP03771,27,Female,Kisumu,KCSE,P007,Women Digital Skills,3/4/2024,Qualified,No Response
APP03772,19,Female,Lamu,KCSE,P001,STEM Cafe Kenya,9/6/2025,Qualified,No Response
APP03773,26,Female,Mombasa,KCSE,P002,Technovation,4/11/2024,Qualified,Interview Slots Full
APP03774,33,Female,Nairobi,Bachelor's,P004,Africa Code Week,1/25/2024,Applied,Did Not Meet Requirements
APP03775,19,Female,Lamu,KCSE,P001,STEM Cafe Kenya,2/18/2025,Interviewed,Declined Offer
APP03776,27,Female,Mombasa,Bachelor's,P002,Technovation,4/19/2024,Qualified,No Response
APP03777,35,Female,Tana River,Bachelor's,P004,Africa Code Week,8/5/2024,Applied,Incomplete Application
APP03778,29,Female,Mombasa,Bachelor's,P004,Africa Code Week,8/3/2024,Interviewed,Low Interview Score
APP03779,24,Female,Nakuru,Diploma,P003,Code Hack,8/28/2024,Enrolled,
APP03780,25,Female,Kilifi,Certificate,P005,Django Girls,1/5/2024,Applied,Incomplete Application
APP03781,22,Female,Tana River,KCSE,P004,Africa Code Week,4/10/2024,Qualified,No Response
APP03782,35,Female,Kilifi,Bachelor's,P004,Africa Code Week,7/20/2025,Applied,Did Not Meet Requirements
APP03783,34,Female,Nakuru,Master's,P004,Africa Code Week,6/18/2025,Applied,Incomplete Application
APP03784,23,Female,Lamu,Diploma,P004,Africa Code Week,6/19/2024,Enrolled,
APP03785,18,Female,Tana River,KCSE,P004,Africa Code Week,6/21/2024,Qualified,No Response
APP03786,18,Female,Mombasa,KCSE,P007,Women Digital Skills,7/26/2025,Interviewed,Low Interview Score
APP03787,22,Female,Kwale,KCSE,P007,Women Digital Skills,6/30/2024,Qualified,No Response
APP03788,19,Female,Tana River,Certificate,P002,Technovation,2/4/2024,Qualified,Could Not Be Reached
APP03789,26,Female,Mombasa,Certificate,P008,Web Development Classes,6/22/2025,Qualified,No Response
APP03790,20,Female,Kilifi,Diploma,P001,STEM Cafe Kenya,6/1/2025,Qualified,Interview Slots Full
APP03791,32,Female,Kisumu,Bachelor's,P002,Technovation,6/10/2025,Applied,Incomplete Application
APP03792,21,Female,Nairobi,KCSE,P001,STEM Cafe Kenya,6/10/2024,Qualified,Could Not Be Reached
APP03793,19,Female,Mombasa,KCSE,P003,Code Hack,4/21/2024,Applied,Did Not Meet Requirements
APP03794,31,Female,Kilifi,Master's,P007,Women Digital Skills,1/16/2025,Qualified,Could Not Be Reached
APP03795,26,Female,Lamu,Certificate,P004,Africa Code Week,4/9/2025,Applied,Incomplete Application
APP03796,26,Female,Tana River,Diploma,P008,Web Development Classes,8/25/2025,Qualified,No Response
APP03797,30,Female,Kwale,Bachelor's,P005,Django Girls,1/26/2025,Qualified,Could Not Be Reached
APP03798,22,Male,Nakuru,KCSE,P002,Technovation,7/24/2024,Applied,Gender Mismatch
APP03799,20,Female,Taita Taveta,KCSE,P005,Django Girls,1/31/2025,Qualified,Interview Slots Full
APP03800,25,Male,Kwale,Diploma,P003,Code Hack,4/15/2025,Applied,Gender Mismatch
APP03801,22,Female,Mombasa,KCSE,P006,Mombasa Girls in STEM,4/15/2025,Applied,Incomplete Application
APP03802,23,Female,Mombasa,Diploma,P004,Africa Code Week,2/18/2025,Qualified,No Response
APP03803,28,Female,Nairobi,Diploma,P008,Web Development Classes,1/30/2024,Enrolled,
APP03804,24,Female,Taita Taveta,Certificate,P003,Code Hack,7/30/2024,Qualified,No Response
APP03805,31,Female,Nakuru,Bachelor's,P001,STEM Cafe Kenya,1/1/2025,Qualified,Interview Slots Full
APP03806,28,Female,Kilifi,Bachelor's,P002,Technovation,9/5/2024,Applied,Did Not Meet Requirements
APP03807,25,Female,Tana River,Diploma,P001,STEM Cafe Kenya,4/1/2025,Interviewed,Low Interview Score
APP03808,18,Female,Nairobi,KCSE,P008,Web Development Classes,4/17/2024,Interviewed,Low Interview Score
APP03809,33,Female,Nakuru,Master's,P002,Technovation,6/20/2024,Enrolled,
APP03810,28,Male,Mombasa,Bachelor's,P003,Code Hack,1/14/2025,Applied,Gender Mismatch
APP03811,20,Male,Nakuru,KCSE,P002,Technovation,7/19/2025,Applied,Gender Mismatch
APP03812,24,Male,Mombasa,Certificate,P007,Women Digital Skills,7/18/2024,Applied,Gender Mismatch
APP03813,25,Female,Mombasa,Certificate,P003,Code Hack,1/27/2025,Applied,Incomplete Application
APP03814,26,Female,Kwale,Certificate,P005,Django Girls,1/9/2024,Enrolled,
APP03815,29,Female,Mombasa,Diploma,P005,Django Girls,1/3/2025,Qualified,Interview Slots Full
APP03816,20,Female,Mombasa,KCSE,P002,Technovation,4/27/2025,Interviewed,Low Interview Score
APP03817,26,Female,Kwale,Diploma,P002,Technovation,6/18/2025,Applied,Incomplete Application
APP03818,18,Female,Lamu,Diploma,P001,STEM Cafe Kenya,7/8/2025,Applied,Incomplete Application
APP03819,23,Female,Nairobi,Diploma,P001,STEM Cafe Kenya,2/19/2025,Interviewed,Low Interview Score
APP03820,25,Female,Taita Taveta,KCSE,P004,Africa Code Week,7/8/2025,Qualified,Could Not Be Reached
APP03821,33,Female,Tana River,Bachelor's,P008,Web Development Classes,1/26/2025,Interviewed,Low Interview Score
APP03822,21,Female,Kwale,KCSE,P004,Africa Code Week,2/4/2024,Enrolled,
APP03823,19,Male,Nakuru,Certificate,P001,STEM Cafe Kenya,2/11/2025,Applied,Gender Mismatch
APP03824,24,Female,Nairobi,Diploma,P002,Technovation,7/11/2024,Enrolled,
APP03825,21,Male,Kisumu,KCSE,P003,Code Hack,4/3/2025,Applied,Gender Mismatch
APP03826,30,Female,Kisumu,Bachelor's,P002,Technovation,1/18/2025,Applied,Incomplete Application
APP03827,23,Female,Lamu,Diploma,P005,Django Girls,3/17/2025,Enrolled,
APP03828,21,Female,Mombasa,KCSE,P001,STEM Cafe Kenya,2/17/2024,Applied,Incomplete Application
APP03829,22,Female,Kwale,KCSE,P002,Technovation,1/19/2025,Qualified,No Response
APP03830,32,Female,Kwale,Master's,P004,Africa Code Week,8/22/2024,Applied,Did Not Meet Requirements
APP03831,18,Female,Mombasa,Certificate,P004,Africa Code Week,2/2/2024,Applied,Did Not Meet Requirements
APP03832,31,Female,Nairobi,Bachelor's,P004,Africa Code Week,9/4/2025,Qualified,Interview Slots Full
APP03833,19,Female,Nairobi,KCSE,P002,Technovation,1/12/2025,Enrolled,
APP03834,24,Female,Mombasa,Certificate,P004,Africa Code Week,2/1/2025,Qualified,No Response
APP03835,20,Female,Nakuru,KCSE,P003,Code Hack,8/24/2024,Enrolled,
APP03836,22,Male,Nairobi,KCSE,P001,STEM Cafe Kenya,6/7/2025,Applied,Gender Mismatch
APP03837,27,Female,Mombasa,KCSE,P004,Africa Code Week,3/2/2024,Enrolled,
APP03838,22,Female,Taita Taveta,Diploma,P006,Mombasa Girls in STEM,1/10/2025,Interviewed,Cohort Full
APP03839,24,Female,Nairobi,Diploma,P003,Code Hack,1/22/2025,Interviewed,Low Interview Score
APP03840,29,Female,Mombasa,Bachelor's,P001,STEM Cafe Kenya,1/2/2025,Applied,Incomplete Application
APP03841,28,Female,Kilifi,Diploma,P004,Africa Code Week,7/8/2024,Enrolled,
APP03842,26,Female,Nairobi,Diploma,P006,Mombasa Girls in STEM,9/21/2025,Enrolled,
APP03843,26,Female,Lamu,KCSE,P004,Africa Code Week,4/5/2025,Applied,Did Not Meet Requirements
APP03844,26,Female,Kisumu,Bachelor's,P002,Technovation,9/18/2024,Qualified,Could Not Be Reached
APP03845,34,Female,Mombasa,Diploma,P007,Women Digital Skills,6/14/2024,Qualified,Could Not Be Reached
APP03846,27,Female,Taita Taveta,KCSE,P004,Africa Code Week,6/29/2025,Applied,Did Not Meet Requirements
APP03847,21,Female,Nakuru,Certificate,P006,Mombasa Girls in STEM,7/23/2025,Interviewed,Low Interview Score
APP03848,34,Female,Nakuru,Diploma,P003,Code Hack,4/8/2025,Interviewed,Low Interview Score
APP03849,24,Female,Kwale,Diploma,P001,STEM Cafe Kenya,6/23/2024,Applied,Did Not Meet Requirements
APP03850,26,Female,Taita Taveta,Diploma,P004,Africa Code Week,6/24/2024,Qualified,Could Not Be Reached
APP03851,23,Female,Mombasa,Diploma,P004,Africa Code Week,3/7/2025,Applied,Did Not Meet Requirements
APP03852,23,Female,Lamu,Bachelor's,P005,Django Girls,2/15/2025,Applied,Did Not Meet Requirements
APP03853,33,Female,Nairobi,Bachelor's,P008,Web Development Classes,8/22/2025,Enrolled,
APP03854,20,Female,Kwale,KCSE,P004,Africa Code Week,4/13/2024,Interviewed,Cohort Full
APP03855,20,Female,Nakuru,Certificate,P001,STEM Cafe Kenya,7/30/2025,Interviewed,Cohort Full
APP03856,23,Female,Kilifi,Diploma,P005,Django Girls,1/5/2025,Applied,Did Not Meet Requirements
APP03857,21,Female,Mombasa,KCSE,P008,Web Development Classes,8/22/2024,Enrolled,
APP03858,35,Female,Tana River,Bachelor's,P003,Code Hack,2/15/2025,Interviewed,Declined Offer
APP03859,18,Female,Mombasa,KCSE,P002,Technovation,6/6/2025,Enrolled,
APP03860,20,Female,Kilifi,KCSE,P003,Code Hack,8/5/2024,Qualified,Interview Slots Full
APP03861,25,Male,Kwale,KCSE,P004,Africa Code Week,9/28/2024,Applied,Gender Mismatch
APP03862,24,Female,Nairobi,Certificate,P006,Mombasa Girls in STEM,4/1/2025,Interviewed,Low Interview Score
APP03863,21,Female,Nairobi,KCSE,P004,Africa Code Week,3/22/2024,Qualified,Could Not Be Reached
APP03864,26,Female,Kilifi,Certificate,P004,Africa Code Week,8/31/2024,Enrolled,
APP03865,28,Male,Nairobi,Diploma,P004,Africa Code Week,2/19/2025,Applied,Gender Mismatch
APP03866,30,Female,Nakuru,Diploma,P008,Web Development Classes,9/23/2024,Qualified,Could Not Be Reached
APP03867,22,Female,Lamu,Certificate,P001,STEM Cafe Kenya,8/8/2024,Qualified,No Response
APP03868,28,Male,Lamu,Bachelor's,P001,STEM Cafe Kenya,6/30/2024,Applied,Gender Mismatch
APP03869,29,Female,Nairobi,Bachelor's,P001,STEM Cafe Kenya,1/13/2025,Qualified,No Response
APP03870,25,Female,Kisumu,Diploma,P005,Django Girls,7/23/2025,Applied,Incomplete Application
APP03871,21,Female,Nairobi,KCSE,P003,Code Hack,1/8/2024,Interviewed,Cohort Full
APP03872,35,Female,Kilifi,Diploma,P004,Africa Code Week,9/2/2025,Qualified,No Response
APP03873,22,Female,Kisumu,KCSE,P001,STEM Cafe Kenya,7/22/2025,Enrolled,
APP03874,33,Female,Kilifi,Bachelor's,P004,Africa Code Week,2/1/2025,Qualified,Could Not Be Reached
APP03875,25,Female,Nakuru,Certificate,P004,Africa Code Week,9/27/2025,Applied,Did Not Meet Requirements
APP03876,19,Female,Nakuru,KCSE,P001,STEM Cafe Kenya,2/29/2024,Qualified,Could Not Be Reached
APP03877,19,Female,Taita Taveta,KCSE,P001,STEM Cafe Kenya,2/3/2025,Enrolled,
APP03878,21,Female,Kisumu,Certificate,P001,STEM Cafe Kenya,3/25/2024,Qualified,Interview Slots Full
APP03879,19,Female,Nairobi,KCSE,P004,Africa Code Week,3/4/2025,Qualified,No Response
APP03880,34,Female,Kisumu,Diploma,P001,STEM Cafe Kenya,8/1/2025,Applied,Incomplete Application
APP03881,27,Male,Nakuru,Certificate,P003,Code Hack,2/5/2024,Applied,Gender Mismatch
APP03882,24,Female,Kwale,Diploma,P008,Web Development Classes,2/5/2024,Interviewed,Declined Offer
APP03883,22,Female,Kilifi,KCSE,P002,Technovation,3/6/2024,Applied,Incomplete Application
APP03884,27,Female,Kisumu,Diploma,P002,Technovation,1/17/2025,Qualified,Interview Slots Full
APP03885,28,Female,Lamu,Bachelor's,P003,Code Hack,7/17/2024,Enrolled,
APP03886,27,Female,Kwale,Diploma,P004,Africa Code Week,7/26/2025,Interviewed,Low Interview Score
APP03887,25,Female,Nakuru,Diploma,P004,Africa Code Week,3/14/2024,Interviewed,Declined Offer
APP03888,21,Male,Nairobi,Certificate,P004,Africa Code Week,9/28/2024,Applied,Gender Mismatch
APP03889,22,Female,Mombasa,Certificate,P004,Africa Code Week,4/5/2025,Qualified,Could Not Be Reached
APP03890,27,Male,Taita Taveta,KCSE,P003,Code Hack,2/2/2024,Applied,Gender Mismatch
APP03891,23,Female,Nakuru,Certificate,P005,Django Girls,8/25/2024,Applied,Incomplete Application
APP03892,27,Female,Kilifi,Diploma,P001,STEM Cafe Kenya,7/8/2024,Interviewed,Declined Offer
APP03893,35,Female,Taita Taveta,Bachelor's,P005,Django Girls,1/11/2024,Applied,Did Not Meet Requirements
APP03894,20,Female,Kisumu,KCSE,P007,Women Digital Skills,6/19/2024,Qualified,No Response
APP03895,18,Female,Kisumu,Certificate,P005,Django Girls,4/10/2025,Enrolled,
APP03896,24,Female,Nairobi,Bachelor's,P005,Django Girls,3/18/2025,Qualified,Could Not Be Reached
APP03897,21,Female,Kilifi,KCSE,P006,Mombasa Girls in STEM,3/14/2025,Qualified,No Response
APP03898,32,Male,Kisumu,Master's,P004,Africa Code Week,8/28/2024,Applied,Gender Mismatch
APP03899,24,Female,Nakuru,Bachelor's,P004,Africa Code Week,9/2/2025,Qualified,No Response
APP03900,19,Female,Kwale,KCSE,P002,Technovation,8/23/2025,Qualified,No Response
APP03901,22,Male,Nairobi,KCSE,P005,Django Girls,3/31/2024,Applied,Gender Mismatch
APP03902,28,Female,Lamu,Bachelor's,P002,Technovation,8/15/2025,Applied,Did Not Meet Requirements
APP03903,33,Female,Tana River,Bachelor's,P004,Africa Code Week,2/29/2024,Qualified,Interview Slots Full
APP03904,20,Female,Kwale,KCSE,P002,Technovation,3/7/2024,Enrolled,
APP03905,21,Female,Tana River,KCSE,P002,Technovation,7/20/2024,Applied,Did Not Meet Requirements
APP03906,31,Male,Kilifi,Bachelor's,P002,Technovation,9/16/2025,Applied,Gender Mismatch
APP03907,22,Female,Kwale,KCSE,P004,Africa Code Week,9/21/2025,Applied,Incomplete Application
APP03908,24,Female,Mombasa,Bachelor's,P001,STEM Cafe Kenya,3/3/2024,Interviewed,Cohort Full
APP03909,27,Male,Mombasa,KCSE,P007,Women Digital Skills,8/8/2024,Applied,Gender Mismatch
APP03910,34,Female,Kilifi,Bachelor's,P001,STEM Cafe Kenya,2/15/2025,Applied,Incomplete Application
APP03911,20,Female,Lamu,KCSE,P008,Web Development Classes,3/25/2024,Qualified,Interview Slots Full
APP03912,19,Male,Kilifi,Diploma,P005,Django Girls,7/17/2025,Applied,Gender Mismatch
APP03913,26,Female,Mombasa,Bachelor's,P003,Code Hack,2/15/2025,Qualified,No Response
APP03914,25,Female,Taita Taveta,Certificate,P002,Technovation,7/3/2025,Applied,Incomplete Application
APP03915,20,Female,Kilifi,KCSE,P002,Technovation,8/7/2025,Applied,Incomplete Application
APP03916,23,Female,Kwale,KCSE,P001,STEM Cafe Kenya,4/23/2024,Applied,Incomplete Application
APP03917,26,Female,Nakuru,Diploma,P006,Mombasa Girls in STEM,6/23/2025,Interviewed,Cohort Full
APP03918,20,Male,Kisumu,KCSE,P004,Africa Code Week,2/6/2024,Applied,Gender Mismatch
APP03919,18,Female,Kwale,KCSE,P005,Django Girls,3/22/2025,Applied,Incomplete Application
APP03920,33,Female,Nakuru,Bachelor's,P003,Code Hack,6/16/2025,Applied,Incomplete Application
APP03921,27,Female,Kisumu,Diploma,P002,Technovation,9/15/2025,Qualified,No Response
APP03922,19,Female,Mombasa,KCSE,P004,Africa Code Week,3/17/2025,Qualified,No Response
APP03923,33,Female,Kwale,Bachelor's,P003,Code Hack,1/20/2025,Qualified,Could Not Be Reached
APP03924,26,Female,Tana River,Certificate,P001,STEM Cafe Kenya,6/27/2024,Qualified,Could Not Be Reached
APP03925,19,Female,Nairobi,KCSE,P003,Code Hack,9/5/2024,Applied,Incomplete Application
APP03926,20,Female,Kwale,KCSE,P005,Django Girls,2/21/2025,Enrolled,
APP03927,19,Female,Taita Taveta,KCSE,P001,STEM Cafe Kenya,7/23/2025,Applied,Incomplete Application
APP03928,23,Female,Nairobi,KCSE,P008,Web Development Classes,7/24/2024,Applied,Incomplete Application
APP03929,18,Female,Kilifi,KCSE,P008,Web Development Classes,4/28/2025,Applied,Did Not Meet Requirements
APP03930,32,Female,Taita Taveta,Bachelor's,P006,Mombasa Girls in STEM,6/27/2024,Applied,Incomplete Application
APP03931,25,Male,Nairobi,Bachelor's,P003,Code Hack,2/3/2024,Applied,Gender Mismatch
APP03932,18,Female,Mombasa,KCSE,P004,Africa Code Week,6/16/2025,Qualified,No Response
APP03933,22,Male,Kilifi,Certificate,P005,Django Girls,1/21/2025,Applied,Gender Mismatch
APP03934,19,Male,Mombasa,KCSE,P002,Technovation,7/15/2025,Applied,Gender Mismatch
APP03935,29,Female,Kwale,Diploma,P001,STEM Cafe Kenya,3/11/2025,Enrolled,
APP03936,20,Female,Lamu,KCSE,P008,Web Development Classes,2/3/2024,Qualified,Interview Slots Full
APP03937,21,Male,Nakuru,Certificate,P004,Africa Code Week,4/21/2025,Applied,Gender Mismatch
APP03938,19,Female,Kwale,Certificate,P005,Django Girls,1/25/2025,Qualified,Could Not Be Reached
APP03939,34,Female,Kisumu,Bachelor's,P003,Code Hack,2/7/2025,Interviewed,Declined Offer
APP03940,23,Female,Kilifi,KCSE,P004,Africa Code Week,2/4/2024,Qualified,Interview Slots Full
APP03941,22,Female,Nairobi,KCSE,P001,STEM Cafe Kenya,8/4/2025,Applied,Incomplete Application
APP03942,33,Female,Nairobi,Bachelor's,P004,Africa Code Week,8/29/2025,Applied,Incomplete Application
APP03943,35,Female,Nakuru,Bachelor's,P001,STEM Cafe Kenya,8/9/2025,Qualified,Could Not Be Reached
APP03944,24,Female,Lamu,Diploma,P002,Technovation,9/8/2025,Interviewed,Cohort Full
APP03945,32,Female,Kisumu,Bachelor's,P002,Technovation,3/19/2025,Qualified,No Response
APP03946,19,Female,Nairobi,Diploma,P005,Django Girls,2/10/2025,Applied,Incomplete Application
APP03947,21,Female,Nakuru,KCSE,P005,Django Girls,8/16/2024,Qualified,Could Not Be Reached
APP03948,21,Female,Mombasa,KCSE,P006,Mombasa Girls in STEM,2/21/2025,Qualified,No Response
APP03949,21,Female,Mombasa,KCSE,P002,Technovation,3/16/2024,Applied,Did Not Meet Requirements
APP03950,18,Female,Nairobi,KCSE,P004,Africa Code Week,1/20/2024,Qualified,Could Not Be Reached
APP03951,34,Female,Kwale,Master's,P004,Africa Code Week,9/29/2024,Enrolled,
APP03952,21,Female,Kwale,KCSE,P004,Africa Code Week,6/7/2024,Applied,Did Not Meet Requirements
APP03953,30,Female,Nakuru,Bachelor's,P007,Women Digital Skills,7/29/2024,Applied,Incomplete Application
APP03954,25,Female,Taita Taveta,Certificate,P008,Web Development Classes,3/27/2024,Applied,Did Not Meet Requirements
APP03955,21,Female,Taita Taveta,KCSE,P004,Africa Code Week,6/27/2025,Qualified,Could Not Be Reached
APP03956,21,Female,Kilifi,KCSE,P001,STEM Cafe Kenya,6/7/2025,Enrolled,
APP03957,32,Female,Kwale,Diploma,P004,Africa Code Week,4/14/2025,Applied,Incomplete Application
APP03958,27,Female,Kwale,KCSE,P001,STEM Cafe Kenya,8/9/2024,Interviewed,Low Interview Score
APP03959,33,Female,Lamu,Bachelor's,P008,Web Development Classes,8/13/2024,Applied,Did Not Meet Requirements
APP03960,20,Female,Nairobi,Certificate,P006,Mombasa Girls in STEM,4/27/2024,Qualified,No Response
APP03961,20,Male,Kwale,KCSE,P004,Africa Code Week,4/24/2025,Applied,Gender Mismatch
APP03962,25,Female,Mombasa,Certificate,P002,Technovation,8/31/2025,Interviewed,Cohort Full
APP03963,19,Female,Kwale,KCSE,P005,Django Girls,2/12/2024,Qualified,Interview Slots Full
APP03964,23,Female,Nairobi,Diploma,P005,Django Girls,7/24/2025,Applied,Did Not Meet Requirements
APP03965,21,Female,Lamu,Certificate,P004,Africa Code Week,6/7/2024,Enrolled,
APP03966,24,Female,Mombasa,Diploma,P002,Technovation,7/3/2025,Qualified,Interview Slots Full
APP03967,19,Female,Mombasa,KCSE,P004,Africa Code Week,9/28/2024,Qualified,No Response
APP03968,18,Female,Lamu,KCSE,P008,Web Development Classes,9/27/2024,Interviewed,Declined Offer
APP03969,24,Female,Kilifi,KCSE,P005,Django Girls,8/21/2025,Applied,Incomplete Application
APP03970,23,Female,Mombasa,Diploma,P004,Africa Code Week,1/1/2025,Applied,Did Not Meet Requirements
APP03971,21,Female,Nairobi,KCSE,P008,Web Development Classes,4/20/2025,Interviewed,Cohort Full
APP03972,35,Female,Kwale,Bachelor's,P007,Women Digital Skills,6/26/2024,Qualified,Could Not Be Reached
APP03973,27,Female,Taita Taveta,Diploma,P001,STEM Cafe Kenya,6/19/2025,Qualified,No Response
APP03974,32,Female,Nairobi,Master's,P004,Africa Code Week,4/9/2025,Enrolled,
APP03975,26,Female,Nairobi,KCSE,P001,STEM Cafe Kenya,6/22/2024,Qualified,Interview Slots Full
APP03976,20,Female,Mombasa,KCSE,P002,Technovation,2/21/2025,Qualified,Could Not Be Reached
APP03977,30,Female,Kisumu,Bachelor's,P005,Django Girls,8/1/2024,Interviewed,Low Interview Score
APP03978,23,Female,Taita Taveta,Diploma,P004,Africa Code Week,8/23/2024,Qualified,Could Not Be Reached
APP03979,24,Female,Mombasa,Certificate,P003,Code Hack,4/3/2024,Qualified,No Response
APP03980,29,Female,Kwale,Bachelor's,P008,Web Development Classes,1/28/2025,Applied,Did Not Meet Requirements
APP03981,26,Female,Mombasa,Diploma,P005,Django Girls,3/18/2024,Interviewed,Low Interview Score
APP03982,32,Female,Taita Taveta,Master's,P001,STEM Cafe Kenya,9/10/2024,Applied,Did Not Meet Requirements
APP03983,25,Female,Taita Taveta,Certificate,P005,Django Girls,7/12/2024,Enrolled,
APP03984,19,Female,Kwale,KCSE,P006,Mombasa Girls in STEM,9/21/2024,Applied,Did Not Meet Requirements
APP03985,28,Female,Kilifi,Bachelor's,P002,Technovation,2/10/2025,Applied,Did Not Meet Requirements
APP03986,24,Female,Nairobi,KCSE,P002,Technovation,4/24/2025,Qualified,Could Not Be Reached
APP03987,26,Female,Lamu,KCSE,P004,Africa Code Week,9/12/2025,Qualified,Interview Slots Full
APP03988,27,Female,Lamu,Diploma,P001,STEM Cafe Kenya,3/8/2024,Enrolled,
APP03989,20,Male,Kisumu,KCSE,P001,STEM Cafe Kenya,3/28/2025,Applied,Gender Mismatch
APP03990,24,Female,Mombasa,Diploma,P002,Technovation,1/17/2024,Qualified,Interview Slots Full
APP03991,20,Female,Mombasa,Certificate,P004,Africa Code Week,8/4/2025,Applied,Incomplete Application
APP03992,20,Female,Mombasa,Diploma,P007,Women Digital Skills,2/25/2024,Qualified,No Response
APP03993,27,Male,Nakuru,KCSE,P001,STEM Cafe Kenya,4/20/2025,Applied,Gender Mismatch
APP03994,27,Female,Kilifi,Bachelor's,P004,Africa Code Week,4/28/2024,Interviewed,Declined Offer
APP03995,20,Female,Nakuru,KCSE,P004,Africa Code Week,4/27/2024,Interviewed,Low Interview Score
APP03996,20,Male,Kwale,Diploma,P002,Technovation,2/21/2024,Applied,Gender Mismatch
APP03997,30,Female,Nakuru,Bachelor's,P002,Technovation,6/18/2025,Applied,Incomplete Application
APP03998,23,Female,Mombasa,Certificate,P002,Technovation,9/25/2024,Qualified,Interview Slots Full
APP03999,25,Female,Tana River,Diploma,P006,Mombasa Girls in STEM,6/22/2024,Applied,Did Not Meet Requirements
APP04000,23,Female,Mombasa,Certificate,P001,STEM Cafe Kenya,1/22/2025,Interviewed,Low Interview Score
APP04001,26,Female,Nakuru,Diploma,P004,Africa Code Week,7/24/2024,Applied,Incomplete Application
APP04002,19,Female,Nairobi,KCSE,P007,Women Digital Skills,7/12/2025,Applied,Did Not Meet Requirements
APP04003,24,Female,Lamu,Diploma,P003,Code Hack,6/9/2024,Applied,Did Not Meet Requirements
APP04004,22,Female,Nairobi,KCSE,P006,Mombasa Girls in STEM,7/9/2025,Qualified,No Response
APP04005,22,Female,Kilifi,KCSE,P004,Africa Code Week,1/2/2025,Applied,Incomplete Application
APP04006,20,Female,Nairobi,KCSE,P003,Code Hack,8/27/2024,Applied,Did Not Meet Requirements
APP04007,31,Female,Mombasa,Master's,P002,Technovation,9/9/2025,Applied,Did Not Meet Requirements
APP04008,35,Female,Kilifi,Bachelor's,P002,Technovation,1/20/2025,Interviewed,Cohort Full
APP04009,26,Female,Mombasa,Diploma,P002,Technovation,9/8/2024,Qualified,Could Not Be Reached
APP04010,31,Female,Kilifi,Bachelor's,P003,Code Hack,9/26/2025,Enrolled,
APP04011,20,Male,Mombasa,Certificate,P006,Mombasa Girls in STEM,4/14/2024,Applied,Gender Mismatch
APP04012,24,Female,Nakuru,Certificate,P001,STEM Cafe Kenya,7/21/2025,Applied,Did Not Meet Requirements
APP04013,27,Female,Nairobi,Certificate,P004,Africa Code Week,6/14/2025,Enrolled,
APP04014,28,Female,Nairobi,Bachelor's,P002,Technovation,8/3/2024,Applied,Incomplete Application
APP04015,22,Male,Tana River,KCSE,P004,Africa Code Week,8/7/2024,Applied,Gender Mismatch
APP04016,18,Female,Nakuru,Certificate,P001,STEM Cafe Kenya,1/28/2024,Applied,Incomplete Application
APP04017,19,Female,Taita Taveta,KCSE,P002,Technovation,3/8/2025,Qualified,Interview Slots Full
APP04018,34,Female,Tana River,Bachelor's,P004,Africa Code Week,2/18/2025,Enrolled,
APP04019,24,Female,Kisumu,Diploma,P004,Africa Code Week,1/19/2024,Interviewed,Cohort Full
APP04020,26,Female,Nairobi,Diploma,P001,STEM Cafe Kenya,3/31/2024,Enrolled,
APP04021,27,Female,Kilifi,Certificate,P007,Women Digital Skills,4/17/2024,Qualified,No Response
APP04022,34,Female,Mombasa,Bachelor's,P003,Code Hack,6/29/2025,Enrolled,
APP04023,21,Female,Kilifi,KCSE,P001,STEM Cafe Kenya,8/16/2024,Enrolled,
APP04024,24,Female,Nairobi,KCSE,P007,Women Digital Skills,7/24/2025,Applied,Did Not Meet Requirements
APP04025,26,Female,Kwale,Certificate,P008,Web Development Classes,9/12/2024,Interviewed,Cohort Full
APP04026,21,Female,Kilifi,KCSE,P007,Women Digital Skills,8/24/2024,Interviewed,Cohort Full
APP04027,20,Male,Nakuru,KCSE,P006,Mombasa Girls in STEM,9/1/2024,Applied,Gender Mismatch
APP04028,21,Female,Kilifi,KCSE,P004,Africa Code Week,7/24/2024,Enrolled,
APP04029,25,Female,Tana River,Certificate,P004,Africa Code Week,4/12/2025,Qualified,Interview Slots Full
APP04030,21,Female,Kisumu,KCSE,P004,Africa Code Week,3/2/2025,Qualified,Interview Slots Full
APP04031,18,Female,Kwale,Certificate,P001,STEM Cafe Kenya,2/28/2024,Applied,Did Not Meet Requirements
APP04032,24,Female,Mombasa,KCSE,P002,Technovation,3/1/2024,Applied,Did Not Meet Requirements
APP04033,20,Female,Mombasa,KCSE,P005,Django Girls,6/15/2025,Qualified,Could Not Be Reached
APP04034,23,Female,Taita Taveta,Diploma,P004,Africa Code Week,4/4/2024,Interviewed,Low Interview Score
APP04035,24,Female,Kisumu,KCSE,P002,Technovation,9/2/2025,Qualified,No Response
APP04036,18,Female,Mombasa,KCSE,P004,Africa Code Week,6/19/2024,Applied,Did Not Meet Requirements
APP04037,24,Female,Nakuru,KCSE,P007,Women Digital Skills,9/2/2024,Qualified,Could Not Be Reached
APP04038,30,Female,Kwale,Bachelor's,P004,Africa Code Week,7/10/2024,Applied,Incomplete Application
APP04039,23,Female,Mombasa,Bachelor's,P003,Code Hack,7/11/2024,Qualified,Interview Slots Full
APP04040,21,Female,Lamu,Diploma,P002,Technovation,2/5/2024,Interviewed,Cohort Full
APP04041,22,Female,Kilifi,KCSE,P001,STEM Cafe Kenya,8/21/2024,Enrolled,
APP04042,29,Female,Kilifi,Bachelor's,P002,Technovation,2/24/2024,Qualified,No Response
APP04043,35,Female,Taita Taveta,Master's,P007,Women Digital Skills,8/30/2024,Qualified,Interview Slots Full
APP04044,20,Female,Kisumu,KCSE,P001,STEM Cafe Kenya,6/19/2024,Enrolled,
APP04045,20,Female,Tana River,KCSE,P004,Africa Code Week,2/13/2024,Qualified,Interview Slots Full
APP04046,22,Female,Nakuru,KCSE,P007,Women Digital Skills,2/14/2025,Qualified,No Response
APP04047,26,Female,Kisumu,Certificate,P002,Technovation,1/3/2025,Enrolled,
APP04048,32,Female,Taita Taveta,Master's,P001,STEM Cafe Kenya,8/26/2024,Applied,Incomplete Application
APP04049,23,Female,Kisumu,Certificate,P008,Web Development Classes,9/2/2025,Interviewed,Declined Offer
APP04050,18,Female,Taita Taveta,KCSE,P001,STEM Cafe Kenya,1/16/2025,Applied,Incomplete Application
APP04051,26,Female,Nairobi,KCSE,P002,Technovation,3/3/2025,Applied,Did Not Meet Requirements
APP04052,26,Female,Nakuru,Certificate,P005,Django Girls,2/15/2025,Applied,Incomplete Application
APP04053,32,Female,Taita Taveta,Bachelor's,P001,STEM Cafe Kenya,7/8/2025,Qualified,Interview Slots Full
APP04054,28,Female,Kisumu,Bachelor's,P005,Django Girls,7/24/2025,Qualified,Could Not Be Reached
APP04055,21,Female,Kwale,KCSE,P003,Code Hack,2/1/2024,Enrolled,
APP04056,30,Female,Mombasa,Diploma,P002,Technovation,9/7/2025,Qualified,No Response
APP04057,22,Female,Nairobi,Certificate,P005,Django Girls,3/11/2025,Interviewed,Low Interview Score
APP04058,21,Male,Tana River,KCSE,P002,Technovation,9/4/2024,Applied,Gender Mismatch
APP04059,18,Female,Nairobi,Certificate,P002,Technovation,3/3/2024,Applied,Did Not Meet Requirements
APP04060,20,Female,Lamu,Diploma,P006,Mombasa Girls in STEM,8/5/2024,Interviewed,Declined Offer
APP04061,26,Female,Nairobi,KCSE,P007,Women Digital Skills,3/25/2025,Enrolled,
APP04062,27,Female,Kwale,Diploma,P001,STEM Cafe Kenya,1/16/2024,Interviewed,Declined Offer
APP04063,27,Female,Lamu,Certificate,P004,Africa Code Week,9/22/2024,Enrolled,
APP04064,19,Female,Kilifi,KCSE,P001,STEM Cafe Kenya,1/2/2024,Interviewed,Cohort Full
APP04065,26,Female,Kilifi,Diploma,P004,Africa Code Week,3/13/2025,Qualified,Could Not Be Reached
APP04066,30,Female,Nairobi,Bachelor's,P001,STEM Cafe Kenya,8/6/2025,Applied,Did Not Meet Requirements
APP04067,25,Female,Nakuru,Certificate,P002,Technovation,7/3/2025,Enrolled,
APP04068,23,Female,Kwale,Certificate,P006,Mombasa Girls in STEM,9/24/2025,Qualified,Interview Slots Full
APP04069,18,Female,Kwale,KCSE,P004,Africa Code Week,4/8/2024,Interviewed,Declined Offer
APP04070,21,Female,Kilifi,KCSE,P006,Mombasa Girls in STEM,4/19/2025,Qualified,No Response
APP04071,21,Male,Taita Taveta,KCSE,P002,Technovation,4/28/2025,Applied,Gender Mismatch
APP04072,19,Female,Kisumu,KCSE,P004,Africa Code Week,7/12/2024,Applied,Did Not Meet Requirements
APP04073,23,Female,Tana River,Diploma,P008,Web Development Classes,3/2/2024,Enrolled,
APP04074,27,Female,Nairobi,Certificate,P001,STEM Cafe Kenya,4/19/2025,Applied,Incomplete Application
APP04075,18,Female,Nairobi,KCSE,P002,Technovation,4/24/2025,Enrolled,
APP04076,35,Female,Nakuru,Bachelor's,P008,Web Development Classes,3/29/2024,Enrolled,
APP04077,25,Female,Lamu,Certificate,P006,Mombasa Girls in STEM,7/22/2024,Qualified,Could Not Be Reached
APP04078,28,Female,Lamu,Bachelor's,P002,Technovation,3/21/2025,Applied,Incomplete Application
APP04079,20,Female,Kwale,KCSE,P001,STEM Cafe Kenya,6/28/2024,Qualified,Could Not Be Reached
APP04080,21,Female,Kisumu,KCSE,P001,STEM Cafe Kenya,4/8/2025,Applied,Did Not Meet Requirements
APP04081,23,Female,Mombasa,Certificate,P001,STEM Cafe Kenya,8/31/2024,Enrolled,
APP04082,29,Female,Kwale,Bachelor's,P006,Mombasa Girls in STEM,2/15/2025,Enrolled,
APP04083,33,Female,Nakuru,Bachelor's,P003,Code Hack,7/16/2025,Applied,Incomplete Application
APP04084,19,Female,Kilifi,Diploma,P007,Women Digital Skills,2/7/2025,Qualified,Could Not Be Reached
APP04085,27,Female,Kwale,Certificate,P004,Africa Code Week,6/6/2025,Applied,Incomplete Application
APP04086,19,Female,Nairobi,KCSE,P002,Technovation,3/2/2024,Interviewed,Cohort Full
APP04087,33,Female,Nakuru,Bachelor's,P003,Code Hack,8/14/2024,Enrolled,
APP04088,25,Female,Nairobi,Certificate,P001,STEM Cafe Kenya,2/11/2024,Applied,Did Not Meet Requirements
APP04089,35,Female,Nakuru,Diploma,P001,STEM Cafe Kenya,4/12/2025,Applied,Incomplete Application
APP04090,30,Female,Mombasa,Diploma,P001,STEM Cafe Kenya,4/12/2024,Qualified,No Response
APP04091,25,Male,Kwale,Certificate,P008,Web Development Classes,3/26/2025,Applied,Gender Mismatch
APP04092,23,Female,Lamu,Bachelor's,P002,Technovation,3/23/2024,Applied,Did Not Meet Requirements
APP04093,31,Female,Nakuru,Bachelor's,P001,STEM Cafe Kenya,7/11/2024,Applied,Did Not Meet Requirements
APP04094,21,Female,Mombasa,KCSE,P004,Africa Code Week,3/20/2025,Qualified,Could Not Be Reached
APP04095,24,Female,Lamu,Certificate,P004,Africa Code Week,1/6/2024,Qualified,Interview Slots Full
APP04096,23,Female,Nairobi,Bachelor's,P003,Code Hack,9/1/2025,Qualified,Interview Slots Full
APP04097,19,Female,Kisumu,KCSE,P008,Web Development Classes,4/28/2025,Enrolled,
APP04098,34,Female,Nakuru,Diploma,P003,Code Hack,6/24/2024,Qualified,No Response
APP04099,20,Female,Lamu,KCSE,P007,Women Digital Skills,4/4/2024,Enrolled,
APP04100,35,Female,Kilifi,Master's,P001,STEM Cafe Kenya,1/8/2025,Enrolled,
APP04101,19,Female,Kilifi,KCSE,P008,Web Development Classes,8/6/2025,Enrolled,
APP04102,29,Female,Nairobi,Master's,P004,Africa Code Week,3/28/2025,Applied,Incomplete Application
APP04103,22,Female,Mombasa,KCSE,P005,Django Girls,6/21/2025,Interviewed,Cohort Full
APP04104,27,Female,Tana River,KCSE,P005,Django Girls,8/16/2024,Applied,Did Not Meet Requirements
APP04105,27,Female,Kisumu,Certificate,P005,Django Girls,7/15/2024,Applied,Did Not Meet Requirements
APP04106,18,Female,Mombasa,Diploma,P005,Django Girls,7/16/2025,Interviewed,Declined Offer
APP04107,25,Female,Lamu,Certificate,P004,Africa Code Week,2/24/2025,Interviewed,Cohort Full
APP04108,22,Female,Kilifi,Certificate,P002,Technovation,4/19/2025,Applied,Did Not Meet Requirements
APP04109,18,Female,Nairobi,Diploma,P004,Africa Code Week,9/6/2024,Qualified,Interview Slots Full
APP04110,22,Female,Kisumu,Certificate,P004,Africa Code Week,2/22/2025,Applied,Did Not Meet Requirements
APP04111,27,Female,Kilifi,Certificate,P006,Mombasa Girls in STEM,2/16/2024,Applied,Did Not Meet Requirements
APP04112,26,Female,Kilifi,Diploma,P005,Django Girls,4/10/2024,Qualified,Interview Slots Full
APP04113,26,Female,Nairobi,Certificate,P001,STEM Cafe Kenya,1/15/2025,Qualified,No Response
APP04114,23,Female,Taita Taveta,Diploma,P006,Mombasa Girls in STEM,1/26/2025,Applied,Did Not Meet Requirements
APP04115,24,Female,Kilifi,Diploma,P008,Web Development Classes,9/12/2024,Applied,Did Not Meet Requirements
APP04116,34,Female,Nakuru,Master's,P004,Africa Code Week,3/30/2024,Applied,Incomplete Application
APP04117,22,Female,Kisumu,Diploma,P003,Code Hack,1/26/2024,Interviewed,Low Interview Score
APP04118,25,Female,Nairobi,KCSE,P006,Mombasa Girls in STEM,2/13/2024,Qualified,No Response
APP04119,18,Female,Kwale,KCSE,P006,Mombasa Girls in STEM,6/5/2025,Qualified,No Response
APP04120,22,Female,Kilifi,Certificate,P003,Code Hack,7/14/2024,Interviewed,Declined Offer
APP04121,24,Female,Kisumu,Certificate,P002,Technovation,4/6/2024,Qualified,Could Not Be Reached
APP04122,27,Female,Kilifi,Certificate,P001,STEM Cafe Kenya,3/5/2025,Qualified,Interview Slots Full
APP04123,20,Male,Mombasa,KCSE,P003,Code Hack,1/20/2025,Applied,Gender Mismatch
APP04124,32,Female,Kisumu,Bachelor's,P001,STEM Cafe Kenya,3/28/2024,Interviewed,Declined Offer
APP04125,24,Female,Taita Taveta,Certificate,P001,STEM Cafe Kenya,9/26/2024,Qualified,Could Not Be Reached
APP04126,29,Female,Kilifi,Bachelor's,P003,Code Hack,2/11/2024,Interviewed,Cohort Full
APP04127,25,Female,Kisumu,Bachelor's,P001,STEM Cafe Kenya,4/20/2025,Interviewed,Low Interview Score
APP04128,26,Female,Nairobi,Diploma,P001,STEM Cafe Kenya,7/8/2024,Enrolled,
APP04129,20,Female,Nairobi,KCSE,P008,Web Development Classes,6/23/2024,Qualified,Interview Slots Full
APP04130,18,Male,Kwale,KCSE,P002,Technovation,3/4/2025,Applied,Gender Mismatch
APP04131,18,Female,Taita Taveta,KCSE,P001,STEM Cafe Kenya,1/20/2024,Applied,Did Not Meet Requirements
APP04132,27,Female,Kilifi,Diploma,P004,Africa Code Week,7/23/2025,Interviewed,Low Interview Score
APP04133,21,Female,Kwale,KCSE,P003,Code Hack,3/6/2025,Interviewed,Cohort Full
APP04134,21,Female,Kilifi,KCSE,P003,Code Hack,4/14/2024,Applied,Did Not Meet Requirements
APP04135,19,Female,Mombasa,KCSE,P005,Django Girls,9/10/2025,Enrolled,
APP04136,30,Female,Kilifi,Bachelor's,P001,STEM Cafe Kenya,3/18/2024,Applied,Did Not Meet Requirements
APP04137,22,Female,Lamu,KCSE,P005,Django Girls,7/24/2024,Applied,Incomplete Application
APP04138,34,Female,Taita Taveta,Master's,P001,STEM Cafe Kenya,1/7/2025,Qualified,Interview Slots Full
APP04139,24,Male,Mombasa,Diploma,P001,STEM Cafe Kenya,6/11/2024,Applied,Gender Mismatch
APP04140,30,Male,Tana River,Bachelor's,P001,STEM Cafe Kenya,6/14/2024,Applied,Gender Mismatch
APP04141,26,Female,Mombasa,Diploma,P005,Django Girls,6/30/2024,Qualified,No Response
APP04142,24,Female,Mombasa,Diploma,P001,STEM Cafe Kenya,3/6/2025,Qualified,Could Not Be Reached
APP04143,25,Female,Kilifi,KCSE,P001,STEM Cafe Kenya,3/9/2025,Qualified,No Response
APP04144,25,Female,Mombasa,KCSE,P001,STEM Cafe Kenya,7/2/2024,Qualified,Could Not Be Reached
APP04145,19,Female,Tana River,Certificate,P006,Mombasa Girls in STEM,4/27/2025,Applied,Incomplete Application
APP04146,26,Female,Nairobi,KCSE,P001,STEM Cafe Kenya,7/2/2025,Interviewed,Cohort Full
APP04147,25,Female,Nakuru,KCSE,P008,Web Development Classes,8/28/2025,Interviewed,Cohort Full
APP04148,21,Female,Kwale,KCSE,P005,Django Girls,7/25/2024,Qualified,Interview Slots Full
APP04149,32,Female,Kisumu,Diploma,P002,Technovation,3/29/2024,Interviewed,Low Interview Score
APP04150,27,Female,Taita Taveta,Bachelor's,P004,Africa Code Week,4/27/2025,Interviewed,Low Interview Score
APP04151,23,Female,Kwale,Diploma,P002,Technovation,7/30/2024,Qualified,Could Not Be Reached
APP04152,26,Female,Nairobi,Diploma,P001,STEM Cafe Kenya,9/26/2025,Applied,Did Not Meet Requirements
APP04153,20,Female,Nakuru,KCSE,P005,Django Girls,6/13/2025,Qualified,No Response
APP04154,21,Female,Nairobi,Certificate,P002,Technovation,7/28/2024,Qualified,Interview Slots Full
APP04155,24,Female,Kilifi,Certificate,P004,Africa Code Week,2/3/2024,Qualified,Could Not Be Reached
APP04156,31,Female,Kisumu,Bachelor's,P004,Africa Code Week,2/8/2025,Enrolled,
APP04157,23,Female,Kilifi,Certificate,P008,Web Development Classes,6/8/2024,Qualified,No Response
APP04158,25,Female,Taita Taveta,KCSE,P001,STEM Cafe Kenya,1/31/2025,Interviewed,Low Interview Score
APP04159,35,Female,Nairobi,Diploma,P005,Django Girls,3/19/2025,Qualified,Could Not Be Reached
APP04160,35,Female,Taita Taveta,Bachelor's,P004,Africa Code Week,4/8/2024,Enrolled,
APP04161,26,Female,Kisumu,Diploma,P008,Web Development Classes,7/24/2024,Applied,Did Not Meet Requirements
APP04162,29,Female,Kilifi,Bachelor's,P003,Code Hack,6/2/2025,Applied,Incomplete Application
APP04163,20,Female,Mombasa,Diploma,P004,Africa Code Week,8/27/2025,Enrolled,
APP04164,24,Female,Mombasa,Diploma,P006,Mombasa Girls in STEM,7/17/2025,Interviewed,Cohort Full
APP04165,23,Female,Kwale,KCSE,P005,Django Girls,2/24/2024,Interviewed,Declined Offer
APP04166,21,Female,Nakuru,Diploma,P002,Technovation,9/5/2024,Interviewed,Declined Offer
APP04167,18,Female,Mombasa,Diploma,P001,STEM Cafe Kenya,8/5/2024,Applied,Incomplete Application
APP04168,18,Female,Mombasa,KCSE,P003,Code Hack,7/13/2024,Enrolled,
APP04169,19,Female,Nairobi,KCSE,P001,STEM Cafe Kenya,4/27/2024,Applied,Incomplete Application
APP04170,24,Female,Kilifi,Bachelor's,P005,Django Girls,8/1/2025,Qualified,Could Not Be Reached
APP04171,21,Female,Kilifi,KCSE,P004,Africa Code Week,9/11/2024,Qualified,Could Not Be Reached
APP04172,21,Female,Kilifi,KCSE,P004,Africa Code Week,9/15/2024,Applied,Incomplete Application
APP04173,22,Female,Mombasa,KCSE,P003,Code Hack,4/3/2024,Qualified,Could Not Be Reached
APP04174,29,Female,Kilifi,Diploma,P003,Code Hack,7/18/2024,Applied,Incomplete Application
APP04175,24,Female,Nakuru,Certificate,P008,Web Development Classes,1/18/2025,Applied,Did Not Meet Requirements
APP04176,33,Female,Mombasa,Bachelor's,P005,Django Girls,8/27/2024,Qualified,Interview Slots Full
APP04177,24,Female,Kisumu,Bachelor's,P008,Web Development Classes,9/4/2025,Qualified,Interview Slots Full
APP04178,21,Female,Nairobi,KCSE,P002,Technovation,2/3/2024,Applied,Incomplete Application
APP04179,21,Female,Taita Taveta,KCSE,P001,STEM Cafe Kenya,8/2/2025,Applied,Incomplete Application
APP04180,31,Male,Tana River,Bachelor's,P004,Africa Code Week,1/17/2025,Applied,Gender Mismatch
APP04181,27,Female,Nakuru,Diploma,P003,Code Hack,2/5/2024,Interviewed,Low Interview Score
APP04182,27,Male,Kwale,Certificate,P001,STEM Cafe Kenya,7/15/2024,Applied,Gender Mismatch
APP04183,31,Male,Nakuru,Bachelor's,P002,Technovation,6/23/2025,Applied,Gender Mismatch
APP04184,21,Female,Nakuru,Certificate,P001,STEM Cafe Kenya,6/2/2024,Enrolled,
APP04185,26,Female,Kilifi,Diploma,P001,STEM Cafe Kenya,2/10/2025,Applied,Did Not Meet Requirements
APP04186,19,Female,Kilifi,Diploma,P007,Women Digital Skills,1/25/2024,Enrolled,
APP04187,21,Female,Kisumu,KCSE,P007,Women Digital Skills,6/24/2024,Applied,Did Not Meet Requirements
APP04188,21,Female,Taita Taveta,KCSE,P007,Women Digital Skills,7/14/2025,Applied,Did Not Meet Requirements
APP04189,27,Female,Tana River,Diploma,P006,Mombasa Girls in STEM,7/19/2025,Applied,Did Not Meet Requirements
APP04190,26,Female,Kwale,KCSE,P001,STEM Cafe Kenya,2/9/2025,Applied,Did Not Meet Requirements
APP04191,26,Female,Nairobi,Diploma,P008,Web Development Classes,2/9/2024,Qualified,Could Not Be Reached
APP04192,21,Female,Tana River,KCSE,P004,Africa Code Week,4/9/2025,Qualified,No Response
APP04193,22,Female,Nairobi,KCSE,P003,Code Hack,1/14/2025,Enrolled,
APP04194,23,Female,Lamu,KCSE,P001,STEM Cafe Kenya,7/25/2025,Qualified,No Response
APP04195,21,Female,Kwale,Certificate,P001,STEM Cafe Kenya,4/22/2024,Interviewed,Declined Offer
APP04196,22,Male,Taita Taveta,KCSE,P002,Technovation,7/9/2025,Applied,Gender Mismatch
APP04197,21,Female,Nairobi,KCSE,P004,Africa Code Week,8/25/2025,Applied,Did Not Meet Requirements
APP04198,20,Male,Nairobi,KCSE,P001,STEM Cafe Kenya,3/23/2025,Applied,Gender Mismatch
APP04199,35,Female,Nairobi,Bachelor's,P001,STEM Cafe Kenya,4/22/2024,Applied,Incomplete Application
APP04200,32,Female,Tana River,Bachelor's,P001,STEM Cafe Kenya,9/19/2024,Applied,Did Not Meet Requirements
APP04201,30,Female,Mombasa,Bachelor's,P007,Women Digital Skills,8/19/2025,Qualified,No Response
APP04202,35,Female,Mombasa,Bachelor's,P001,STEM Cafe Kenya,6/29/2024,Qualified,No Response
APP04203,20,Female,Nairobi,KCSE,P004,Africa Code Week,8/16/2024,Enrolled,
APP04204,21,Female,Lamu,KCSE,P004,Africa Code Week,3/4/2025,Applied,Did Not Meet Requirements
APP04205,26,Female,Tana River,Diploma,P003,Code Hack,1/17/2024,Applied,Incomplete Application
APP04206,19,Female,Nakuru,Certificate,P005,Django Girls,8/10/2024,Qualified,No Response
APP04207,19,Female,Taita Taveta,KCSE,P001,STEM Cafe Kenya,9/8/2024,Qualified,Could Not Be Reached
APP04208,18,Female,Nairobi,KCSE,P003,Code Hack,8/15/2025,Qualified,No Response
APP04209,27,Female,Nakuru,Certificate,P004,Africa Code Week,8/10/2025,Applied,Did Not Meet Requirements
APP04210,26,Female,Mombasa,Certificate,P004,Africa Code Week,3/31/2024,Interviewed,Declined Offer
APP04211,22,Female,Nakuru,KCSE,P002,Technovation,4/8/2025,Interviewed,Cohort Full
APP04212,25,Female,Tana River,KCSE,P001,STEM Cafe Kenya,7/4/2025,Qualified,Could Not Be Reached
APP04213,32,Female,Taita Taveta,Diploma,P008,Web Development Classes,9/11/2024,Qualified,Could Not Be Reached
APP04214,25,Female,Mombasa,Diploma,P003,Code Hack,4/18/2024,Interviewed,Low Interview Score
APP04215,23,Male,Nakuru,Diploma,P003,Code Hack,3/23/2025,Applied,Gender Mismatch
APP04216,21,Female,Kilifi,KCSE,P008,Web Development Classes,1/28/2024,Enrolled,
APP04217,27,Female,Kisumu,Certificate,P002,Technovation,7/3/2024,Qualified,Interview Slots Full
APP04218,20,Female,Lamu,Diploma,P002,Technovation,4/11/2025,Enrolled,
APP04219,29,Female,Kilifi,Diploma,P004,Africa Code Week,2/7/2024,Applied,Incomplete Application
APP04220,18,Female,Mombasa,Diploma,P002,Technovation,9/29/2025,Qualified,Could Not Be Reached
APP04221,25,Female,Mombasa,Certificate,P003,Code Hack,4/16/2024,Applied,Did Not Meet Requirements
APP04222,18,Female,Kisumu,Certificate,P008,Web Development Classes,3/29/2024,Applied,Incomplete Application
APP04223,20,Female,Nairobi,KCSE,P003,Code Hack,2/29/2024,Qualified,No Response
APP04224,27,Female,Mombasa,Certificate,P008,Web Development Classes,1/21/2024,Applied,Did Not Meet Requirements
APP04225,21,Female,Mombasa,Certificate,P002,Technovation,9/2/2025,Applied,Did Not Meet Requirements
APP04226,33,Male,Lamu,Master's,P003,Code Hack,4/21/2025,Applied,Gender Mismatch
APP04227,27,Female,Nairobi,Diploma,P001,STEM Cafe Kenya,7/10/2024,Qualified,No Response
APP04228,24,Male,Mombasa,KCSE,P007,Women Digital Skills,3/21/2025,Applied,Gender Mismatch
APP04229,18,Female,Nakuru,KCSE,P004,Africa Code Week,3/25/2024,Qualified,Could Not Be Reached
APP04230,24,Female,Kilifi,KCSE,P004,Africa Code Week,2/12/2025,Enrolled,
APP04231,24,Female,Mombasa,Certificate,P005,Django Girls,7/13/2024,Qualified,No Response
APP04232,18,Female,Nairobi,KCSE,P008,Web Development Classes,7/7/2025,Qualified,No Response
APP04233,21,Female,Mombasa,KCSE,P008,Web Development Classes,8/26/2025,Enrolled,
APP04234,18,Female,Mombasa,Certificate,P004,Africa Code Week,9/29/2024,Interviewed,Low Interview Score
APP04235,18,Female,Nairobi,KCSE,P001,STEM Cafe Kenya,1/26/2025,Qualified,Could Not Be Reached
APP04236,35,Female,Mombasa,Bachelor's,P004,Africa Code Week,7/18/2025,Qualified,Could Not Be Reached
APP04237,21,Female,Kisumu,Diploma,P004,Africa Code Week,8/15/2025,Qualified,Could Not Be Reached
APP04238,27,Female,Nairobi,Certificate,P004,Africa Code Week,3/28/2024,Interviewed,Cohort Full
APP04239,23,Female,Nairobi,Diploma,P008,Web Development Classes,4/4/2024,Enrolled,
APP04240,20,Female,Nakuru,Certificate,P008,Web Development Classes,8/31/2024,Applied,Incomplete Application
APP04241,29,Female,Nakuru,Bachelor's,P003,Code Hack,2/6/2025,Qualified,Interview Slots Full
APP04242,26,Female,Lamu,Bachelor's,P006,Mombasa Girls in STEM,8/1/2024,Applied,Did Not Meet Requirements
APP04243,27,Female,Nakuru,Diploma,P001,STEM Cafe Kenya,4/1/2025,Qualified,Could Not Be Reached
APP04244,25,Female,Kisumu,Certificate,P007,Women Digital Skills,2/18/2024,Applied,Incomplete Application
APP04245,27,Female,Mombasa,KCSE,P002,Technovation,3/22/2024,Interviewed,Low Interview Score
APP04246,28,Male,Mombasa,Diploma,P003,Code Hack,1/4/2025,Applied,Gender Mismatch
APP04247,18,Female,Nairobi,KCSE,P004,Africa Code Week,8/12/2025,Interviewed,Cohort Full
APP04248,19,Female,Tana River,KCSE,P003,Code Hack,9/6/2024,Applied,Incomplete Application
APP04249,27,Female,Nairobi,Diploma,P007,Women Digital Skills,7/3/2024,Qualified,Interview Slots Full
APP04250,33,Male,Taita Taveta,Diploma,P002,Technovation,8/13/2025,Applied,Gender Mismatch
APP04251,19,Female,Mombasa,KCSE,P002,Technovation,3/25/2025,Qualified,Interview Slots Full
APP04252,35,Female,Nairobi,Bachelor's,P004,Africa Code Week,4/17/2024,Applied,Incomplete Application
APP04253,30,Female,Kilifi,Bachelor's,P004,Africa Code Week,8/25/2024,Qualified,Interview Slots Full
APP04254,22,Female,Kilifi,Certificate,P008,Web Development Classes,1/20/2024,Applied,Incomplete Application
APP04255,33,Male,Taita Taveta,Bachelor's,P005,Django Girls,4/27/2024,Applied,Gender Mismatch
APP04256,32,Female,Lamu,Bachelor's,P005,Django Girls,3/31/2025,Enrolled,
APP04257,23,Female,Kisumu,Diploma,P001,STEM Cafe Kenya,6/1/2024,Applied,Incomplete Application
APP04258,20,Female,Nairobi,Certificate,P003,Code Hack,8/6/2025,Qualified,Interview Slots Full
APP04259,27,Female,Kilifi,Diploma,P004,Africa Code Week,8/3/2025,Qualified,Could Not Be Reached
APP04260,30,Female,Nakuru,Master's,P005,Django Girls,1/3/2024,Applied,Did Not Meet Requirements
APP04261,24,Male,Nakuru,KCSE,P007,Women Digital Skills,9/5/2025,Applied,Gender Mismatch
APP04262,23,Male,Nairobi,Diploma,P003,Code Hack,9/1/2024,Applied,Gender Mismatch
APP04263,26,Female,Lamu,Bachelor's,P004,Africa Code Week,7/27/2024,Applied,Incomplete Application
APP04264,22,Female,Kwale,KCSE,P004,Africa Code Week,2/15/2025,Applied,Did Not Meet Requirements
APP04265,19,Male,Taita Taveta,KCSE,P008,Web Development Classes,9/28/2024,Applied,Gender Mismatch
APP04266,27,Female,Mombasa,KCSE,P001,STEM Cafe Kenya,1/9/2025,Applied,Did Not Meet Requirements
APP04267,25,Female,Mombasa,Diploma,P002,Technovation,9/7/2025,Qualified,Could Not Be Reached
APP04268,23,Female,Nairobi,KCSE,P003,Code Hack,4/6/2025,Applied,Incomplete Application
APP04269,20,Female,Nairobi,KCSE,P007,Women Digital Skills,3/20/2025,Interviewed,Low Interview Score
APP04270,22,Female,Mombasa,KCSE,P002,Technovation,6/19/2024,Applied,Did Not Meet Requirements
APP04271,22,Female,Nairobi,KCSE,P008,Web Development Classes,3/13/2025,Qualified,Could Not Be Reached
APP04272,27,Female,Nakuru,Certificate,P003,Code Hack,2/29/2024,Enrolled,
APP04273,21,Female,Taita Taveta,KCSE,P003,Code Hack,1/12/2024,Applied,Did Not Meet Requirements
APP04274,26,Female,Nakuru,Diploma,P002,Technovation,7/19/2025,Interviewed,Cohort Full
APP04275,35,Female,Kwale,Bachelor's,P002,Technovation,1/24/2024,Qualified,No Response
APP04276,18,Female,Taita Taveta,KCSE,P004,Africa Code Week,6/13/2025,Applied,Incomplete Application
APP04277,21,Female,Kwale,KCSE,P001,STEM Cafe Kenya,6/25/2024,Qualified,No Response
APP04278,20,Female,Mombasa,KCSE,P001,STEM Cafe Kenya,1/10/2024,Interviewed,Cohort Full
APP04279,22,Female,Nairobi,KCSE,P001,STEM Cafe Kenya,7/31/2025,Qualified,Could Not Be Reached
APP04280,21,Female,Kilifi,Diploma,P001,STEM Cafe Kenya,6/15/2024,Qualified,No Response
APP04281,35,Female,Nairobi,Master's,P005,Django Girls,4/1/2025,Enrolled,
APP04282,27,Female,Lamu,Diploma,P001,STEM Cafe Kenya,4/6/2025,Qualified,Could Not Be Reached
APP04283,34,Female,Kisumu,Bachelor's,P008,Web Development Classes,8/31/2024,Applied,Did Not Meet Requirements
APP04284,18,Female,Kwale,KCSE,P008,Web Development Classes,1/22/2025,Applied,Incomplete Application
APP04285,35,Female,Mombasa,Master's,P003,Code Hack,2/29/2024,Qualified,No Response
APP04286,20,Female,Kilifi,KCSE,P004,Africa Code Week,2/7/2025,Enrolled,
APP04287,19,Female,Tana River,KCSE,P004,Africa Code Week,8/8/2024,Applied,Incomplete Application
APP04288,19,Female,Lamu,KCSE,P004,Africa Code Week,8/3/2025,Interviewed,Cohort Full
APP04289,21,Female,Taita Taveta,KCSE,P001,STEM Cafe Kenya,3/14/2025,Applied,Incomplete Application
APP04290,20,Female,Nairobi,KCSE,P004,Africa Code Week,6/19/2024,Qualified,No Response
APP04291,22,Female,Kilifi,Certificate,P001,STEM Cafe Kenya,8/5/2025,Applied,Did Not Meet Requirements
APP04292,25,Female,Kilifi,Diploma,P002,Technovation,9/24/2025,Interviewed,Low Interview Score
APP04293,25,Female,Lamu,Diploma,P005,Django Girls,8/29/2024,Interviewed,Declined Offer
APP04294,18,Female,Nairobi,KCSE,P004,Africa Code Week,9/6/2024,Interviewed,Declined Offer
APP04295,20,Female,Kisumu,Certificate,P006,Mombasa Girls in STEM,8/12/2024,Applied,Did Not Meet Requirements
APP04296,19,Male,Mombasa,Certificate,P001,STEM Cafe Kenya,8/12/2024,Applied,Gender Mismatch
APP04297,34,Male,Kilifi,Diploma,P005,Django Girls,7/28/2025,Applied,Gender Mismatch
APP04298,25,Female,Kisumu,Certificate,P008,Web Development Classes,6/14/2025,Applied,Did Not Meet Requirements
APP04299,19,Male,Nairobi,KCSE,P004,Africa Code Week,6/22/2025,Applied,Gender Mismatch
APP04300,19,Female,Tana River,KCSE,P002,Technovation,2/25/2025,Applied,Incomplete Application
APP04301,33,Female,Mombasa,Bachelor's,P001,STEM Cafe Kenya,4/22/2024,Applied,Did Not Meet Requirements
APP04302,24,Female,Kwale,KCSE,P004,Africa Code Week,8/31/2025,Qualified,Could Not Be Reached
APP04303,21,Male,Nairobi,KCSE,P003,Code Hack,7/19/2025,Applied,Gender Mismatch
APP04304,27,Female,Nairobi,Diploma,P006,Mombasa Girls in STEM,6/19/2024,Applied,Did Not Meet Requirements
APP04305,21,Female,Kisumu,Certificate,P002,Technovation,9/7/2024,Qualified,Could Not Be Reached
APP04306,27,Female,Taita Taveta,Certificate,P001,STEM Cafe Kenya,3/19/2025,Qualified,Interview Slots Full
APP04307,20,Male,Kwale,KCSE,P008,Web Development Classes,8/17/2024,Applied,Gender Mismatch
APP04308,33,Female,Kisumu,Bachelor's,P004,Africa Code Week,2/6/2025,Applied,Incomplete Application
APP04309,26,Female,Nairobi,KCSE,P004,Africa Code Week,3/25/2024,Qualified,Could Not Be Reached
APP04310,21,Female,Nakuru,Certificate,P001,STEM Cafe Kenya,1/17/2025,Enrolled,
APP04311,20,Female,Taita Taveta,KCSE,P002,Technovation,2/20/2025,Interviewed,Low Interview Score
APP04312,25,Female,Mombasa,Diploma,P002,Technovation,7/16/2024,Interviewed,Declined Offer
APP04313,34,Female,Kwale,Diploma,P001,STEM Cafe Kenya,7/13/2025,Interviewed,Declined Offer
APP04314,23,Female,Kisumu,Certificate,P006,Mombasa Girls in STEM,1/25/2025,Interviewed,Low Interview Score
APP04315,20,Female,Taita Taveta,KCSE,P004,Africa Code Week,4/19/2025,Applied,Did Not Meet Requirements
APP04316,18,Female,Mombasa,KCSE,P007,Women Digital Skills,7/24/2024,Applied,Did Not Meet Requirements
APP04317,23,Female,Kwale,KCSE,P004,Africa Code Week,8/8/2024,Interviewed,Cohort Full
APP04318,27,Male,Kwale,Certificate,P002,Technovation,7/12/2025,Applied,Gender Mismatch
APP04319,19,Female,Nairobi,KCSE,P002,Technovation,7/26/2025,Qualified,Could Not Be Reached
APP04320,20,Male,Nakuru,Diploma,P008,Web Development Classes,6/23/2025,Applied,Gender Mismatch
APP04321,23,Female,Kwale,KCSE,P004,Africa Code Week,7/24/2024,Interviewed,Declined Offer
APP04322,23,Female,Tana River,Diploma,P008,Web Development Classes,7/27/2024,Applied,Did Not Meet Requirements
APP04323,21,Female,Kilifi,KCSE,P004,Africa Code Week,6/8/2025,Qualified,Could Not Be Reached
APP04324,19,Female,Nairobi,KCSE,P002,Technovation,9/26/2024,Qualified,Could Not Be Reached
APP04325,27,Female,Mombasa,Certificate,P002,Technovation,9/25/2025,Enrolled,
APP04326,23,Female,Nakuru,KCSE,P005,Django Girls,2/11/2025,Applied,Did Not Meet Requirements
APP04327,24,Female,Tana River,Diploma,P001,STEM Cafe Kenya,4/13/2025,Applied,Did Not Meet Requirements
APP04328,27,Female,Kisumu,KCSE,P002,Technovation,3/16/2025,Enrolled,
APP04329,22,Male,Mombasa,KCSE,P005,Django Girls,6/7/2024,Applied,Gender Mismatch
APP04330,25,Female,Nairobi,Bachelor's,P004,Africa Code Week,3/7/2024,Qualified,Could Not Be Reached
APP04331,34,Female,Tana River,Bachelor's,P002,Technovation,3/8/2025,Qualified,No Response
APP04332,26,Female,Tana River,KCSE,P005,Django Girls,6/15/2025,Applied,Did Not Meet Requirements
APP04333,28,Male,Nakuru,Bachelor's,P005,Django Girls,1/20/2025,Applied,Gender Mismatch
APP04334,18,Female,Kwale,Certificate,P006,Mombasa Girls in STEM,2/4/2025,Qualified,Interview Slots Full
APP04335,19,Female,Kilifi,KCSE,P001,STEM Cafe Kenya,8/26/2025,Qualified,Could Not Be Reached
APP04336,24,Female,Nakuru,Diploma,P005,Django Girls,7/16/2025,Enrolled,
APP04337,20,Female,Nairobi,KCSE,P003,Code Hack,1/19/2024,Qualified,Interview Slots Full
APP04338,34,Female,Kwale,Bachelor's,P007,Women Digital Skills,4/26/2024,Qualified,No Response
APP04339,35,Female,Taita Taveta,Diploma,P004,Africa Code Week,3/23/2025,Interviewed,Cohort Full
APP04340,22,Female,Mombasa,KCSE,P006,Mombasa Girls in STEM,4/20/2025,Enrolled,
APP04341,25,Female,Mombasa,Certificate,P004,Africa Code Week,3/15/2024,Enrolled,
APP04342,20,Female,Mombasa,Certificate,P003,Code Hack,6/20/2024,Qualified,Could Not Be Reached
APP04343,18,Female,Kwale,KCSE,P004,Africa Code Week,2/8/2024,Applied,Incomplete Application
APP04344,25,Female,Mombasa,Certificate,P004,Africa Code Week,9/14/2024,Interviewed,Declined Offer
APP04345,20,Female,Tana River,KCSE,P003,Code Hack,9/25/2025,Qualified,Interview Slots Full
APP04346,25,Female,Kisumu,KCSE,P008,Web Development Classes,8/9/2025,Applied,Incomplete Application
APP04347,21,Male,Nakuru,KCSE,P007,Women Digital Skills,6/26/2025,Applied,Gender Mismatch
APP04348,22,Female,Lamu,KCSE,P008,Web Development Classes,6/26/2025,Enrolled,
APP04349,26,Female,Kisumu,Diploma,P004,Africa Code Week,1/19/2025,Applied,Did Not Meet Requirements
APP04350,27,Female,Kisumu,Certificate,P002,Technovation,2/26/2024,Enrolled,
APP04351,23,Male,Kwale,KCSE,P002,Technovation,7/20/2025,Applied,Gender Mismatch
APP04352,24,Female,Lamu,Diploma,P007,Women Digital Skills,3/21/2024,Applied,Did Not Meet Requirements
APP04353,28,Female,Mombasa,Bachelor's,P004,Africa Code Week,6/9/2024,Qualified,No Response
APP04354,29,Female,Mombasa,Bachelor's,P002,Technovation,4/21/2025,Interviewed,Declined Offer
APP04355,34,Female,Nairobi,Bachelor's,P004,Africa Code Week,7/27/2025,Applied,Did Not Meet Requirements
APP04356,19,Female,Nakuru,KCSE,P006,Mombasa Girls in STEM,9/16/2025,Qualified,Interview Slots Full
APP04357,35,Male,Kisumu,Master's,P003,Code Hack,3/15/2024,Applied,Gender Mismatch
APP04358,23,Female,Nakuru,KCSE,P003,Code Hack,9/12/2024,Interviewed,Declined Offer
APP04359,27,Female,Mombasa,Certificate,P002,Technovation,1/8/2024,Qualified,Could Not Be Reached
APP04360,22,Female,Kilifi,KCSE,P004,Africa Code Week,1/9/2024,Qualified,No Response
APP04361,26,Female,Kisumu,Certificate,P003,Code Hack,2/18/2024,Applied,Did Not Meet Requirements
APP04362,23,Female,Mombasa,Diploma,P006,Mombasa Girls in STEM,8/3/2025,Interviewed,Low Interview Score
APP04363,23,Female,Kilifi,Bachelor's,P005,Django Girls,6/7/2024,Enrolled,
APP04364,21,Female,Mombasa,KCSE,P004,Africa Code Week,6/2/2025,Enrolled,
APP04365,22,Female,Kwale,Certificate,P004,Africa Code Week,3/26/2025,Qualified,No Response
APP04366,23,Female,Nairobi,KCSE,P001,STEM Cafe Kenya,2/22/2024,Interviewed,Cohort Full
APP04367,25,Female,Mombasa,Certificate,P008,Web Development Classes,3/21/2024,Applied,Did Not Meet Requirements
APP04368,26,Female,Mombasa,Certificate,P005,Django Girls,3/7/2024,Qualified,Could Not Be Reached
APP04369,22,Female,Kisumu,Diploma,P002,Technovation,7/25/2025,Applied,Incomplete Application
APP04370,24,Female,Nairobi,Bachelor's,P002,Technovation,4/28/2024,Applied,Did Not Meet Requirements
APP04371,19,Female,Kilifi,Certificate,P003,Code Hack,6/20/2024,Applied,Did Not Meet Requirements
APP04372,26,Female,Nairobi,Diploma,P006,Mombasa Girls in STEM,6/12/2024,Applied,Incomplete Application
APP04373,22,Female,Nairobi,KCSE,P001,STEM Cafe Kenya,6/30/2024,Qualified,No Response
APP04374,26,Female,Kwale,Certificate,P002,Technovation,6/7/2024,Interviewed,Declined Offer
APP04375,18,Female,Nairobi,KCSE,P007,Women Digital Skills,2/27/2025,Interviewed,Cohort Full
APP04376,20,Male,Mombasa,KCSE,P005,Django Girls,8/26/2024,Applied,Gender Mismatch
APP04377,24,Female,Kilifi,KCSE,P006,Mombasa Girls in STEM,4/7/2025,Qualified,No Response
APP04378,23,Female,Kwale,Diploma,P002,Technovation,6/27/2024,Applied,Incomplete Application
APP04379,20,Male,Nairobi,KCSE,P003,Code Hack,1/26/2025,Applied,Gender Mismatch
APP04380,33,Female,Nakuru,Bachelor's,P005,Django Girls,8/17/2024,Applied,Did Not Meet Requirements
APP04381,25,Female,Mombasa,Diploma,P004,Africa Code Week,4/17/2024,Qualified,No Response
APP04382,22,Female,Nairobi,KCSE,P004,Africa Code Week,7/3/2024,Interviewed,Cohort Full
APP04383,20,Female,Nairobi,Certificate,P004,Africa Code Week,8/31/2024,Applied,Incomplete Application
APP04384,27,Female,Mombasa,Diploma,P002,Technovation,1/21/2025,Enrolled,
APP04385,27,Female,Kilifi,Certificate,P008,Web Development Classes,4/7/2025,Applied,Incomplete Application
APP04386,26,Female,Kisumu,Bachelor's,P004,Africa Code Week,8/14/2025,Applied,Incomplete Application
APP04387,21,Female,Kilifi,KCSE,P003,Code Hack,3/31/2025,Qualified,No Response
APP04388,26,Female,Nairobi,Certificate,P001,STEM Cafe Kenya,8/12/2025,Applied,Incomplete Application
APP04389,21,Female,Mombasa,KCSE,P004,Africa Code Week,8/1/2025,Qualified,Interview Slots Full
APP04390,22,Female,Mombasa,Diploma,P004,Africa Code Week,8/31/2025,Interviewed,Low Interview Score
APP04391,18,Female,Lamu,KCSE,P006,Mombasa Girls in STEM,4/1/2024,Qualified,Could Not Be Reached
APP04392,20,Female,Kisumu,Certificate,P004,Africa Code Week,4/5/2024,Interviewed,Low Interview Score
APP04393,21,Female,Lamu,KCSE,P008,Web Development Classes,8/14/2024,Applied,Did Not Meet Requirements
APP04394,20,Female,Nakuru,KCSE,P003,Code Hack,7/8/2024,Qualified,No Response
APP04395,24,Female,Nakuru,Certificate,P001,STEM Cafe Kenya,4/9/2025,Qualified,No Response
APP04396,19,Female,Kisumu,KCSE,P002,Technovation,4/16/2024,Qualified,Interview Slots Full
APP04397,19,Female,Kwale,KCSE,P005,Django Girls,3/24/2024,Enrolled,
APP04398,20,Female,Mombasa,Diploma,P005,Django Girls,4/24/2025,Qualified,Could Not Be Reached
APP04399,18,Male,Mombasa,Certificate,P001,STEM Cafe Kenya,1/29/2025,Applied,Gender Mismatch
APP04400,30,Female,Kisumu,Diploma,P003,Code Hack,4/7/2025,Applied,Incomplete Application
APP04401,22,Female,Kwale,Certificate,P001,STEM Cafe Kenya,7/17/2024,Applied,Did Not Meet Requirements
APP04402,25,Female,Kisumu,KCSE,P004,Africa Code Week,9/3/2025,Qualified,Could Not Be Reached
APP04403,24,Female,Mombasa,Bachelor's,P003,Code Hack,3/20/2025,Applied,Did Not Meet Requirements
APP04404,20,Female,Tana River,KCSE,P003,Code Hack,1/17/2024,Interviewed,Declined Offer
APP04405,34,Female,Kilifi,Bachelor's,P007,Women Digital Skills,4/17/2025,Qualified,Could Not Be Reached
APP04406,27,Male,Mombasa,Diploma,P004,Africa Code Week,9/20/2024,Applied,Gender Mismatch
APP04407,32,Female,Mombasa,Bachelor's,P002,Technovation,3/14/2025,Enrolled,
APP04408,21,Female,Tana River,Diploma,P004,Africa Code Week,9/27/2025,Qualified,No Response
APP04409,23,Female,Mombasa,Bachelor's,P001,STEM Cafe Kenya,8/10/2025,Interviewed,Cohort Full
APP04410,21,Female,Mombasa,KCSE,P003,Code Hack,4/6/2024,Enrolled,
APP04411,23,Male,Nakuru,KCSE,P004,Africa Code Week,1/12/2024,Applied,Gender Mismatch
APP04412,20,Female,Nakuru,Certificate,P004,Africa Code Week,8/8/2025,Qualified,No Response
APP04413,25,Female,Nakuru,Certificate,P001,STEM Cafe Kenya,6/6/2025,Interviewed,Cohort Full
APP04414,21,Female,Mombasa,KCSE,P002,Technovation,2/28/2025,Applied,Did Not Meet Requirements
APP04415,25,Female,Nairobi,Certificate,P004,Africa Code Week,4/24/2025,Qualified,No Response
APP04416,31,Female,Kisumu,Bachelor's,P004,Africa Code Week,1/9/2024,Qualified,Interview Slots Full
APP04417,19,Female,Kilifi,KCSE,P003,Code Hack,1/15/2025,Qualified,No Response
APP04418,24,Female,Tana River,Diploma,P003,Code Hack,4/17/2025,Interviewed,Cohort Full
APP04419,21,Female,Kilifi,KCSE,P005,Django Girls,1/31/2024,Qualified,Could Not Be Reached
APP04420,22,Female,Nairobi,KCSE,P005,Django Girls,3/12/2025,Applied,Did Not Meet Requirements
APP04421,27,Female,Kisumu,KCSE,P008,Web Development Classes,1/29/2025,Qualified,No Response
APP04422,28,Female,Tana River,Bachelor's,P006,Mombasa Girls in STEM,3/3/2025,Qualified,Interview Slots Full
APP04423,34,Female,Kisumu,Bachelor's,P001,STEM Cafe Kenya,4/23/2024,Interviewed,Declined Offer
APP04424,27,Male,Nairobi,Diploma,P002,Technovation,6/23/2025,Applied,Gender Mismatch
APP04425,21,Male,Kilifi,Certificate,P007,Women Digital Skills,1/26/2025,Applied,Gender Mismatch
APP04426,20,Female,Nakuru,KCSE,P004,Africa Code Week,2/29/2024,Qualified,Could Not Be Reached
APP04427,25,Female,Nakuru,KCSE,P004,Africa Code Week,7/5/2024,Enrolled,
APP04428,28,Female,Mombasa,Bachelor's,P003,Code Hack,6/17/2024,Qualified,Interview Slots Full
APP04429,21,Female,Lamu,KCSE,P005,Django Girls,7/27/2025,Applied,Incomplete Application
APP04430,32,Female,Mombasa,Bachelor's,P005,Django Girls,1/22/2024,Interviewed,Cohort Full
APP04431,26,Female,Taita Taveta,Diploma,P001,STEM Cafe Kenya,9/1/2025,Enrolled,
APP04432,19,Female,Mombasa,KCSE,P004,Africa Code Week,2/24/2025,Enrolled,
APP04433,19,Female,Lamu,Certificate,P004,Africa Code Week,6/25/2025,Enrolled,
APP04434,18,Male,Mombasa,Certificate,P005,Django Girls,3/24/2024,Applied,Gender Mismatch
APP04435,25,Female,Mombasa,Bachelor's,P005,Django Girls,7/17/2025,Interviewed,Declined Offer
APP04436,24,Female,Kilifi,Diploma,P008,Web Development Classes,2/24/2025,Interviewed,Low Interview Score
APP04437,24,Female,Taita Taveta,Diploma,P008,Web Development Classes,8/17/2025,Qualified,Interview Slots Full
APP04438,21,Female,Mombasa,Diploma,P006,Mombasa Girls in STEM,3/17/2024,Qualified,Could Not Be Reached
APP04439,21,Female,Kisumu,Certificate,P005,Django Girls,2/11/2025,Qualified,Interview Slots Full
APP04440,29,Female,Tana River,Diploma,P001,STEM Cafe Kenya,4/24/2025,Interviewed,Declined Offer
APP04441,27,Female,Nairobi,Diploma,P001,STEM Cafe Kenya,7/6/2025,Enrolled,
APP04442,31,Female,Nairobi,Diploma,P001,STEM Cafe Kenya,9/12/2025,Qualified,Interview Slots Full
APP04443,21,Male,Nairobi,Diploma,P004,Africa Code Week,9/24/2025,Applied,Gender Mismatch
APP04444,30,Female,Kisumu,Master's,P001,STEM Cafe Kenya,7/12/2025,Qualified,Could Not Be Reached
APP04445,28,Female,Nairobi,Bachelor's,P001,STEM Cafe Kenya,2/11/2025,Enrolled,
APP04446,23,Female,Lamu,KCSE,P005,Django Girls,1/14/2025,Qualified,Interview Slots Full
APP04447,26,Male,Nakuru,Bachelor's,P004,Africa Code Week,6/9/2025,Applied,Gender Mismatch
APP04448,24,Female,Kilifi,Diploma,P008,Web Development Classes,2/17/2024,Enrolled,
APP04449,27,Female,Nakuru,Certificate,P001,STEM Cafe Kenya,6/25/2025,Applied,Incomplete Application
APP04450,21,Female,Nairobi,Certificate,P004,Africa Code Week,8/18/2024,Qualified,No Response
APP04451,18,Female,Kisumu,Diploma,P001,STEM Cafe Kenya,7/25/2025,Applied,Incomplete Application
APP04452,26,Female,Kilifi,Certificate,P002,Technovation,7/2/2024,Enrolled,
APP04453,23,Female,Mombasa,Diploma,P003,Code Hack,9/28/2024,Applied,Did Not Meet Requirements
APP04454,33,Female,Lamu,Diploma,P004,Africa Code Week,1/26/2025,Qualified,Could Not Be Reached
APP04455,27,Female,Kisumu,Certificate,P004,Africa Code Week,7/26/2025,Qualified,Interview Slots Full
APP04456,27,Female,Nakuru,KCSE,P001,STEM Cafe Kenya,8/27/2025,Qualified,Could Not Be Reached
APP04457,21,Male,Lamu,KCSE,P004,Africa Code Week,9/30/2025,Applied,Gender Mismatch
APP04458,26,Female,Nakuru,Diploma,P002,Technovation,1/17/2024,Interviewed,Cohort Full
APP04459,19,Female,Nairobi,KCSE,P005,Django Girls,7/26/2025,Applied,Incomplete Application
APP04460,24,Female,Kisumu,Diploma,P006,Mombasa Girls in STEM,7/29/2024,Applied,Did Not Meet Requirements
APP04461,20,Female,Kisumu,KCSE,P006,Mombasa Girls in STEM,6/28/2024,Applied,Incomplete Application
APP04462,34,Female,Kisumu,Bachelor's,P005,Django Girls,1/19/2025,Enrolled,
APP04463,26,Female,Kilifi,KCSE,P001,STEM Cafe Kenya,4/6/2024,Applied,Did Not Meet Requirements
APP04464,18,Female,Taita Taveta,Diploma,P002,Technovation,7/30/2025,Applied,Did Not Meet Requirements
APP04465,22,Female,Nairobi,Certificate,P005,Django Girls,2/29/2024,Enrolled,
APP04466,18,Female,Kwale,Certificate,P001,STEM Cafe Kenya,4/16/2024,Enrolled,
APP04467,23,Female,Taita Taveta,Certificate,P005,Django Girls,8/28/2025,Applied,Did Not Meet Requirements
APP04468,26,Female,Kilifi,Diploma,P005,Django Girls,1/15/2024,Interviewed,Low Interview Score
APP04469,24,Female,Tana River,Diploma,P002,Technovation,3/24/2025,Applied,Incomplete Application
APP04470,23,Female,Mombasa,Certificate,P002,Technovation,6/26/2025,Interviewed,Cohort Full
APP04471,26,Female,Taita Taveta,Diploma,P001,STEM Cafe Kenya,8/8/2024,Enrolled,
APP04472,21,Female,Kilifi,KCSE,P001,STEM Cafe Kenya,1/3/2025,Qualified,Could Not Be Reached
APP04473,21,Female,Taita Taveta,KCSE,P003,Code Hack,9/22/2024,Applied,Did Not Meet Requirements
APP04474,19,Female,Tana River,KCSE,P005,Django Girls,1/2/2024,Qualified,No Response
APP04475,19,Female,Nakuru,Diploma,P004,Africa Code Week,4/23/2024,Enrolled,
APP04476,24,Female,Taita Taveta,Certificate,P007,Women Digital Skills,1/6/2024,Qualified,Interview Slots Full
APP04477,24,Female,Mombasa,Diploma,P001,STEM Cafe Kenya,3/8/2025,Enrolled,
APP04478,25,Female,Nakuru,Bachelor's,P008,Web Development Classes,8/7/2025,Qualified,Interview Slots Full
APP04479,19,Female,Mombasa,KCSE,P002,Technovation,2/21/2025,Applied,Did Not Meet Requirements
APP04480,22,Female,Mombasa,KCSE,P007,Women Digital Skills,8/9/2025,Qualified,Interview Slots Full
APP04481,22,Female,Tana River,KCSE,P006,Mombasa Girls in STEM,4/19/2025,Interviewed,Declined Offer
APP04482,23,Male,Kisumu,Certificate,P001,STEM Cafe Kenya,2/8/2025,Applied,Gender Mismatch
APP04483,26,Female,Kilifi,Certificate,P008,Web Development Classes,7/2/2025,Qualified,Could Not Be Reached
APP04484,23,Female,Nakuru,Bachelor's,P003,Code Hack,9/6/2025,Interviewed,Cohort Full
APP04485,19,Female,Lamu,Certificate,P004,Africa Code Week,1/7/2025,Applied,Did Not Meet Requirements
APP04486,33,Female,Nakuru,Master's,P003,Code Hack,7/18/2025,Enrolled,
APP04487,34,Female,Taita Taveta,Bachelor's,P008,Web Development Classes,8/14/2024,Qualified,Interview Slots Full
APP04488,24,Female,Nairobi,Diploma,P004,Africa Code Week,4/3/2025,Applied,Incomplete Application
APP04489,29,Female,Kwale,Master's,P001,STEM Cafe Kenya,4/9/2025,Qualified,Interview Slots Full
APP04490,35,Female,Mombasa,Bachelor's,P004,Africa Code Week,8/31/2024,Qualified,Could Not Be Reached
APP04491,23,Female,Lamu,Certificate,P002,Technovation,1/31/2024,Applied,Incomplete Application
APP04492,19,Female,Mombasa,Diploma,P008,Web Development Classes,2/2/2024,Applied,Did Not Meet Requirements
APP04493,27,Female,Kwale,Certificate,P006,Mombasa Girls in STEM,1/28/2024,Interviewed,Low Interview Score
APP04494,23,Female,Kilifi,KCSE,P008,Web Development Classes,3/22/2025,Enrolled,
APP04495,26,Female,Nairobi,Certificate,P008,Web Development Classes,1/14/2024,Interviewed,Declined Offer
APP04496,27,Female,Nairobi,Certificate,P007,Women Digital Skills,9/26/2024,Applied,Incomplete Application
APP04497,22,Female,Kilifi,Certificate,P006,Mombasa Girls in STEM,1/5/2024,Enrolled,
APP04498,26,Female,Mombasa,KCSE,P004,Africa Code Week,8/1/2024,Applied,Did Not Meet Requirements
APP04499,28,Female,Kisumu,Bachelor's,P004,Africa Code Week,4/27/2024,Interviewed,Cohort Full
APP04500,24,Male,Kisumu,Certificate,P003,Code Hack,4/10/2024,Applied,Gender Mismatch
APP04501,23,Female,Kilifi,Certificate,P004,Africa Code Week,1/7/2025,Interviewed,Declined Offer
APP04502,30,Female,Lamu,Bachelor's,P001,STEM Cafe Kenya,6/30/2025,Qualified,Could Not Be Reached
APP04503,22,Female,Tana River,KCSE,P003,Code Hack,2/6/2024,Interviewed,Declined Offer
APP04504,23,Female,Mombasa,Certificate,P005,Django Girls,1/16/2025,Qualified,Could Not Be Reached
APP04505,31,Female,Lamu,Diploma,P001,STEM Cafe Kenya,2/4/2025,Qualified,Could Not Be Reached
APP04506,22,Female,Nairobi,KCSE,P008,Web Development Classes,8/5/2025,Enrolled,
APP04507,25,Female,Nakuru,Diploma,P002,Technovation,7/15/2024,Enrolled,
APP04508,24,Female,Nairobi,Diploma,P003,Code Hack,3/13/2024,Qualified,Could Not Be Reached
APP04509,21,Female,Nakuru,KCSE,P005,Django Girls,9/19/2024,Enrolled,
APP04510,23,Female,Kwale,Diploma,P004,Africa Code Week,9/6/2025,Applied,Did Not Meet Requirements
APP04511,26,Male,Lamu,Diploma,P005,Django Girls,7/28/2024,Applied,Gender Mismatch
APP04512,21,Female,Kwale,KCSE,P001,STEM Cafe Kenya,1/26/2024,Qualified,Could Not Be Reached
APP04513,27,Male,Kilifi,Certificate,P003,Code Hack,4/6/2025,Applied,Gender Mismatch
APP04514,20,Female,Nakuru,Diploma,P005,Django Girls,3/16/2025,Interviewed,Low Interview Score
APP04515,23,Female,Nairobi,KCSE,P001,STEM Cafe Kenya,9/12/2024,Applied,Did Not Meet Requirements
APP04516,24,Female,Kwale,KCSE,P006,Mombasa Girls in STEM,1/8/2025,Applied,Incomplete Application
APP04517,20,Female,Taita Taveta,KCSE,P001,STEM Cafe Kenya,3/12/2025,Applied,Incomplete Application
APP04518,25,Male,Kilifi,Bachelor's,P007,Women Digital Skills,9/27/2025,Applied,Gender Mismatch
APP04519,34,Female,Nakuru,Bachelor's,P004,Africa Code Week,1/31/2025,Enrolled,
APP04520,29,Male,Nakuru,Bachelor's,P005,Django Girls,3/27/2024,Applied,Gender Mismatch
APP04521,19,Female,Kwale,KCSE,P002,Technovation,9/12/2025,Qualified,No Response
APP04522,18,Female,Nairobi,KCSE,P006,Mombasa Girls in STEM,1/29/2024,Applied,Did Not Meet Requirements
APP04523,25,Female,Taita Taveta,Diploma,P001,STEM Cafe Kenya,2/15/2025,Applied,Incomplete Application
APP04524,33,Female,Kilifi,Diploma,P004,Africa Code Week,7/20/2024,Qualified,Interview Slots Full
APP04525,20,Female,Taita Taveta,Certificate,P001,STEM Cafe Kenya,6/1/2025,Qualified,No Response
APP04526,24,Female,Kwale,Certificate,P002,Technovation,7/27/2024,Applied,Incomplete Application
APP04527,21,Female,Mombasa,Diploma,P002,Technovation,9/1/2024,Qualified,No Response
APP04528,20,Female,Taita Taveta,Certificate,P004,Africa Code Week,9/22/2025,Applied,Did Not Meet Requirements
APP04529,27,Female,Nairobi,Certificate,P005,Django Girls,1/22/2024,Interviewed,Cohort Full
APP04530,24,Female,Taita Taveta,KCSE,P002,Technovation,3/27/2025,Qualified,Could Not Be Reached
APP04531,34,Female,Kwale,Bachelor's,P001,STEM Cafe Kenya,2/24/2024,Applied,Did Not Meet Requirements
APP04532,24,Female,Tana River,Certificate,P002,Technovation,1/26/2024,Qualified,No Response
APP04533,26,Male,Kisumu,Diploma,P005,Django Girls,7/28/2024,Applied,Gender Mismatch
APP04534,18,Male,Kilifi,KCSE,P006,Mombasa Girls in STEM,8/9/2025,Applied,Gender Mismatch
APP04535,21,Female,Taita Taveta,KCSE,P001,STEM Cafe Kenya,8/15/2024,Applied,Incomplete Application
APP04536,34,Female,Nairobi,Diploma,P002,Technovation,4/16/2025,Qualified,Could Not Be Reached
APP04537,34,Female,Mombasa,Diploma,P004,Africa Code Week,4/11/2025,Applied,Did Not Meet Requirements
APP04538,33,Female,Lamu,Bachelor's,P004,Africa Code Week,7/26/2025,Enrolled,
APP04539,21,Female,Kilifi,KCSE,P004,Africa Code Week,3/23/2024,Enrolled,
APP04540,18,Female,Taita Taveta,KCSE,P007,Women Digital Skills,8/29/2025,Applied,Incomplete Application
APP04541,25,Male,Mombasa,KCSE,P005,Django Girls,9/13/2025,Applied,Gender Mismatch
APP04542,20,Male,Kilifi,Diploma,P006,Mombasa Girls in STEM,4/9/2025,Applied,Gender Mismatch
APP04543,25,Female,Mombasa,Bachelor's,P001,STEM Cafe Kenya,7/30/2024,Applied,Incomplete Application
APP04544,28,Female,Taita Taveta,Diploma,P004,Africa Code Week,8/13/2025,Interviewed,Low Interview Score
APP04545,19,Female,Lamu,KCSE,P007,Women Digital Skills,9/30/2024,Interviewed,Cohort Full
APP04546,26,Female,Nairobi,KCSE,P001,STEM Cafe Kenya,9/6/2024,Qualified,Could Not Be Reached
APP04547,22,Female,Kilifi,KCSE,P004,Africa Code Week,4/7/2025,Interviewed,Cohort Full
APP04548,32,Female,Tana River,Bachelor's,P006,Mombasa Girls in STEM,4/21/2024,Interviewed,Cohort Full
APP04549,18,Female,Nairobi,Diploma,P008,Web Development Classes,2/14/2024,Qualified,Interview Slots Full
APP04550,21,Female,Tana River,KCSE,P001,STEM Cafe Kenya,3/22/2025,Applied,Incomplete Application
APP04551,28,Female,Kwale,Bachelor's,P004,Africa Code Week,7/15/2024,Enrolled,
APP04552,21,Female,Mombasa,KCSE,P002,Technovation,8/19/2024,Interviewed,Cohort Full
APP04553,23,Female,Mombasa,Certificate,P004,Africa Code Week,2/25/2024,Qualified,Could Not Be Reached
APP04554,21,Male,Kilifi,KCSE,P004,Africa Code Week,8/15/2025,Applied,Gender Mismatch
APP04555,32,Male,Mombasa,Bachelor's,P004,Africa Code Week,3/12/2025,Applied,Gender Mismatch
APP04556,19,Female,Kwale,KCSE,P003,Code Hack,3/2/2025,Qualified,No Response
APP04557,21,Male,Kilifi,KCSE,P001,STEM Cafe Kenya,6/6/2025,Applied,Gender Mismatch
APP04558,21,Female,Nairobi,Diploma,P004,Africa Code Week,1/15/2024,Applied,Incomplete Application
APP04559,26,Male,Nakuru,Diploma,P004,Africa Code Week,6/15/2025,Applied,Gender Mismatch
APP04560,22,Male,Nakuru,KCSE,P002,Technovation,8/13/2025,Applied,Gender Mismatch
APP04561,33,Female,Mombasa,Bachelor's,P004,Africa Code Week,4/12/2025,Applied,Incomplete Application
APP04562,25,Male,Mombasa,Certificate,P001,STEM Cafe Kenya,6/26/2025,Applied,Gender Mismatch
APP04563,21,Female,Nakuru,KCSE,P006,Mombasa Girls in STEM,9/8/2024,Enrolled,
APP04564,24,Female,Kilifi,Certificate,P003,Code Hack,3/29/2025,Applied,Incomplete Application
APP04565,27,Female,Nairobi,KCSE,P008,Web Development Classes,3/1/2025,Applied,Incomplete Application
APP04566,22,Female,Lamu,KCSE,P003,Code Hack,3/12/2025,Qualified,Could Not Be Reached
APP04567,20,Female,Nakuru,KCSE,P004,Africa Code Week,7/24/2024,Qualified,No Response
APP04568,18,Female,Mombasa,KCSE,P008,Web Development Classes,7/31/2025,Enrolled,
APP04569,25,Female,Nairobi,Diploma,P003,Code Hack,6/1/2025,Enrolled,
APP04570,18,Female,Nakuru,KCSE,P005,Django Girls,3/5/2024,Enrolled,
APP04571,24,Male,Mombasa,Diploma,P005,Django Girls,9/1/2025,Applied,Gender Mismatch
APP04572,19,Female,Mombasa,KCSE,P004,Africa Code Week,7/22/2025,Qualified,Could Not Be Reached
APP04573,23,Male,Kwale,KCSE,P004,Africa Code Week,2/26/2025,Applied,Gender Mismatch
APP04574,35,Male,Nairobi,Bachelor's,P007,Women Digital Skills,6/14/2024,Applied,Gender Mismatch
APP04575,20,Female,Nakuru,KCSE,P008,Web Development Classes,3/24/2024,Enrolled,
APP04576,31,Female,Kwale,Master's,P004,Africa Code Week,3/1/2024,Enrolled,
APP04577,18,Female,Kilifi,Certificate,P006,Mombasa Girls in STEM,6/11/2025,Applied,Incomplete Application
APP04578,22,Female,Mombasa,KCSE,P002,Technovation,4/12/2025,Applied,Incomplete Application
APP04579,34,Female,Kilifi,Bachelor's,P004,Africa Code Week,9/29/2025,Qualified,No Response
APP04580,20,Female,Mombasa,KCSE,P006,Mombasa Girls in STEM,3/7/2025,Applied,Did Not Meet Requirements
APP04581,20,Female,Nakuru,KCSE,P008,Web Development Classes,4/7/2025,Enrolled,
APP04582,23,Female,Nakuru,Diploma,P001,STEM Cafe Kenya,9/5/2024,Applied,Did Not Meet Requirements
APP04583,25,Female,Mombasa,Certificate,P004,Africa Code Week,2/18/2024,Applied,Did Not Meet Requirements
APP04584,18,Female,Kwale,Certificate,P001,STEM Cafe Kenya,9/19/2025,Applied,Incomplete Application
APP04585,31,Female,Lamu,Bachelor's,P001,STEM Cafe Kenya,1/14/2025,Applied,Incomplete Application
APP04586,26,Female,Kwale,Bachelor's,P004,Africa Code Week,2/5/2024,Enrolled,
APP04587,23,Female,Nakuru,Diploma,P004,Africa Code Week,7/22/2024,Applied,Incomplete Application
APP04588,18,Male,Kisumu,Diploma,P004,Africa Code Week,9/2/2025,Applied,Gender Mismatch
APP04589,23,Female,Tana River,Certificate,P005,Django Girls,1/17/2025,Interviewed,Declined Offer
APP04590,25,Female,Mombasa,Diploma,P001,STEM Cafe Kenya,1/8/2024,Applied,Did Not Meet Requirements
APP04591,23,Female,Lamu,Certificate,P002,Technovation,6/12/2024,Applied,Incomplete Application
APP04592,21,Female,Kisumu,KCSE,P008,Web Development Classes,4/30/2025,Qualified,No Response
APP04593,19,Female,Nakuru,KCSE,P005,Django Girls,9/27/2025,Qualified,No Response
APP04594,21,Female,Kilifi,Certificate,P002,Technovation,2/4/2024,Interviewed,Declined Offer
APP04595,26,Female,Nairobi,Diploma,P001,STEM Cafe Kenya,7/31/2024,Qualified,Could Not Be Reached
APP04596,34,Female,Nakuru,Master's,P007,Women Digital Skills,1/26/2024,Interviewed,Cohort Full
APP04597,20,Female,Lamu,Diploma,P004,Africa Code Week,2/6/2024,Applied,Did Not Meet Requirements
APP04598,24,Female,Mombasa,Diploma,P003,Code Hack,9/25/2024,Applied,Did Not Meet Requirements
APP04599,27,Female,Lamu,KCSE,P008,Web Development Classes,8/3/2025,Applied,Did Not Meet Requirements
APP04600,23,Female,Kwale,Diploma,P005,Django Girls,7/2/2025,Qualified,Could Not Be Reached
APP04601,27,Female,Taita Taveta,KCSE,P001,STEM Cafe Kenya,6/24/2024,Qualified,No Response
APP04602,27,Female,Mombasa,Certificate,P004,Africa Code Week,7/11/2025,Interviewed,Cohort Full
APP04603,24,Male,Mombasa,Bachelor's,P005,Django Girls,1/30/2025,Applied,Gender Mismatch
APP04604,22,Female,Kilifi,KCSE,P004,Africa Code Week,1/18/2024,Enrolled,
APP04605,18,Female,Kwale,KCSE,P003,Code Hack,2/14/2024,Interviewed,Declined Offer
APP04606,23,Female,Nairobi,Diploma,P002,Technovation,3/9/2024,Applied,Did Not Meet Requirements
APP04607,23,Female,Nakuru,Diploma,P008,Web Development Classes,7/4/2024,Applied,Did Not Meet Requirements
APP04608,18,Female,Mombasa,Certificate,P004,Africa Code Week,6/7/2025,Applied,Did Not Meet Requirements
APP04609,24,Female,Taita Taveta,Certificate,P001,STEM Cafe Kenya,9/2/2025,Qualified,Could Not Be Reached
APP04610,19,Female,Mombasa,KCSE,P002,Technovation,7/5/2024,Qualified,Interview Slots Full
APP04611,21,Female,Mombasa,KCSE,P005,Django Girls,9/10/2025,Enrolled,
APP04612,22,Female,Mombasa,KCSE,P001,STEM Cafe Kenya,9/8/2024,Interviewed,Cohort Full
APP04613,33,Female,Nairobi,Bachelor's,P003,Code Hack,6/3/2025,Interviewed,Low Interview Score
APP04614,35,Female,Lamu,Master's,P004,Africa Code Week,7/22/2025,Enrolled,
APP04615,19,Female,Lamu,KCSE,P003,Code Hack,1/14/2024,Applied,Did Not Meet Requirements
APP04616,22,Female,Mombasa,KCSE,P007,Women Digital Skills,6/28/2025,Qualified,No Response
APP04617,19,Female,Mombasa,KCSE,P007,Women Digital Skills,6/18/2024,Applied,Did Not Meet Requirements
APP04618,27,Female,Mombasa,Diploma,P007,Women Digital Skills,6/30/2024,Applied,Did Not Meet Requirements
APP04619,23,Female,Kwale,KCSE,P002,Technovation,8/16/2024,Applied,Incomplete Application
APP04620,19,Female,Nakuru,Certificate,P007,Women Digital Skills,1/1/2025,Applied,Incomplete Application
APP04621,24,Female,Kwale,Bachelor's,P001,STEM Cafe Kenya,2/27/2025,Applied,Incomplete Application
APP04622,23,Male,Mombasa,Bachelor's,P004,Africa Code Week,4/18/2024,Applied,Gender Mismatch
APP04623,19,Female,Nakuru,KCSE,P004,Africa Code Week,4/20/2025,Applied,Did Not Meet Requirements
APP04624,33,Female,Nakuru,Bachelor's,P004,Africa Code Week,4/16/2025,Qualified,No Response
APP04625,18,Female,Taita Taveta,KCSE,P001,STEM Cafe Kenya,7/21/2024,Applied,Incomplete Application
APP04626,21,Male,Kisumu,Certificate,P001,STEM Cafe Kenya,4/8/2025,Applied,Gender Mismatch
APP04627,26,Female,Kisumu,Diploma,P004,Africa Code Week,3/7/2024,Qualified,No Response
APP04628,19,Female,Nairobi,Diploma,P004,Africa Code Week,2/21/2025,Qualified,Interview Slots Full
APP04629,31,Male,Tana River,Bachelor's,P008,Web Development Classes,8/18/2025,Applied,Gender Mismatch
APP04630,27,Female,Nairobi,Certificate,P002,Technovation,8/17/2024,Applied,Incomplete Application
APP04631,26,Female,Kilifi,KCSE,P005,Django Girls,6/28/2025,Enrolled,
APP04632,18,Female,Mombasa,Diploma,P004,Africa Code Week,2/8/2024,Applied,Did Not Meet Requirements
APP04633,30,Male,Taita Taveta,Diploma,P008,Web Development Classes,2/20/2024,Applied,Gender Mismatch
APP04634,19,Female,Tana River,KCSE,P004,Africa Code Week,7/12/2025,Applied,Incomplete Application
APP04635,23,Female,Nairobi,Certificate,P001,STEM Cafe Kenya,6/28/2025,Applied,Did Not Meet Requirements
APP04636,19,Female,Tana River,Diploma,P001,STEM Cafe Kenya,3/14/2024,Qualified,Interview Slots Full
APP04637,20,Female,Kwale,Certificate,P001,STEM Cafe Kenya,6/29/2024,Enrolled,
APP04638,20,Female,Nakuru,Certificate,P004,Africa Code Week,8/22/2024,Applied,Did Not Meet Requirements
APP04639,30,Female,Kisumu,Diploma,P002,Technovation,2/21/2024,Applied,Did Not Meet Requirements
APP04640,21,Female,Kilifi,KCSE,P003,Code Hack,1/1/2024,Interviewed,Low Interview Score
APP04641,26,Female,Nairobi,Certificate,P002,Technovation,1/30/2025,Qualified,Interview Slots Full
APP04642,30,Female,Nakuru,Diploma,P004,Africa Code Week,9/4/2024,Applied,Did Not Meet Requirements
APP04643,33,Female,Kisumu,Bachelor's,P002,Technovation,8/8/2024,Applied,Did Not Meet Requirements
APP04644,26,Female,Kilifi,Certificate,P003,Code Hack,8/9/2025,Qualified,Could Not Be Reached
APP04645,32,Female,Nakuru,Diploma,P003,Code Hack,1/14/2024,Qualified,Interview Slots Full
APP04646,23,Female,Tana River,Certificate,P002,Technovation,8/15/2024,Qualified,Interview Slots Full
APP04647,24,Female,Lamu,Diploma,P003,Code Hack,6/5/2025,Enrolled,
APP04648,22,Female,Kisumu,KCSE,P004,Africa Code Week,7/8/2024,Qualified,No Response
APP04649,25,Female,Nairobi,Certificate,P008,Web Development Classes,7/20/2025,Applied,Incomplete Application
APP04650,24,Female,Nakuru,Certificate,P003,Code Hack,6/7/2024,Enrolled,
APP04651,24,Female,Taita Taveta,Certificate,P001,STEM Cafe Kenya,4/26/2024,Interviewed,Cohort Full
APP04652,22,Female,Nairobi,KCSE,P004,Africa Code Week,1/16/2025,Interviewed,Low Interview Score
APP04653,31,Female,Mombasa,Bachelor's,P007,Women Digital Skills,6/6/2025,Applied,Incomplete Application
APP04654,20,Male,Mombasa,KCSE,P002,Technovation,9/10/2025,Applied,Gender Mismatch
APP04655,21,Female,Nairobi,KCSE,P007,Women Digital Skills,4/7/2025,Qualified,Could Not Be Reached
APP04656,27,Female,Nairobi,Diploma,P004,Africa Code Week,7/4/2025,Interviewed,Declined Offer
APP04657,24,Female,Kilifi,Diploma,P004,Africa Code Week,4/27/2025,Applied,Did Not Meet Requirements
APP04658,22,Female,Tana River,Diploma,P005,Django Girls,7/25/2025,Applied,Incomplete Application
APP04659,27,Female,Kisumu,KCSE,P005,Django Girls,6/10/2025,Applied,Did Not Meet Requirements
APP04660,23,Female,Tana River,Certificate,P006,Mombasa Girls in STEM,7/13/2024,Interviewed,Cohort Full
APP04661,25,Female,Nairobi,Certificate,P001,STEM Cafe Kenya,4/1/2024,Qualified,Could Not Be Reached
APP04662,31,Female,Nakuru,Bachelor's,P003,Code Hack,9/12/2025,Applied,Did Not Meet Requirements
APP04663,22,Female,Kisumu,Certificate,P001,STEM Cafe Kenya,1/5/2024,Interviewed,Cohort Full
APP04664,24,Female,Mombasa,Certificate,P001,STEM Cafe Kenya,1/20/2024,Qualified,Interview Slots Full
APP04665,24,Female,Kwale,KCSE,P004,Africa Code Week,4/23/2025,Enrolled,
APP04666,23,Female,Tana River,KCSE,P006,Mombasa Girls in STEM,8/22/2024,Qualified,Interview Slots Full
APP04667,26,Female,Nakuru,Certificate,P001,STEM Cafe Kenya,7/3/2024,Qualified,Interview Slots Full
APP04668,27,Female,Nairobi,Diploma,P008,Web Development Classes,2/29/2024,Interviewed,Declined Offer
APP04669,27,Male,Kilifi,Diploma,P004,Africa Code Week,3/10/2025,Applied,Gender Mismatch
APP04670,27,Male,Kisumu,KCSE,P003,Code Hack,7/18/2024,Applied,Gender Mismatch
APP04671,18,Female,Nairobi,KCSE,P005,Django Girls,9/28/2024,Qualified,Could Not Be Reached
APP04672,19,Female,Kilifi,KCSE,P003,Code Hack,6/25/2025,Applied,Incomplete Application
APP04673,24,Female,Mombasa,Diploma,P004,Africa Code Week,6/25/2025,Interviewed,Low Interview Score
APP04674,21,Female,Nairobi,Diploma,P004,Africa Code Week,1/24/2025,Applied,Incomplete Application
APP04675,25,Female,Kwale,Certificate,P004,Africa Code Week,1/23/2024,Qualified,Interview Slots Full
APP04676,31,Female,Kilifi,Bachelor's,P003,Code Hack,8/29/2024,Applied,Did Not Meet Requirements
APP04677,20,Female,Kisumu,KCSE,P003,Code Hack,6/2/2024,Interviewed,Declined Offer
APP04678,34,Female,Nakuru,Master's,P002,Technovation,6/2/2025,Applied,Incomplete Application
APP04679,21,Female,Tana River,Diploma,P001,STEM Cafe Kenya,6/29/2025,Enrolled,
APP04680,18,Female,Kilifi,KCSE,P002,Technovation,8/11/2025,Interviewed,Low Interview Score
APP04681,21,Female,Nairobi,KCSE,P002,Technovation,4/24/2024,Qualified,Could Not Be Reached
APP04682,32,Female,Nakuru,Diploma,P003,Code Hack,8/26/2025,Qualified,Interview Slots Full
APP04683,27,Female,Lamu,Certificate,P006,Mombasa Girls in STEM,8/11/2025,Enrolled,
APP04684,30,Female,Kisumu,Bachelor's,P002,Technovation,9/28/2025,Applied,Did Not Meet Requirements
APP04685,25,Female,Nairobi,Diploma,P002,Technovation,2/19/2024,Qualified,Could Not Be Reached
APP04686,21,Female,Mombasa,KCSE,P001,STEM Cafe Kenya,6/12/2024,Qualified,No Response
APP04687,27,Female,Nairobi,KCSE,P002,Technovation,9/26/2024,Applied,Did Not Meet Requirements
APP04688,19,Female,Mombasa,KCSE,P007,Women Digital Skills,4/1/2025,Applied,Did Not Meet Requirements
APP04689,21,Female,Mombasa,Certificate,P008,Web Development Classes,2/7/2025,Qualified,No Response
APP04690,28,Male,Tana River,Master's,P004,Africa Code Week,6/1/2024,Applied,Gender Mismatch
APP04691,24,Female,Kilifi,Diploma,P001,STEM Cafe Kenya,8/4/2025,Enrolled,
APP04692,19,Female,Mombasa,KCSE,P003,Code Hack,9/12/2025,Applied,Incomplete Application
APP04693,22,Female,Mombasa,KCSE,P008,Web Development Classes,3/15/2024,Applied,Incomplete Application
APP04694,35,Female,Nairobi,Bachelor's,P002,Technovation,6/23/2024,Interviewed,Declined Offer
APP04695,26,Female,Tana River,Diploma,P007,Women Digital Skills,7/5/2025,Applied,Incomplete Application
APP04696,18,Female,Kwale,KCSE,P002,Technovation,4/22/2024,Qualified,Interview Slots Full
APP04697,21,Female,Nairobi,Certificate,P002,Technovation,2/4/2024,Qualified,Interview Slots Full
APP04698,23,Female,Mombasa,Diploma,P003,Code Hack,1/6/2025,Interviewed,Cohort Full
APP04699,23,Female,Mombasa,Certificate,P004,Africa Code Week,1/30/2024,Qualified,Interview Slots Full
APP04700,26,Female,Taita Taveta,Certificate,P001,STEM Cafe Kenya,8/3/2025,Enrolled,
APP04701,34,Female,Kisumu,Bachelor's,P006,Mombasa Girls in STEM,3/9/2024,Applied,Did Not Meet Requirements
APP04702,27,Female,Mombasa,Certificate,P004,Africa Code Week,1/31/2024,Applied,Incomplete Application
APP04703,25,Female,Tana River,KCSE,P004,Africa Code Week,7/8/2025,Qualified,Interview Slots Full
APP04704,21,Female,Mombasa,Diploma,P002,Technovation,4/9/2024,Qualified,Interview Slots Full
APP04705,22,Female,Taita Taveta,Certificate,P008,Web Development Classes,4/5/2025,Interviewed,Cohort Full
APP04706,34,Female,Kwale,Bachelor's,P003,Code Hack,8/27/2025,Qualified,Interview Slots Full
APP04707,22,Female,Mombasa,Certificate,P005,Django Girls,4/7/2025,Interviewed,Low Interview Score
APP04708,34,Female,Taita Taveta,Diploma,P008,Web Development Classes,3/7/2024,Interviewed,Cohort Full
APP04709,22,Female,Mombasa,Certificate,P002,Technovation,8/11/2024,Qualified,Could Not Be Reached
APP04710,19,Female,Kisumu,KCSE,P003,Code Hack,6/28/2024,Qualified,No Response
APP04711,32,Female,Nakuru,Diploma,P008,Web Development Classes,9/24/2025,Qualified,Could Not Be Reached
APP04712,20,Female,Mombasa,Certificate,P003,Code Hack,6/10/2024,Qualified,No Response
APP04713,21,Female,Mombasa,Diploma,P003,Code Hack,8/4/2024,Qualified,Could Not Be Reached
APP04714,22,Female,Nairobi,KCSE,P004,Africa Code Week,6/5/2025,Applied,Incomplete Application
APP04715,25,Male,Nakuru,Diploma,P004,Africa Code Week,9/18/2025,Applied,Gender Mismatch
APP04716,29,Female,Tana River,Diploma,P003,Code Hack,1/5/2024,Enrolled,
APP04717,18,Female,Nakuru,KCSE,P005,Django Girls,8/28/2024,Qualified,Could Not Be Reached
APP04718,23,Male,Nakuru,Diploma,P001,STEM Cafe Kenya,8/22/2025,Applied,Gender Mismatch
APP04719,22,Female,Nakuru,KCSE,P008,Web Development Classes,2/8/2024,Applied,Did Not Meet Requirements
APP04720,20,Female,Mombasa,KCSE,P004,Africa Code Week,3/22/2025,Qualified,No Response
APP04721,22,Female,Taita Taveta,Certificate,P008,Web Development Classes,4/26/2025,Enrolled,
APP04722,24,Female,Kilifi,Diploma,P001,STEM Cafe Kenya,9/5/2024,Applied,Did Not Meet Requirements
APP04723,22,Female,Nairobi,KCSE,P003,Code Hack,8/8/2024,Enrolled,
APP04724,18,Female,Kilifi,Certificate,P004,Africa Code Week,2/15/2024,Interviewed,Cohort Full
APP04725,18,Female,Kwale,Diploma,P002,Technovation,2/6/2025,Qualified,Could Not Be Reached
APP04726,19,Female,Lamu,KCSE,P004,Africa Code Week,1/30/2025,Applied,Did Not Meet Requirements
APP04727,29,Female,Mombasa,Diploma,P004,Africa Code Week,6/5/2025,Applied,Did Not Meet Requirements
APP04728,24,Female,Kilifi,Diploma,P001,STEM Cafe Kenya,6/5/2025,Enrolled,
APP04729,26,Female,Kwale,Certificate,P001,STEM Cafe Kenya,9/9/2024,Applied,Did Not Meet Requirements
APP04730,26,Female,Lamu,KCSE,P008,Web Development Classes,9/30/2024,Applied,Did Not Meet Requirements
APP04731,25,Female,Lamu,Bachelor's,P001,STEM Cafe Kenya,7/14/2025,Enrolled,
APP04732,19,Female,Taita Taveta,KCSE,P001,STEM Cafe Kenya,9/5/2025,Qualified,Interview Slots Full
APP04733,26,Female,Nairobi,Certificate,P001,STEM Cafe Kenya,6/26/2025,Interviewed,Cohort Full
APP04734,22,Female,Mombasa,KCSE,P001,STEM Cafe Kenya,7/19/2025,Applied,Incomplete Application
APP04735,27,Female,Mombasa,Diploma,P004,Africa Code Week,3/23/2024,Qualified,No Response
APP04736,19,Female,Kisumu,Certificate,P001,STEM Cafe Kenya,1/10/2025,Enrolled,
APP04737,22,Female,Nairobi,KCSE,P001,STEM Cafe Kenya,7/30/2025,Qualified,No Response
APP04738,26,Female,Taita Taveta,Diploma,P006,Mombasa Girls in STEM,3/14/2024,Applied,Incomplete Application
APP04739,24,Female,Mombasa,Diploma,P001,STEM Cafe Kenya,8/12/2024,Interviewed,Cohort Full
APP04740,33,Female,Nairobi,Bachelor's,P002,Technovation,2/6/2025,Qualified,Could Not Be Reached
APP04741,19,Female,Kwale,KCSE,P008,Web Development Classes,6/22/2025,Applied,Did Not Meet Requirements
APP04742,22,Female,Mombasa,KCSE,P006,Mombasa Girls in STEM,9/8/2024,Interviewed,Cohort Full
APP04743,19,Male,Kisumu,KCSE,P006,Mombasa Girls in STEM,2/19/2024,Applied,Gender Mismatch
APP04744,22,Female,Kisumu,KCSE,P006,Mombasa Girls in STEM,1/24/2025,Interviewed,Low Interview Score
APP04745,21,Female,Tana River,KCSE,P001,STEM Cafe Kenya,3/20/2024,Applied,Incomplete Application
APP04746,21,Female,Lamu,Diploma,P006,Mombasa Girls in STEM,3/17/2025,Enrolled,
APP04747,20,Female,Nairobi,KCSE,P002,Technovation,2/11/2025,Qualified,No Response
APP04748,19,Female,Kisumu,Certificate,P003,Code Hack,3/26/2024,Qualified,Interview Slots Full
APP04749,19,Female,Mombasa,KCSE,P002,Technovation,3/4/2024,Applied,Did Not Meet Requirements
APP04750,19,Male,Kisumu,KCSE,P001,STEM Cafe Kenya,2/6/2025,Applied,Gender Mismatch
APP04751,24,Female,Nairobi,Certificate,P001,STEM Cafe Kenya,8/7/2024,Applied,Did Not Meet Requirements
APP04752,20,Female,Nakuru,KCSE,P003,Code Hack,9/28/2025,Enrolled,
APP04753,20,Female,Tana River,KCSE,P007,Women Digital Skills,3/4/2024,Qualified,No Response
APP04754,18,Female,Kisumu,KCSE,P002,Technovation,2/19/2025,Applied,Incomplete Application
APP04755,19,Female,Mombasa,Diploma,P005,Django Girls,8/1/2025,Interviewed,Cohort Full
APP04756,26,Female,Mombasa,KCSE,P001,STEM Cafe Kenya,6/8/2024,Applied,Did Not Meet Requirements
APP04757,18,Female,Kwale,KCSE,P004,Africa Code Week,3/9/2025,Applied,Incomplete Application
APP04758,19,Female,Mombasa,KCSE,P003,Code Hack,4/8/2024,Applied,Did Not Meet Requirements
APP04759,18,Female,Kisumu,KCSE,P002,Technovation,1/8/2025,Applied,Did Not Meet Requirements
APP04760,30,Female,Kisumu,Bachelor's,P001,STEM Cafe Kenya,9/29/2024,Applied,Incomplete Application
APP04761,27,Male,Tana River,Diploma,P004,Africa Code Week,1/8/2024,Applied,Gender Mismatch
APP04762,34,Female,Taita Taveta,Bachelor's,P004,Africa Code Week,1/21/2025,Applied,Did Not Meet Requirements
APP04763,33,Female,Kwale,Bachelor's,P006,Mombasa Girls in STEM,4/15/2024,Enrolled,
APP04764,27,Female,Kilifi,KCSE,P005,Django Girls,2/24/2025,Enrolled,
APP04765,19,Female,Kilifi,Certificate,P008,Web Development Classes,9/7/2024,Applied,Incomplete Application
APP04766,23,Male,Kwale,KCSE,P002,Technovation,3/24/2024,Applied,Gender Mismatch
APP04767,22,Female,Nakuru,KCSE,P008,Web Development Classes,4/10/2024,Enrolled,
APP04768,25,Female,Nairobi,KCSE,P004,Africa Code Week,4/8/2024,Applied,Did Not Meet Requirements
APP04769,26,Female,Kwale,Certificate,P002,Technovation,8/9/2024,Applied,Incomplete Application
APP04770,24,Female,Taita Taveta,Bachelor's,P004,Africa Code Week,6/10/2024,Interviewed,Declined Offer
APP04771,21,Female,Lamu,KCSE,P002,Technovation,1/17/2024,Enrolled,
APP04772,32,Female,Nakuru,Bachelor's,P004,Africa Code Week,2/26/2025,Applied,Incomplete Application
APP04773,19,Female,Nairobi,KCSE,P001,STEM Cafe Kenya,3/5/2025,Qualified,No Response
APP04774,20,Female,Mombasa,KCSE,P002,Technovation,7/3/2025,Qualified,No Response
APP04775,19,Female,Mombasa,KCSE,P005,Django Girls,2/27/2025,Applied,Did Not Meet Requirements
APP04776,24,Female,Nakuru,Bachelor's,P004,Africa Code Week,4/7/2024,Applied,Incomplete Application
APP04777,22,Female,Taita Taveta,KCSE,P002,Technovation,1/27/2024,Applied,Incomplete Application
APP04778,22,Female,Taita Taveta,Certificate,P001,STEM Cafe Kenya,7/28/2024,Interviewed,Declined Offer
APP04779,19,Female,Nairobi,KCSE,P004,Africa Code Week,3/31/2025,Enrolled,
APP04780,18,Female,Mombasa,KCSE,P001,STEM Cafe Kenya,8/18/2025,Qualified,Could Not Be Reached
APP04781,30,Female,Nairobi,Master's,P004,Africa Code Week,3/6/2024,Applied,Incomplete Application
APP04782,26,Female,Tana River,Diploma,P006,Mombasa Girls in STEM,8/16/2025,Qualified,No Response
APP04783,20,Female,Kwale,KCSE,P005,Django Girls,3/16/2025,Enrolled,
APP04784,21,Female,Mombasa,KCSE,P008,Web Development Classes,9/13/2024,Qualified,No Response
APP04785,27,Female,Taita Taveta,Diploma,P008,Web Development Classes,4/16/2024,Enrolled,
APP04786,26,Female,Taita Taveta,Diploma,P004,Africa Code Week,8/23/2025,Qualified,No Response
APP04787,22,Female,Kisumu,KCSE,P008,Web Development Classes,6/11/2025,Applied,Did Not Meet Requirements
APP04788,19,Female,Nairobi,Certificate,P003,Code Hack,8/17/2024,Qualified,Interview Slots Full
APP04789,18,Female,Taita Taveta,KCSE,P001,STEM Cafe Kenya,3/10/2024,Qualified,No Response
APP04790,30,Female,Nairobi,Bachelor's,P004,Africa Code Week,7/17/2025,Applied,Did Not Meet Requirements
APP04791,23,Female,Mombasa,Diploma,P001,STEM Cafe Kenya,7/26/2025,Applied,Incomplete Application
APP04792,27,Female,Mombasa,KCSE,P007,Women Digital Skills,6/9/2025,Qualified,Could Not Be Reached
APP04793,30,Female,Nakuru,Master's,P001,STEM Cafe Kenya,1/8/2024,Qualified,No Response
APP04794,24,Female,Mombasa,Certificate,P004,Africa Code Week,1/7/2024,Qualified,Could Not Be Reached
APP04795,18,Female,Mombasa,Certificate,P006,Mombasa Girls in STEM,3/15/2025,Applied,Did Not Meet Requirements
APP04796,20,Female,Kilifi,KCSE,P003,Code Hack,8/21/2025,Enrolled,
APP04797,29,Female,Mombasa,Diploma,P001,STEM Cafe Kenya,8/12/2024,Applied,Did Not Meet Requirements
APP04798,19,Female,Mombasa,KCSE,P008,Web Development Classes,1/15/2025,Applied,Incomplete Application
APP04799,28,Male,Mombasa,Bachelor's,P006,Mombasa Girls in STEM,4/6/2025,Applied,Gender Mismatch
APP04800,18,Female,Lamu,KCSE,P004,Africa Code Week,2/21/2025,Qualified,No Response
APP04801,30,Female,Tana River,Master's,P008,Web Development Classes,2/10/2024,Applied,Incomplete Application
APP04802,28,Female,Kilifi,Bachelor's,P006,Mombasa Girls in STEM,8/13/2024,Applied,Incomplete Application
APP04803,33,Female,Kwale,Diploma,P007,Women Digital Skills,2/5/2024,Interviewed,Low Interview Score
APP04804,18,Female,Nakuru,Diploma,P004,Africa Code Week,3/27/2024,Applied,Incomplete Application
APP04805,19,Female,Kisumu,KCSE,P007,Women Digital Skills,4/23/2024,Interviewed,Declined Offer
APP04806,25,Female,Nakuru,Certificate,P005,Django Girls,8/10/2024,Enrolled,
APP04807,26,Female,Nairobi,Certificate,P008,Web Development Classes,3/1/2025,Qualified,Could Not Be Reached
APP04808,22,Male,Mombasa,KCSE,P007,Women Digital Skills,6/14/2025,Applied,Gender Mismatch
APP04809,25,Female,Tana River,Diploma,P006,Mombasa Girls in STEM,3/13/2025,Applied,Did Not Meet Requirements
APP04810,33,Female,Lamu,Bachelor's,P001,STEM Cafe Kenya,8/8/2025,Qualified,No Response
APP04811,19,Female,Mombasa,KCSE,P004,Africa Code Week,2/19/2025,Enrolled,
APP04812,20,Female,Kilifi,Certificate,P003,Code Hack,6/26/2025,Qualified,No Response
APP04813,19,Female,Nakuru,KCSE,P001,STEM Cafe Kenya,7/23/2024,Qualified,Interview Slots Full
APP04814,34,Female,Kilifi,Diploma,P001,STEM Cafe Kenya,2/5/2025,Qualified,Interview Slots Full
APP04815,24,Female,Taita Taveta,Diploma,P003,Code Hack,2/26/2025,Enrolled,
APP04816,25,Female,Nairobi,KCSE,P003,Code Hack,9/29/2024,Qualified,Interview Slots Full
APP04817,34,Female,Kisumu,Bachelor's,P004,Africa Code Week,7/7/2024,Interviewed,Declined Offer
APP04818,30,Female,Taita Taveta,Bachelor's,P008,Web Development Classes,7/26/2025,Interviewed,Cohort Full
APP04819,21,Female,Kwale,Certificate,P002,Technovation,1/9/2025,Qualified,No Response
APP04820,21,Female,Kisumu,KCSE,P003,Code Hack,2/6/2025,Qualified,Interview Slots Full
APP04821,32,Female,Tana River,Diploma,P005,Django Girls,8/20/2024,Applied,Did Not Meet Requirements
APP04822,19,Female,Nairobi,Certificate,P001,STEM Cafe Kenya,3/2/2024,Interviewed,Low Interview Score
APP04823,26,Female,Tana River,Bachelor's,P001,STEM Cafe Kenya,4/12/2025,Enrolled,
APP04824,27,Female,Nakuru,Certificate,P006,Mombasa Girls in STEM,9/10/2025,Qualified,No Response
APP04825,20,Female,Nakuru,KCSE,P004,Africa Code Week,7/28/2025,Applied,Did Not Meet Requirements
APP04826,34,Female,Nairobi,Diploma,P004,Africa Code Week,6/17/2024,Enrolled,
APP04827,30,Female,Lamu,Master's,P002,Technovation,2/17/2024,Applied,Did Not Meet Requirements
APP04828,19,Male,Kwale,Certificate,P003,Code Hack,7/21/2024,Applied,Gender Mismatch
APP04829,23,Male,Kilifi,Diploma,P005,Django Girls,4/25/2024,Applied,Gender Mismatch
APP04830,23,Female,Mombasa,Diploma,P001,STEM Cafe Kenya,4/6/2024,Enrolled,
APP04831,22,Female,Nairobi,KCSE,P002,Technovation,8/27/2025,Applied,Did Not Meet Requirements
APP04832,19,Female,Mombasa,KCSE,P002,Technovation,4/12/2025,Interviewed,Cohort Full
APP04833,20,Female,Kilifi,KCSE,P005,Django Girls,4/29/2024,Interviewed,Cohort Full
APP04834,20,Female,Nakuru,KCSE,P004,Africa Code Week,2/22/2025,Qualified,No Response
APP04835,29,Female,Nakuru,Bachelor's,P004,Africa Code Week,3/23/2025,Qualified,Interview Slots Full
APP04836,21,Female,Kwale,KCSE,P004,Africa Code Week,7/31/2024,Interviewed,Declined Offer
APP04837,32,Female,Mombasa,Bachelor's,P008,Web Development Classes,8/15/2024,Applied,Incomplete Application
APP04838,19,Female,Nakuru,KCSE,P001,STEM Cafe Kenya,1/2/2025,Qualified,No Response
APP04839,27,Female,Kisumu,Diploma,P002,Technovation,7/16/2024,Qualified,No Response
APP04840,26,Female,Nakuru,Certificate,P003,Code Hack,1/29/2024,Applied,Incomplete Application
APP04841,21,Female,Mombasa,KCSE,P001,STEM Cafe Kenya,8/19/2024,Applied,Did Not Meet Requirements
APP04842,27,Female,Nairobi,Certificate,P004,Africa Code Week,6/21/2025,Interviewed,Declined Offer
APP04843,18,Female,Mombasa,Certificate,P004,Africa Code Week,6/17/2024,Interviewed,Declined Offer
APP04844,19,Female,Mombasa,KCSE,P003,Code Hack,3/13/2024,Enrolled,
APP04845,23,Female,Kilifi,Diploma,P007,Women Digital Skills,8/28/2024,Applied,Incomplete Application
APP04846,18,Female,Kwale,KCSE,P001,STEM Cafe Kenya,3/28/2025,Applied,Did Not Meet Requirements
APP04847,30,Female,Kwale,Master's,P006,Mombasa Girls in STEM,7/10/2024,Applied,Did Not Meet Requirements
APP04848,18,Female,Mombasa,Diploma,P001,STEM Cafe Kenya,7/29/2025,Qualified,No Response
APP04849,24,Male,Mombasa,Bachelor's,P005,Django Girls,4/12/2024,Applied,Gender Mismatch
APP04850,26,Male,Nairobi,Diploma,P004,Africa Code Week,9/21/2025,Applied,Gender Mismatch
APP04851,26,Female,Kilifi,Certificate,P008,Web Development Classes,4/24/2024,Interviewed,Cohort Full
APP04852,21,Female,Nakuru,KCSE,P004,Africa Code Week,7/5/2025,Applied,Incomplete Application
APP04853,28,Female,Tana River,Master's,P004,Africa Code Week,7/26/2024,Interviewed,Low Interview Score
APP04854,19,Female,Lamu,Diploma,P004,Africa Code Week,1/7/2025,Interviewed,Cohort Full
APP04855,32,Female,Kisumu,Bachelor's,P004,Africa Code Week,3/2/2025,Applied,Did Not Meet Requirements
APP04856,23,Female,Lamu,Diploma,P003,Code Hack,9/7/2024,Qualified,Interview Slots Full
APP04857,20,Female,Nakuru,KCSE,P003,Code Hack,4/22/2025,Qualified,Could Not Be Reached
APP04858,26,Female,Nairobi,Diploma,P004,Africa Code Week,3/14/2025,Qualified,Could Not Be Reached
APP04859,18,Female,Taita Taveta,KCSE,P002,Technovation,3/12/2025,Applied,Incomplete Application
APP04860,18,Female,Tana River,KCSE,P004,Africa Code Week,2/4/2024,Qualified,No Response
APP04861,21,Female,Kisumu,KCSE,P003,Code Hack,9/30/2025,Applied,Incomplete Application
APP04862,30,Female,Kilifi,Bachelor's,P007,Women Digital Skills,1/31/2024,Qualified,No Response
APP04863,20,Female,Nairobi,KCSE,P002,Technovation,8/16/2025,Qualified,No Response
APP04864,25,Female,Nairobi,Certificate,P001,STEM Cafe Kenya,4/20/2025,Enrolled,
APP04865,27,Female,Mombasa,Bachelor's,P001,STEM Cafe Kenya,3/7/2025,Enrolled,
APP04866,22,Male,Kwale,KCSE,P004,Africa Code Week,7/8/2025,Applied,Gender Mismatch
APP04867,23,Female,Nairobi,Diploma,P008,Web Development Classes,3/11/2024,Interviewed,Cohort Full
APP04868,34,Female,Mombasa,Diploma,P002,Technovation,4/11/2024,Applied,Did Not Meet Requirements
APP04869,20,Female,Nairobi,Certificate,P001,STEM Cafe Kenya,9/10/2025,Qualified,Interview Slots Full
APP04870,18,Female,Mombasa,Certificate,P004,Africa Code Week,7/31/2025,Qualified,Interview Slots Full
APP04871,24,Female,Lamu,Certificate,P002,Technovation,1/13/2025,Applied,Incomplete Application
APP04872,21,Female,Nakuru,KCSE,P004,Africa Code Week,3/28/2024,Qualified,No Response
APP04873,18,Female,Nairobi,KCSE,P001,STEM Cafe Kenya,1/8/2025,Applied,Incomplete Application
APP04874,20,Female,Kisumu,KCSE,P004,Africa Code Week,3/16/2024,Applied,Incomplete Application
APP04875,18,Female,Lamu,KCSE,P002,Technovation,4/29/2024,Qualified,Interview Slots Full
APP04876,27,Female,Nakuru,KCSE,P002,Technovation,6/15/2024,Applied,Incomplete Application
APP04877,18,Female,Taita Taveta,KCSE,P008,Web Development Classes,7/17/2025,Qualified,Could Not Be Reached
APP04878,26,Female,Lamu,Diploma,P005,Django Girls,8/31/2025,Applied,Did Not Meet Requirements
APP04879,25,Female,Kisumu,Diploma,P006,Mombasa Girls in STEM,7/28/2025,Applied,Did Not Meet Requirements
APP04880,21,Female,Mombasa,KCSE,P007,Women Digital Skills,9/27/2024,Qualified,Interview Slots Full
APP04881,28,Female,Nairobi,Master's,P005,Django Girls,8/29/2025,Applied,Incomplete Application
APP04882,18,Female,Nairobi,KCSE,P002,Technovation,1/26/2025,Interviewed,Cohort Full
APP04883,32,Female,Taita Taveta,Diploma,P004,Africa Code Week,8/27/2024,Applied,Did Not Meet Requirements
APP04884,19,Female,Nairobi,Certificate,P001,STEM Cafe Kenya,2/18/2025,Qualified,Interview Slots Full
APP04885,30,Male,Lamu,Bachelor's,P005,Django Girls,4/6/2024,Applied,Gender Mismatch
APP04886,20,Female,Kilifi,KCSE,P002,Technovation,4/19/2024,Interviewed,Low Interview Score
APP04887,28,Female,Lamu,Diploma,P002,Technovation,6/6/2024,Qualified,No Response
APP04888,21,Female,Mombasa,Diploma,P004,Africa Code Week,8/6/2024,Applied,Incomplete Application
APP04889,21,Female,Nairobi,Diploma,P001,STEM Cafe Kenya,1/26/2024,Applied,Did Not Meet Requirements
APP04890,25,Female,Nairobi,Certificate,P007,Women Digital Skills,2/15/2025,Enrolled,
APP04891,22,Female,Nakuru,KCSE,P003,Code Hack,3/8/2025,Interviewed,Declined Offer
APP04892,22,Male,Mombasa,KCSE,P002,Technovation,1/7/2024,Applied,Gender Mismatch
APP04893,32,Female,Mombasa,Bachelor's,P001,STEM Cafe Kenya,4/25/2025,Enrolled,
APP04894,20,Female,Kilifi,KCSE,P008,Web Development Classes,3/17/2025,Applied,Did Not Meet Requirements
APP04895,23,Female,Nairobi,KCSE,P004,Africa Code Week,4/16/2024,Qualified,Could Not Be Reached
APP04896,26,Female,Nairobi,Bachelor's,P001,STEM Cafe Kenya,6/17/2025,Interviewed,Cohort Full
APP04897,22,Female,Kwale,KCSE,P001,STEM Cafe Kenya,9/3/2025,Qualified,No Response
APP04898,30,Female,Tana River,Bachelor's,P002,Technovation,4/28/2024,Interviewed,Cohort Full
APP04899,25,Female,Lamu,Bachelor's,P004,Africa Code Week,2/16/2025,Applied,Did Not Meet Requirements
APP04900,19,Female,Tana River,KCSE,P007,Women Digital Skills,1/1/2024,Qualified,Interview Slots Full
APP04901,23,Female,Kilifi,KCSE,P006,Mombasa Girls in STEM,2/1/2025,Enrolled,
APP04902,19,Female,Kisumu,KCSE,P001,STEM Cafe Kenya,6/14/2024,Qualified,No Response
APP04903,33,Female,Kilifi,Bachelor's,P001,STEM Cafe Kenya,2/27/2024,Interviewed,Low Interview Score
APP04904,26,Female,Nairobi,KCSE,P001,STEM Cafe Kenya,1/18/2024,Qualified,No Response
APP04905,19,Female,Kilifi,KCSE,P002,Technovation,1/29/2024,Enrolled,
APP04906,23,Female,Tana River,Certificate,P002,Technovation,1/30/2024,Qualified,Could Not Be Reached
APP04907,19,Male,Mombasa,KCSE,P001,STEM Cafe Kenya,7/24/2024,Applied,Gender Mismatch
APP04908,27,Male,Taita Taveta,Bachelor's,P004,Africa Code Week,3/22/2025,Applied,Gender Mismatch
APP04909,26,Female,Mombasa,Certificate,P004,Africa Code Week,2/10/2025,Interviewed,Declined Offer
APP04910,21,Female,Mombasa,Diploma,P001,STEM Cafe Kenya,4/10/2024,Applied,Incomplete Application
APP04911,23,Female,Lamu,Diploma,P003,Code Hack,2/22/2025,Qualified,No Response
APP04912,26,Female,Mombasa,Diploma,P004,Africa Code Week,1/29/2025,Enrolled,
APP04913,26,Female,Nairobi,Certificate,P003,Code Hack,2/18/2025,Enrolled,
APP04914,27,Female,Nakuru,Diploma,P008,Web Development Classes,4/16/2025,Applied,Did Not Meet Requirements
APP04915,18,Female,Kisumu,KCSE,P004,Africa Code Week,6/15/2025,Interviewed,Declined Offer
APP04916,21,Female,Mombasa,KCSE,P006,Mombasa Girls in STEM,3/8/2025,Qualified,No Response
APP04917,18,Female,Nakuru,KCSE,P001,STEM Cafe Kenya,2/13/2024,Interviewed,Declined Offer
APP04918,25,Female,Kwale,Bachelor's,P005,Django Girls,4/24/2025,Applied,Did Not Meet Requirements
APP04919,24,Female,Mombasa,KCSE,P003,Code Hack,2/27/2024,Qualified,No Response
APP04920,25,Female,Nairobi,Certificate,P003,Code Hack,6/30/2024,Applied,Did Not Meet Requirements
APP04921,22,Female,Kilifi,KCSE,P003,Code Hack,9/11/2025,Interviewed,Low Interview Score
APP04922,33,Female,Nakuru,Diploma,P001,STEM Cafe Kenya,9/3/2024,Enrolled,
APP04923,24,Female,Nakuru,Certificate,P008,Web Development Classes,1/11/2024,Enrolled,
APP04924,23,Male,Kilifi,KCSE,P004,Africa Code Week,3/15/2025,Applied,Gender Mismatch
APP04925,30,Female,Lamu,Master's,P004,Africa Code Week,1/18/2025,Applied,Did Not Meet Requirements
APP04926,24,Female,Nairobi,KCSE,P008,Web Development Classes,4/9/2024,Qualified,Could Not Be Reached
APP04927,33,Female,Kisumu,Bachelor's,P005,Django Girls,3/24/2025,Interviewed,Low Interview Score
APP04928,24,Female,Nairobi,Bachelor's,P004,Africa Code Week,2/23/2024,Qualified,Could Not Be Reached
APP04929,27,Female,Nakuru,Certificate,P004,Africa Code Week,8/28/2024,Enrolled,
APP04930,19,Female,Nairobi,KCSE,P001,STEM Cafe Kenya,2/27/2025,Applied,Incomplete Application
APP04931,25,Female,Nairobi,KCSE,P005,Django Girls,4/17/2025,Applied,Incomplete Application
APP04932,35,Female,Nairobi,Diploma,P004,Africa Code Week,8/24/2024,Enrolled,
APP04933,23,Female,Mombasa,Certificate,P004,Africa Code Week,1/28/2024,Interviewed,Declined Offer
APP04934,26,Female,Tana River,Certificate,P001,STEM Cafe Kenya,2/23/2025,Interviewed,Low Interview Score
APP04935,31,Male,Mombasa,Bachelor's,P003,Code Hack,3/11/2025,Applied,Gender Mismatch
APP04936,21,Female,Mombasa,KCSE,P007,Women Digital Skills,4/26/2025,Applied,Incomplete Application
APP04937,26,Female,Kilifi,Certificate,P004,Africa Code Week,6/27/2024,Interviewed,Cohort Full
APP04938,22,Female,Mombasa,KCSE,P001,STEM Cafe Kenya,8/7/2024,Enrolled,
APP04939,22,Female,Kwale,KCSE,P002,Technovation,7/10/2024,Applied,Did Not Meet Requirements
APP04940,32,Female,Nakuru,Diploma,P004,Africa Code Week,1/29/2025,Qualified,No Response
APP04941,21,Female,Nairobi,KCSE,P005,Django Girls,7/14/2025,Qualified,No Response
APP04942,21,Female,Lamu,Certificate,P004,Africa Code Week,6/29/2025,Enrolled,
APP04943,24,Female,Tana River,Certificate,P002,Technovation,7/30/2024,Applied,Incomplete Application
APP04944,31,Female,Mombasa,Master's,P004,Africa Code Week,9/26/2024,Interviewed,Declined Offer
APP04945,24,Female,Kisumu,Certificate,P002,Technovation,1/8/2024,Qualified,Could Not Be Reached
APP04946,20,Female,Kilifi,KCSE,P003,Code Hack,2/7/2025,Enrolled,
APP04947,26,Female,Kisumu,Diploma,P004,Africa Code Week,3/19/2025,Interviewed,Cohort Full
APP04948,28,Female,Mombasa,Bachelor's,P006,Mombasa Girls in STEM,8/29/2025,Qualified,No Response
APP04949,22,Female,Mombasa,KCSE,P005,Django Girls,4/11/2025,Enrolled,
APP04950,33,Male,Nairobi,Diploma,P005,Django Girls,3/15/2024,Applied,Gender Mismatch
APP04951,22,Female,Nakuru,Certificate,P002,Technovation,2/24/2024,Qualified,No Response
APP04952,33,Female,Kwale,Diploma,P003,Code Hack,6/12/2024,Enrolled,
APP04953,19,Female,Nairobi,Certificate,P001,STEM Cafe Kenya,7/12/2024,Interviewed,Cohort Full
APP04954,22,Female,Nakuru,Certificate,P001,STEM Cafe Kenya,7/12/2024,Interviewed,Cohort Full
APP04955,20,Female,Taita Taveta,KCSE,P004,Africa Code Week,8/19/2024,Applied,Incomplete Application
APP04956,21,Female,Nairobi,KCSE,P007,Women Digital Skills,8/15/2025,Applied,Incomplete Application
APP04957,33,Female,Nairobi,Bachelor's,P002,Technovation,7/26/2025,Enrolled,
APP04958,20,Female,Taita Taveta,KCSE,P004,Africa Code Week,8/17/2024,Enrolled,
APP04959,20,Female,Kisumu,KCSE,P007,Women Digital Skills,7/22/2025,Applied,Incomplete Application
APP04960,22,Female,Mombasa,KCSE,P003,Code Hack,3/14/2024,Qualified,No Response
APP04961,25,Female,Kwale,Diploma,P004,Africa Code Week,9/21/2025,Qualified,Could Not Be Reached
APP04962,30,Female,Tana River,Diploma,P005,Django Girls,8/31/2025,Qualified,Could Not Be Reached
APP04963,20,Female,Mombasa,KCSE,P005,Django Girls,9/14/2024,Qualified,Interview Slots Full
APP04964,20,Female,Nairobi,Diploma,P005,Django Girls,4/26/2024,Interviewed,Low Interview Score
APP04965,19,Female,Kisumu,KCSE,P003,Code Hack,2/8/2025,Applied,Incomplete Application
APP04966,22,Female,Kisumu,KCSE,P002,Technovation,6/3/2024,Applied,Incomplete Application
APP04967,34,Female,Nairobi,Bachelor's,P004,Africa Code Week,6/17/2024,Applied,Incomplete Application
APP04968,25,Female,Taita Taveta,Diploma,P007,Women Digital Skills,6/26/2024,Interviewed,Low Interview Score
APP04969,21,Female,Kwale,KCSE,P004,Africa Code Week,7/31/2024,Applied,Incomplete Application
APP04970,21,Male,Mombasa,Certificate,P007,Women Digital Skills,2/20/2025,Applied,Gender Mismatch
APP04971,23,Female,Kwale,Certificate,P004,Africa Code Week,6/28/2024,Qualified,Interview Slots Full
APP04972,20,Male,Kilifi,KCSE,P003,Code Hack,4/5/2024,Applied,Gender Mismatch
APP04973,24,Female,Mombasa,Diploma,P004,Africa Code Week,9/20/2024,Qualified,Could Not Be Reached
APP04974,24,Female,Nakuru,Bachelor's,P003,Code Hack,6/23/2025,Enrolled,
APP04975,24,Male,Nairobi,Certificate,P008,Web Development Classes,2/27/2025,Applied,Gender Mismatch
APP04976,22,Male,Kisumu,KCSE,P003,Code Hack,1/19/2024,Applied,Gender Mismatch
APP04977,19,Male,Mombasa,KCSE,P001,STEM Cafe Kenya,3/15/2024,Applied,Gender Mismatch
APP04978,34,Female,Nakuru,Bachelor's,P004,Africa Code Week,6/23/2025,Qualified,Could Not Be Reached
APP04979,24,Female,Mombasa,Diploma,P001,STEM Cafe Kenya,3/2/2024,Qualified,Could Not Be Reached
APP04980,33,Female,Nairobi,Master's,P004,Africa Code Week,6/26/2025,Qualified,Could Not Be Reached
APP04981,21,Female,Kwale,KCSE,P004,Africa Code Week,9/7/2025,Enrolled,
APP04982,22,Female,Nairobi,Certificate,P006,Mombasa Girls in STEM,2/13/2024,Enrolled,
APP04983,30,Female,Tana River,Bachelor's,P002,Technovation,2/7/2025,Applied,Incomplete Application
APP04984,19,Female,Nairobi,Certificate,P003,Code Hack,7/2/2024,Applied,Did Not Meet Requirements
APP04985,35,Female,Nairobi,Diploma,P008,Web Development Classes,4/23/2024,Applied,Did Not Meet Requirements
APP04986,18,Female,Taita Taveta,Diploma,P001,STEM Cafe Kenya,2/12/2025,Qualified,No Response
APP04987,30,Female,Nairobi,Bachelor's,P006,Mombasa Girls in STEM,4/26/2024,Interviewed,Declined Offer
APP04988,22,Male,Mombasa,KCSE,P002,Technovation,8/29/2025,Applied,Gender Mismatch
APP04989,26,Female,Kwale,Bachelor's,P004,Africa Code Week,6/29/2024,Enrolled,
APP04990,29,Male,Tana River,Master's,P001,STEM Cafe Kenya,8/2/2025,Applied,Gender Mismatch
APP04991,25,Male,Kilifi,KCSE,P004,Africa Code Week,9/14/2025,Applied,Gender Mismatch
APP04992,32,Male,Nairobi,Diploma,P002,Technovation,1/26/2024,Applied,Gender Mismatch
APP04993,27,Female,Kisumu,Certificate,P001,STEM Cafe Kenya,2/24/2025,Qualified,Interview Slots Full
APP04994,34,Female,Taita Taveta,Diploma,P008,Web Development Classes,3/15/2024,Applied,Did Not Meet Requirements
APP04995,26,Female,Nakuru,Diploma,P005,Django Girls,2/6/2024,Enrolled,
APP04996,25,Female,Taita Taveta,Certificate,P006,Mombasa Girls in STEM,9/22/2024,Applied,Incomplete Application
APP04997,20,Female,Mombasa,KCSE,P002,Technovation,3/27/2024,Interviewed,Declined Offer
APP04998,25,Female,Mombasa,Certificate,P005,Django Girls,1/31/2025,Applied,Incomplete Application
APP04999,27,Female,Kwale,Certificate,P001,STEM Cafe Kenya,3/12/2024,Qualified,Interview Slots Full
APP05000,22,Female,Taita Taveta,KCSE,P003,Code Hack,4/25/2024,Applied,Incomplete Application
